source_group,geometry_id,replicate_id,epoch_utc,contact_id,pass_id,satellite_id,site_id,antenna_id,start_rel_seconds,end_rel_seconds,duration_seconds,start_utc,end_utc,boundary_crossing,access_settings_hash,padding_boundary_clipped
JR-SOURCE-r002,DUAL168,r002,2026-11-15T00:00:00Z,JR-DUAL-r002:GS01:A-P01-S01:P0009,GS01:A-P01-S01:P0009,A-P01-S01,GS01,GS01-A1,259051.403294084,259441.191378804,389.788084720,17 Nov 2026 23:57:31.403,18 Nov 2026 00:04:01.191,right,f15eacfea5f4fdf5ab36674c369deeac90ef1324f43cba80f9c6dc879aa792d5,False
JR-SOURCE-r002,DUAL168,r002,2026-11-15T00:00:00Z,JR-DUAL-r002:GS01:A-P01-S03:P0001,GS01:A-P01-S03:P0001,A-P01-S03,GS01,GS01-A1,-119.609331761,215.988168300,335.597500061,14 Nov 2026 23:58:00.391,15 Nov 2026 00:03:35.988,left,f15eacfea5f4fdf5ab36674c369deeac90ef1324f43cba80f9c6dc879aa792d5,False
JR-SOURCE-r002,DUAL168,r002,2026-11-15T00:00:00Z,JR-DUAL-r002:GS01:A-P05-S06:P0001,GS01:A-P05-S06:P0001,A-P05-S06,GS01,GS01-A1,-193.096263470,135.611928081,328.708191551,14 Nov 2026 23:56:46.904,15 Nov 2026 00:02:15.612,left,f15eacfea5f4fdf5ab36674c369deeac90ef1324f43cba80f9c6dc879aa792d5,False
JR-SOURCE-r002,DUAL168,r002,2026-11-15T00:00:00Z,JR-DUAL-r002:GS01:B-P01-S03:P0011,GS01:B-P01-S03:P0011,B-P01-S03,GS01,GS01-A1,258757.317049620,259459.987506538,702.670456918,17 Nov 2026 23:52:37.317,18 Nov 2026 00:04:19.988,right,f15eacfea5f4fdf5ab36674c369deeac90ef1324f43cba80f9c6dc879aa792d5,False
JR-SOURCE-r002,DUAL168,r002,2026-11-15T00:00:00Z,JR-DUAL-r002:GS01:B-P01-S06:P0001,GS01:B-P01-S06:P0001,B-P01-S06,GS01,GS01-A1,-423.369443815,160.359281513,583.728725328,14 Nov 2026 23:52:56.631,15 Nov 2026 00:02:40.359,left,f15eacfea5f4fdf5ab36674c369deeac90ef1324f43cba80f9c6dc879aa792d5,False
JR-SOURCE-r002,DUAL168,r002,2026-11-15T00:00:00Z,JR-DUAL-r002:GS01:B-P05-S04:P0012,GS01:B-P05-S04:P0012,B-P05-S04,GS01,GS01-A1,259129.109609185,259824.318259160,695.208649975,17 Nov 2026 23:58:49.110,18 Nov 2026 00:10:24.318,right,f15eacfea5f4fdf5ab36674c369deeac90ef1324f43cba80f9c6dc879aa792d5,False
JR-SOURCE-r002,DUAL168,r002,2026-11-15T00:00:00Z,JR-DUAL-r002:GS01:B-P05-S05:P0012,GS01:B-P05-S05:P0012,B-P05-S05,GS01,GS01-A1,258588.319994723,259262.823778681,674.503783958,17 Nov 2026 23:49:48.320,18 Nov 2026 00:01:02.824,right,f15eacfea5f4fdf5ab36674c369deeac90ef1324f43cba80f9c6dc879aa792d5,False
JR-SOURCE-r002,DUAL168,r002,2026-11-15T00:00:00Z,JR-DUAL-r002:GS01:B-P05-S07:P0001,GS01:B-P05-S07:P0001,B-P05-S07,GS01,GS01-A1,-71.912155648,496.151734474,568.063890122,14 Nov 2026 23:58:48.088,15 Nov 2026 00:08:16.152,left,f15eacfea5f4fdf5ab36674c369deeac90ef1324f43cba80f9c6dc879aa792d5,False
JR-SOURCE-r002,DUAL168,r002,2026-11-15T00:00:00Z,JR-DUAL-r002:GS02:A-P01-S01:P0009,GS02:A-P01-S01:P0009,A-P01-S01,GS02,GS02-A1,259146.524112133,259472.626970529,326.102858396,17 Nov 2026 23:59:06.524,18 Nov 2026 00:04:32.627,right,f15eacfea5f4fdf5ab36674c369deeac90ef1324f43cba80f9c6dc879aa792d5,False
JR-SOURCE-r002,DUAL168,r002,2026-11-15T00:00:00Z,JR-DUAL-r002:GS02:A-P01-S03:P0001,GS02:A-P01-S03:P0001,A-P01-S03,GS02,GS02-A1,-97.467027019,299.889271778,397.356298797,14 Nov 2026 23:58:22.533,15 Nov 2026 00:04:59.889,left,f15eacfea5f4fdf5ab36674c369deeac90ef1324f43cba80f9c6dc879aa792d5,False
JR-SOURCE-r002,DUAL168,r002,2026-11-15T00:00:00Z,JR-DUAL-r002:GS02:A-P05-S06:P0001,GS02:A-P05-S06:P0001,A-P05-S06,GS02,GS02-A1,-44.025118653,85.550300324,129.575418977,14 Nov 2026 23:59:15.975,15 Nov 2026 00:01:25.550,left,f15eacfea5f4fdf5ab36674c369deeac90ef1324f43cba80f9c6dc879aa792d5,False
JR-SOURCE-r002,DUAL168,r002,2026-11-15T00:00:00Z,JR-DUAL-r002:GS02:B-P01-S03:P0011,GS02:B-P01-S03:P0011,B-P01-S03,GS02,GS02-A1,258780.978896022,259498.440963556,717.462067534,17 Nov 2026 23:53:00.979,18 Nov 2026 00:04:58.441,right,f15eacfea5f4fdf5ab36674c369deeac90ef1324f43cba80f9c6dc879aa792d5,False
JR-SOURCE-r002,DUAL168,r002,2026-11-15T00:00:00Z,JR-DUAL-r002:GS02:B-P01-S06:P0001,GS02:B-P01-S06:P0001,B-P01-S06,GS02,GS02-A1,-446.669038452,232.336956598,679.005995050,14 Nov 2026 23:52:33.331,15 Nov 2026 00:03:52.337,left,f15eacfea5f4fdf5ab36674c369deeac90ef1324f43cba80f9c6dc879aa792d5,False
JR-SOURCE-r002,DUAL168,r002,2026-11-15T00:00:00Z,JR-DUAL-r002:GS02:B-P05-S04:P0011,GS02:B-P05-S04:P0011,B-P05-S04,GS02,GS02-A1,259152.601656660,259870.619974448,718.018317788,17 Nov 2026 23:59:12.602,18 Nov 2026 00:11:10.620,right,f15eacfea5f4fdf5ab36674c369deeac90ef1324f43cba80f9c6dc879aa792d5,False
JR-SOURCE-r002,DUAL168,r002,2026-11-15T00:00:00Z,JR-DUAL-r002:GS02:B-P05-S05:P0012,GS02:B-P05-S05:P0012,B-P05-S05,GS02,GS02-A1,258605.073798756,259319.826386337,714.752587581,17 Nov 2026 23:50:05.074,18 Nov 2026 00:01:59.826,right,f15eacfea5f4fdf5ab36674c369deeac90ef1324f43cba80f9c6dc879aa792d5,False
JR-SOURCE-r002,DUAL168,r002,2026-11-15T00:00:00Z,JR-DUAL-r002:GS02:B-P05-S07:P0001,GS02:B-P05-S07:P0001,B-P05-S07,GS02,GS02-A1,-78.803396005,589.452202384,668.255598389,14 Nov 2026 23:58:41.197,15 Nov 2026 00:09:49.452,left,f15eacfea5f4fdf5ab36674c369deeac90ef1324f43cba80f9c6dc879aa792d5,False
JR-SOURCE-r002,DUAL168,r002,2026-11-15T00:00:00Z,JR-DUAL-r002:GS02:B-P05-S08:P0001,GS02:B-P05-S08:P0001,B-P05-S08,GS02,GS02-A1,-615.926812462,22.245364395,638.172176857,14 Nov 2026 23:49:44.073,15 Nov 2026 00:00:22.245,left,f15eacfea5f4fdf5ab36674c369deeac90ef1324f43cba80f9c6dc879aa792d5,False
JR-SOURCE-r002,DUAL168,r002,2026-11-15T00:00:00Z,JR-DUAL-r002:GS03:A-P01-S03:P0001,GS03:A-P01-S03:P0001,A-P01-S03,GS03,GS03-A1,-45.433035105,360.877207168,406.310242273,14 Nov 2026 23:59:14.567,15 Nov 2026 00:06:00.877,left,f15eacfea5f4fdf5ab36674c369deeac90ef1324f43cba80f9c6dc879aa792d5,False
JR-SOURCE-r002,DUAL168,r002,2026-11-15T00:00:00Z,JR-DUAL-r002:GS03:A-P06-S03:P0012,GS03:A-P06-S03:P0012,A-P06-S03,GS03,GS03-A1,258987.162859082,259313.956815043,326.793955961,17 Nov 2026 23:56:27.163,18 Nov 2026 00:01:53.957,right,f15eacfea5f4fdf5ab36674c369deeac90ef1324f43cba80f9c6dc879aa792d5,False
JR-SOURCE-r002,DUAL168,r002,2026-11-15T00:00:00Z,JR-DUAL-r002:GS03:B-P01-S03:P0013,GS03:B-P01-S03:P0013,B-P01-S03,GS03,GS03-A1,258832.300942978,259519.246838860,686.945895882,17 Nov 2026 23:53:52.301,18 Nov 2026 00:05:19.247,right,f15eacfea5f4fdf5ab36674c369deeac90ef1324f43cba80f9c6dc879aa792d5,False
JR-SOURCE-r002,DUAL168,r002,2026-11-15T00:00:00Z,JR-DUAL-r002:GS03:B-P01-S06:P0001,GS03:B-P01-S06:P0001,B-P01-S06,GS03,GS03-A1,-436.440963059,279.764077274,716.205040333,14 Nov 2026 23:52:43.559,15 Nov 2026 00:04:39.764,left,f15eacfea5f4fdf5ab36674c369deeac90ef1324f43cba80f9c6dc879aa792d5,False
JR-SOURCE-r002,DUAL168,r002,2026-11-15T00:00:00Z,JR-DUAL-r002:GS03:B-P05-S04:P0012,GS03:B-P05-S04:P0012,B-P05-S04,GS03,GS03-A1,259193.933368706,259889.227373323,695.294004617,17 Nov 2026 23:59:53.933,18 Nov 2026 00:11:29.227,right,f15eacfea5f4fdf5ab36674c369deeac90ef1324f43cba80f9c6dc879aa792d5,False
JR-SOURCE-r002,DUAL168,r002,2026-11-15T00:00:00Z,JR-DUAL-r002:GS03:B-P05-S05:P0012,GS03:B-P05-S05:P0012,B-P05-S05,GS03,GS03-A1,258639.535120359,259348.903288902,709.368168543,17 Nov 2026 23:50:39.535,18 Nov 2026 00:02:28.903,right,f15eacfea5f4fdf5ab36674c369deeac90ef1324f43cba80f9c6dc879aa792d5,False
JR-SOURCE-r002,DUAL168,r002,2026-11-15T00:00:00Z,JR-DUAL-r002:GS03:B-P05-S07:P0001,GS03:B-P05-S07:P0001,B-P05-S07,GS03,GS03-A1,-63.748637184,649.224821130,712.973458314,14 Nov 2026 23:58:56.251,15 Nov 2026 00:10:49.225,left,f15eacfea5f4fdf5ab36674c369deeac90ef1324f43cba80f9c6dc879aa792d5,False
JR-SOURCE-r002,DUAL168,r002,2026-11-15T00:00:00Z,JR-DUAL-r002:GS03:B-P05-S08:P0001,GS03:B-P05-S08:P0001,B-P05-S08,GS03,GS03-A1,-608.218593518,93.546030921,701.764624439,14 Nov 2026 23:49:51.781,15 Nov 2026 00:01:33.546,left,f15eacfea5f4fdf5ab36674c369deeac90ef1324f43cba80f9c6dc879aa792d5,False
JR-SOURCE-r002,DUAL168,r002,2026-11-15T00:00:00Z,JR-DUAL-r002:GS04:A-P06-S03:P0012,GS04:A-P06-S03:P0012,A-P06-S03,GS04,GS04-A1,259018.542335551,259408.707301982,390.164966431,17 Nov 2026 23:56:58.542,18 Nov 2026 00:03:28.707,right,f15eacfea5f4fdf5ab36674c369deeac90ef1324f43cba80f9c6dc879aa792d5,False
JR-SOURCE-r002,DUAL168,r002,2026-11-15T00:00:00Z,JR-DUAL-r002:GS04:B-P01-S03:P0011,GS04:B-P01-S03:P0011,B-P01-S03,GS04,GS04-A1,258914.613612567,259520.228889244,605.615276677,17 Nov 2026 23:55:14.614,18 Nov 2026 00:05:20.229,right,f15eacfea5f4fdf5ab36674c369deeac90ef1324f43cba80f9c6dc879aa792d5,False
JR-SOURCE-r002,DUAL168,r002,2026-11-15T00:00:00Z,JR-DUAL-r002:GS04:B-P01-S06:P0001,GS04:B-P01-S06:P0001,B-P01-S06,GS04,GS04-A1,-398.214587987,308.791655493,707.006243480,14 Nov 2026 23:53:21.785,15 Nov 2026 00:05:08.792,left,f15eacfea5f4fdf5ab36674c369deeac90ef1324f43cba80f9c6dc879aa792d5,False
JR-SOURCE-r002,DUAL168,r002,2026-11-15T00:00:00Z,JR-DUAL-r002:GS04:B-P05-S05:P0011,GS04:B-P05-S05:P0011,B-P05-S05,GS04,GS04-A1,258693.620354125,259348.992257015,655.371902890,17 Nov 2026 23:51:33.620,18 Nov 2026 00:02:28.992,right,f15eacfea5f4fdf5ab36674c369deeac90ef1324f43cba80f9c6dc879aa792d5,False
JR-SOURCE-r002,DUAL168,r002,2026-11-15T00:00:00Z,JR-DUAL-r002:GS04:B-P05-S07:P0001,GS04:B-P05-S07:P0001,B-P05-S07,GS04,GS04-A1,-30.918734794,680.903447306,711.822182100,14 Nov 2026 23:59:29.081,15 Nov 2026 00:11:20.903,left,f15eacfea5f4fdf5ab36674c369deeac90ef1324f43cba80f9c6dc879aa792d5,False
JR-SOURCE-r002,DUAL168,r002,2026-11-15T00:00:00Z,JR-DUAL-r002:GS04:B-P05-S08:P0001,GS04:B-P05-S08:P0001,B-P05-S08,GS04,GS04-A1,-581.975389024,135.564675366,717.540064390,14 Nov 2026 23:50:18.025,15 Nov 2026 00:02:15.565,left,f15eacfea5f4fdf5ab36674c369deeac90ef1324f43cba80f9c6dc879aa792d5,False
JR-SOURCE-r002,DUAL168,r002,2026-11-15T00:00:00Z,JR-DUAL-r002:GS05:A-P06-S03:P0009,GS05:A-P06-S03:P0009,A-P06-S03,GS05,GS05-A1,259068.365378228,259476.451443302,408.086065074,17 Nov 2026 23:57:48.365,18 Nov 2026 00:04:36.451,right,f15eacfea5f4fdf5ab36674c369deeac90ef1324f43cba80f9c6dc879aa792d5,False
JR-SOURCE-r002,DUAL168,r002,2026-11-15T00:00:00Z,JR-DUAL-r002:GS05:A-P06-S05:P0001,GS05:A-P06-S05:P0001,A-P06-S05,GS05,GS05-A1,-69.918072481,184.130957246,254.049029727,14 Nov 2026 23:58:50.082,15 Nov 2026 00:03:04.131,left,f15eacfea5f4fdf5ab36674c369deeac90ef1324f43cba80f9c6dc879aa792d5,False
JR-SOURCE-r002,DUAL168,r002,2026-11-15T00:00:00Z,JR-DUAL-r002:GS05:B-P01-S03:P0012,GS05:B-P01-S03:P0012,B-P01-S03,GS05,GS05-A1,259041.660412690,259489.202440333,447.542027643,17 Nov 2026 23:57:21.660,18 Nov 2026 00:04:49.202,right,f15eacfea5f4fdf5ab36674c369deeac90ef1324f43cba80f9c6dc879aa792d5,False
JR-SOURCE-r002,DUAL168,r002,2026-11-15T00:00:00Z,JR-DUAL-r002:GS05:B-P01-S06:P0001,GS05:B-P01-S06:P0001,B-P01-S06,GS05,GS05-A1,-331.315974603,319.723183519,651.039158122,14 Nov 2026 23:54:28.684,15 Nov 2026 00:05:19.723,left,f15eacfea5f4fdf5ab36674c369deeac90ef1324f43cba80f9c6dc879aa792d5,False
JR-SOURCE-r002,DUAL168,r002,2026-11-15T00:00:00Z,JR-DUAL-r002:GS05:B-P05-S05:P0011,GS05:B-P05-S05:P0011,B-P05-S05,GS05,GS05-A1,258776.621193908,259311.303334237,534.682140329,17 Nov 2026 23:52:56.621,18 Nov 2026 00:01:51.303,right,f15eacfea5f4fdf5ab36674c369deeac90ef1324f43cba80f9c6dc879aa792d5,False
JR-SOURCE-r002,DUAL168,r002,2026-11-15T00:00:00Z,JR-DUAL-r002:GS05:B-P05-S08:P0001,GS05:B-P05-S08:P0001,B-P05-S08,GS05,GS05-A1,-537.644581985,149.776012668,687.420594653,14 Nov 2026 23:51:02.355,15 Nov 2026 00:02:29.776,left,f15eacfea5f4fdf5ab36674c369deeac90ef1324f43cba80f9c6dc879aa792d5,False
JR-SOURCE-r002,DUAL168,r002,2026-11-15T00:00:00Z,JR-DUAL-r002:GS06:A-P06-S03:P0009,GS06:A-P06-S03:P0009,A-P06-S03,GS06,GS06-A1,259136.778706764,259518.023154850,381.244448086,17 Nov 2026 23:58:56.779,18 Nov 2026 00:05:18.023,right,f15eacfea5f4fdf5ab36674c369deeac90ef1324f43cba80f9c6dc879aa792d5,False
JR-SOURCE-r002,DUAL168,r002,2026-11-15T00:00:00Z,JR-DUAL-r002:GS06:A-P06-S05:P0001,GS06:A-P06-S05:P0001,A-P06-S05,GS06,GS06-A1,-55.065193579,301.388831348,356.454024927,14 Nov 2026 23:59:04.935,15 Nov 2026 00:05:01.389,left,f15eacfea5f4fdf5ab36674c369deeac90ef1324f43cba80f9c6dc879aa792d5,False
JR-SOURCE-r002,DUAL168,r002,2026-11-15T00:00:00Z,JR-DUAL-r002:GS06:B-P01-S06:P0001,GS06:B-P01-S06:P0001,B-P01-S06,GS06,GS06-A1,-228.352854458,306.529130156,534.881984614,14 Nov 2026 23:56:11.647,15 Nov 2026 00:05:06.529,left,f15eacfea5f4fdf5ab36674c369deeac90ef1324f43cba80f9c6dc879aa792d5,False
JR-SOURCE-r002,DUAL168,r002,2026-11-15T00:00:00Z,JR-DUAL-r002:GS06:B-P05-S08:P0001,GS06:B-P05-S08:P0001,B-P05-S08,GS06,GS06-A1,-470.166616877,131.786593536,601.953210413,14 Nov 2026 23:52:09.833,15 Nov 2026 00:02:11.787,left,f15eacfea5f4fdf5ab36674c369deeac90ef1324f43cba80f9c6dc879aa792d5,False
JR-SOURCE-r002,DUAL168,r002,2026-11-15T00:00:00Z,JR-DUAL-r002:GS07:A-P01-S01:P0012,GS07:A-P01-S01:P0012,A-P01-S01,GS07,GS07-A1,259090.363100149,259498.331671034,407.968570885,17 Nov 2026 23:58:10.363,18 Nov 2026 00:04:58.332,right,f15eacfea5f4fdf5ab36674c369deeac90ef1324f43cba80f9c6dc879aa792d5,False
JR-SOURCE-r002,DUAL168,r002,2026-11-15T00:00:00Z,JR-DUAL-r002:GS07:A-P01-S03:P0001,GS07:A-P01-S03:P0001,A-P01-S03,GS07,GS07-A1,-31.699098472,235.930903056,267.630001528,14 Nov 2026 23:59:28.301,15 Nov 2026 00:03:55.931,left,f15eacfea5f4fdf5ab36674c369deeac90ef1324f43cba80f9c6dc879aa792d5,False
JR-SOURCE-r002,DUAL168,r002,2026-11-15T00:00:00Z,JR-DUAL-r002:GS07:A-P05-S06:P0001,GS07:A-P05-S06:P0001,A-P05-S06,GS07,GS07-A1,-211.471205072,45.554737316,257.025942388,14 Nov 2026 23:56:28.529,15 Nov 2026 00:00:45.555,left,f15eacfea5f4fdf5ab36674c369deeac90ef1324f43cba80f9c6dc879aa792d5,False
JR-SOURCE-r002,DUAL168,r002,2026-11-15T00:00:00Z,JR-DUAL-r002:GS07:B-P01-S03:P0011,GS07:B-P01-S03:P0011,B-P01-S03,GS07,GS07-A1,258831.936774936,259524.887599670,692.950824734,17 Nov 2026 23:53:51.937,18 Nov 2026 00:05:24.888,right,f15eacfea5f4fdf5ab36674c369deeac90ef1324f43cba80f9c6dc879aa792d5,False
JR-SOURCE-r002,DUAL168,r002,2026-11-15T00:00:00Z,JR-DUAL-r002:GS07:B-P01-S06:P0001,GS07:B-P01-S06:P0001,B-P01-S06,GS07,GS07-A1,-339.456012043,220.257260998,559.713273041,14 Nov 2026 23:54:20.544,15 Nov 2026 00:03:40.257,left,f15eacfea5f4fdf5ab36674c369deeac90ef1324f43cba80f9c6dc879aa792d5,False
JR-SOURCE-r002,DUAL168,r002,2026-11-15T00:00:00Z,JR-DUAL-r002:GS07:B-P05-S04:P0013,GS07:B-P05-S04:P0013,B-P05-S04,GS07,GS07-A1,259054.455510867,259762.670948752,708.215437885,17 Nov 2026 23:57:34.456,18 Nov 2026 00:09:22.671,right,f15eacfea5f4fdf5ab36674c369deeac90ef1324f43cba80f9c6dc879aa792d5,False
JR-SOURCE-r002,DUAL168,r002,2026-11-15T00:00:00Z,JR-DUAL-r002:GS07:B-P05-S05:P0013,GS07:B-P05-S05:P0013,B-P05-S05,GS07,GS07-A1,258510.543969038,259204.792205881,694.248236843,17 Nov 2026 23:48:30.544,18 Nov 2026 00:00:04.792,right,f15eacfea5f4fdf5ab36674c369deeac90ef1324f43cba80f9c6dc879aa792d5,False
JR-SOURCE-r002,DUAL168,r002,2026-11-15T00:00:00Z,JR-DUAL-r002:GS07:B-P05-S07:P0001,GS07:B-P05-S07:P0001,B-P05-S07,GS07,GS07-A1,-163.581923093,453.286634605,616.868557698,14 Nov 2026 23:57:16.418,15 Nov 2026 00:07:33.287,left,f15eacfea5f4fdf5ab36674c369deeac90ef1324f43cba80f9c6dc879aa792d5,False
JR-SOURCE-r002,DUAL168,r002,2026-11-15T00:00:00Z,JR-DUAL-r002:GS08:A-P01-S01:P0011,GS08:A-P01-S01:P0011,A-P01-S01,GS08,GS08-A1,259164.386382162,259545.943335597,381.556953435,17 Nov 2026 23:59:24.386,18 Nov 2026 00:05:45.943,right,f15eacfea5f4fdf5ab36674c369deeac90ef1324f43cba80f9c6dc879aa792d5,False
JR-SOURCE-r002,DUAL168,r002,2026-11-15T00:00:00Z,JR-DUAL-r002:GS08:A-P01-S03:P0001,GS08:A-P01-S03:P0001,A-P01-S03,GS08,GS08-A1,-31.803108677,337.660013927,369.463122604,14 Nov 2026 23:59:28.197,15 Nov 2026 00:05:37.660,left,f15eacfea5f4fdf5ab36674c369deeac90ef1324f43cba80f9c6dc879aa792d5,False
JR-SOURCE-r002,DUAL168,r002,2026-11-15T00:00:00Z,JR-DUAL-r002:GS08:B-P01-S03:P0012,GS08:B-P01-S03:P0012,B-P01-S03,GS08,GS08-A1,258849.110233418,259567.770053911,718.659820493,17 Nov 2026 23:54:09.110,18 Nov 2026 00:06:07.770,right,f15eacfea5f4fdf5ab36674c369deeac90ef1324f43cba80f9c6dc879aa792d5,False
JR-SOURCE-r002,DUAL168,r002,2026-11-15T00:00:00Z,JR-DUAL-r002:GS08:B-P01-S06:P0001,GS08:B-P01-S06:P0001,B-P01-S06,GS08,GS08-A1,-369.208632409,295.595118931,664.803751340,14 Nov 2026 23:53:50.791,15 Nov 2026 00:04:55.595,left,f15eacfea5f4fdf5ab36674c369deeac90ef1324f43cba80f9c6dc879aa792d5,False
JR-SOURCE-r002,DUAL168,r002,2026-11-15T00:00:00Z,JR-DUAL-r002:GS08:B-P05-S04:P0012,GS08:B-P05-S04:P0012,B-P05-S04,GS08,GS08-A1,259084.066489268,259801.262775064,717.196285796,17 Nov 2026 23:58:04.066,18 Nov 2026 00:10:01.263,right,f15eacfea5f4fdf5ab36674c369deeac90ef1324f43cba80f9c6dc879aa792d5,False
JR-SOURCE-r002,DUAL168,r002,2026-11-15T00:00:00Z,JR-DUAL-r002:GS08:B-P05-S05:P0012,GS08:B-P05-S05:P0012,B-P05-S05,GS08,GS08-A1,258534.539401226,259253.121541225,718.582139999,17 Nov 2026 23:48:54.539,18 Nov 2026 00:00:53.122,right,f15eacfea5f4fdf5ab36674c369deeac90ef1324f43cba80f9c6dc879aa792d5,False
JR-SOURCE-r002,DUAL168,r002,2026-11-15T00:00:00Z,JR-DUAL-r002:GS08:B-P05-S07:P0001,GS08:B-P05-S07:P0001,B-P05-S07,GS08,GS08-A1,-157.448130009,532.423392527,689.871522536,14 Nov 2026 23:57:22.552,15 Nov 2026 00:08:52.423,left,f15eacfea5f4fdf5ab36674c369deeac90ef1324f43cba80f9c6dc879aa792d5,False
JR-SOURCE-r002,DUAL168,r002,2026-11-15T00:00:00Z,JR-DUAL-r002:GS09:A-P06-S03:P0012,GS09:A-P06-S03:P0012,A-P06-S03,GS09,GS09-A1,258913.934653969,259295.708340529,381.773686560,17 Nov 2026 23:55:13.935,18 Nov 2026 00:01:35.708,right,f15eacfea5f4fdf5ab36674c369deeac90ef1324f43cba80f9c6dc879aa792d5,False
JR-SOURCE-r002,DUAL168,r002,2026-11-15T00:00:00Z,JR-DUAL-r002:GS09:B-P01-S03:P0013,GS09:B-P01-S03:P0013,B-P01-S03,GS09,GS09-A1,258892.269066322,259595.192610418,702.923544096,17 Nov 2026 23:54:52.269,18 Nov 2026 00:06:35.193,right,f15eacfea5f4fdf5ab36674c369deeac90ef1324f43cba80f9c6dc879aa792d5,False
JR-SOURCE-r002,DUAL168,r002,2026-11-15T00:00:00Z,JR-DUAL-r002:GS09:B-P01-S06:P0001,GS09:B-P01-S06:P0001,B-P01-S06,GS09,GS09-A1,-365.133708161,346.820849556,711.954557717,14 Nov 2026 23:53:54.866,15 Nov 2026 00:05:46.821,left,f15eacfea5f4fdf5ab36674c369deeac90ef1324f43cba80f9c6dc879aa792d5,False
JR-SOURCE-r002,DUAL168,r002,2026-11-15T00:00:00Z,JR-DUAL-r002:GS09:B-P05-S04:P0012,GS09:B-P05-S04:P0012,B-P05-S04,GS09,GS09-A1,259129.539165524,259813.590893613,684.051728089,17 Nov 2026 23:58:49.539,18 Nov 2026 00:10:13.591,right,f15eacfea5f4fdf5ab36674c369deeac90ef1324f43cba80f9c6dc879aa792d5,False
JR-SOURCE-r002,DUAL168,r002,2026-11-15T00:00:00Z,JR-DUAL-r002:GS09:B-P05-S05:P0013,GS09:B-P05-S05:P0013,B-P05-S05,GS09,GS09-A1,258573.745876201,259275.539513864,701.793637663,17 Nov 2026 23:49:33.746,18 Nov 2026 00:01:15.540,right,f15eacfea5f4fdf5ab36674c369deeac90ef1324f43cba80f9c6dc879aa792d5,False
JR-SOURCE-r002,DUAL168,r002,2026-11-15T00:00:00Z,JR-DUAL-r002:GS09:B-P05-S07:P0001,GS09:B-P05-S07:P0001,B-P05-S07,GS09,GS09-A1,-134.824320963,583.226657857,718.050978820,14 Nov 2026 23:57:45.176,15 Nov 2026 00:09:43.227,left,f15eacfea5f4fdf5ab36674c369deeac90ef1324f43cba80f9c6dc879aa792d5,False
JR-SOURCE-r002,DUAL168,r002,2026-11-15T00:00:00Z,JR-DUAL-r002:GS09:B-P05-S08:P0001,GS09:B-P05-S08:P0001,B-P05-S08,GS09,GS09-A1,-681.733841081,30.557979993,712.291821074,14 Nov 2026 23:48:38.266,15 Nov 2026 00:00:30.558,left,f15eacfea5f4fdf5ab36674c369deeac90ef1324f43cba80f9c6dc879aa792d5,False
JR-SOURCE-r002,DUAL168,r002,2026-11-15T00:00:00Z,JR-DUAL-r002:GS10:A-P06-S03:P0012,GS10:A-P06-S03:P0012,A-P06-S03,GS10,GS10-A1,258961.439760810,259369.440006502,408.000245692,17 Nov 2026 23:56:01.440,18 Nov 2026 00:02:49.440,right,f15eacfea5f4fdf5ab36674c369deeac90ef1324f43cba80f9c6dc879aa792d5,False
JR-SOURCE-r002,DUAL168,r002,2026-11-15T00:00:00Z,JR-DUAL-r002:GS10:A-P06-S05:P0001,GS10:A-P06-S05:P0001,A-P06-S05,GS10,GS10-A1,-180.393724642,70.543713806,250.937438448,14 Nov 2026 23:56:59.606,15 Nov 2026 00:01:10.544,left,f15eacfea5f4fdf5ab36674c369deeac90ef1324f43cba80f9c6dc879aa792d5,False
JR-SOURCE-r002,DUAL168,r002,2026-11-15T00:00:00Z,JR-DUAL-r002:GS10:B-P01-S03:P0011,GS10:B-P01-S03:P0011,B-P01-S03,GS10,GS10-A1,258962.465543693,259607.065057095,644.599513402,17 Nov 2026 23:56:02.466,18 Nov 2026 00:06:47.065,right,f15eacfea5f4fdf5ab36674c369deeac90ef1324f43cba80f9c6dc879aa792d5,False
JR-SOURCE-r002,DUAL168,r002,2026-11-15T00:00:00Z,JR-DUAL-r002:GS10:B-P01-S06:P0001,GS10:B-P01-S06:P0001,B-P01-S06,GS10,GS10-A1,-334.090092186,381.267054196,715.357146382,14 Nov 2026 23:54:25.910,15 Nov 2026 00:06:21.267,left,f15eacfea5f4fdf5ab36674c369deeac90ef1324f43cba80f9c6dc879aa792d5,False
JR-SOURCE-r002,DUAL168,r002,2026-11-15T00:00:00Z,JR-DUAL-r002:GS10:B-P05-S04:P0013,GS10:B-P05-S04:P0013,B-P05-S04,GS10,GS10-A1,259196.013193877,259795.083840505,599.070646628,17 Nov 2026 23:59:56.013,18 Nov 2026 00:09:55.084,right,f15eacfea5f4fdf5ab36674c369deeac90ef1324f43cba80f9c6dc879aa792d5,False
JR-SOURCE-r002,DUAL168,r002,2026-11-15T00:00:00Z,JR-DUAL-r002:GS10:B-P05-S05:P0011,GS10:B-P05-S05:P0011,B-P05-S05,GS10,GS10-A1,258631.289801452,259269.611239988,638.321438536,17 Nov 2026 23:50:31.290,18 Nov 2026 00:01:09.611,right,f15eacfea5f4fdf5ab36674c369deeac90ef1324f43cba80f9c6dc879aa792d5,False
JR-SOURCE-r002,DUAL168,r002,2026-11-15T00:00:00Z,JR-DUAL-r002:GS10:B-P05-S07:P0001,GS10:B-P05-S07:P0001,B-P05-S07,GS10,GS10-A1,-97.072006704,608.119715386,705.191722090,14 Nov 2026 23:58:22.928,15 Nov 2026 00:10:08.120,left,f15eacfea5f4fdf5ab36674c369deeac90ef1324f43cba80f9c6dc879aa792d5,False
JR-SOURCE-r002,DUAL168,r002,2026-11-15T00:00:00Z,JR-DUAL-r002:GS10:B-P05-S08:P0001,GS10:B-P05-S08:P0001,B-P05-S08,GS10,GS10-A1,-649.760262621,65.177813980,714.938076601,14 Nov 2026 23:49:10.240,15 Nov 2026 00:01:05.178,left,f15eacfea5f4fdf5ab36674c369deeac90ef1324f43cba80f9c6dc879aa792d5,False
JR-SOURCE-r002,DUAL168,r002,2026-11-15T00:00:00Z,JR-DUAL-r002:GS11:A-P01-S04:P0001,GS11:A-P01-S04:P0001,A-P01-S04,GS11,GS11-A1,-361.768863983,18.397859724,380.166723707,14 Nov 2026 23:53:58.231,15 Nov 2026 00:00:18.398,left,f15eacfea5f4fdf5ab36674c369deeac90ef1324f43cba80f9c6dc879aa792d5,False
JR-SOURCE-r002,DUAL168,r002,2026-11-15T00:00:00Z,JR-DUAL-r002:GS11:A-P06-S03:P0011,GS11:A-P06-S03:P0011,A-P06-S03,GS11,GS11-A1,259023.095430161,259420.846709594,397.751279433,17 Nov 2026 23:57:03.095,18 Nov 2026 00:03:40.847,right,f15eacfea5f4fdf5ab36674c369deeac90ef1324f43cba80f9c6dc879aa792d5,False
JR-SOURCE-r002,DUAL168,r002,2026-11-15T00:00:00Z,JR-DUAL-r002:GS11:A-P06-S05:P0001,GS11:A-P06-S05:P0001,A-P06-S05,GS11,GS11-A1,-160.219972610,186.435951119,346.655923729,14 Nov 2026 23:57:19.780,15 Nov 2026 00:03:06.436,left,f15eacfea5f4fdf5ab36674c369deeac90ef1324f43cba80f9c6dc879aa792d5,False
JR-SOURCE-r002,DUAL168,r002,2026-11-15T00:00:00Z,JR-DUAL-r002:GS11:B-P01-S03:P0012,GS11:B-P01-S03:P0012,B-P01-S03,GS11,GS11-A1,259066.286965998,259598.103261584,531.816295586,17 Nov 2026 23:57:46.287,18 Nov 2026 00:06:38.103,right,f15eacfea5f4fdf5ab36674c369deeac90ef1324f43cba80f9c6dc879aa792d5,False
JR-SOURCE-r002,DUAL168,r002,2026-11-15T00:00:00Z,JR-DUAL-r002:GS11:B-P01-S06:P0001,GS11:B-P01-S06:P0001,B-P01-S06,GS11,GS11-A1,-277.021616928,400.681922389,677.703539317,14 Nov 2026 23:55:22.978,15 Nov 2026 00:06:40.682,left,f15eacfea5f4fdf5ab36674c369deeac90ef1324f43cba80f9c6dc879aa792d5,False
JR-SOURCE-r002,DUAL168,r002,2026-11-15T00:00:00Z,JR-DUAL-r002:GS11:B-P05-S05:P0011,GS11:B-P05-S05:P0011,B-P05-S05,GS11,GS11-A1,258717.906847827,259224.963464873,507.056617046,17 Nov 2026 23:51:57.907,18 Nov 2026 00:00:24.963,right,f15eacfea5f4fdf5ab36674c369deeac90ef1324f43cba80f9c6dc879aa792d5,False
JR-SOURCE-r002,DUAL168,r002,2026-11-15T00:00:00Z,JR-DUAL-r002:GS11:B-P05-S07:P0001,GS11:B-P05-S07:P0001,B-P05-S07,GS11,GS11-A1,-41.489133637,605.124280662,646.613414299,14 Nov 2026 23:59:18.511,15 Nov 2026 00:10:05.124,left,f15eacfea5f4fdf5ab36674c369deeac90ef1324f43cba80f9c6dc879aa792d5,False
JR-SOURCE-r002,DUAL168,r002,2026-11-15T00:00:00Z,JR-DUAL-r002:GS11:B-P05-S08:P0001,GS11:B-P05-S08:P0001,B-P05-S08,GS11,GS11-A1,-601.491676351,73.210992455,674.702668806,14 Nov 2026 23:49:58.508,15 Nov 2026 00:01:13.211,left,f15eacfea5f4fdf5ab36674c369deeac90ef1324f43cba80f9c6dc879aa792d5,False
JR-SOURCE-r002,DUAL168,r002,2026-11-15T00:00:00Z,JR-DUAL-r002:GS12:A-P01-S04:P0001,GS12:A-P01-S04:P0001,A-P01-S04,GS12,GS12-A1,-263.680015506,51.020067954,314.700083460,14 Nov 2026 23:55:36.320,15 Nov 2026 00:00:51.020,left,f15eacfea5f4fdf5ab36674c369deeac90ef1324f43cba80f9c6dc879aa792d5,False
JR-SOURCE-r002,DUAL168,r002,2026-11-15T00:00:00Z,JR-DUAL-r002:GS12:A-P06-S03:P0011,GS12:A-P06-S03:P0011,A-P06-S03,GS12,GS12-A1,259104.196860562,259445.358882212,341.162021650,17 Nov 2026 23:58:24.197,18 Nov 2026 00:04:05.359,right,f15eacfea5f4fdf5ab36674c369deeac90ef1324f43cba80f9c6dc879aa792d5,False
JR-SOURCE-r002,DUAL168,r002,2026-11-15T00:00:00Z,JR-DUAL-r002:GS12:A-P06-S05:P0001,GS12:A-P06-S05:P0001,A-P06-S05,GS12,GS12-A1,-121.326985777,274.366720665,395.693706442,14 Nov 2026 23:57:58.673,15 Nov 2026 00:04:34.367,left,f15eacfea5f4fdf5ab36674c369deeac90ef1324f43cba80f9c6dc879aa792d5,False
JR-SOURCE-r002,DUAL168,r002,2026-11-15T00:00:00Z,JR-DUAL-r002:GS12:B-P01-S06:P0001,GS12:B-P01-S06:P0001,B-P01-S06,GS12,GS12-A1,-190.393380133,402.671031192,593.064411325,14 Nov 2026 23:56:49.607,15 Nov 2026 00:06:42.671,left,f15eacfea5f4fdf5ab36674c369deeac90ef1324f43cba80f9c6dc879aa792d5,False
JR-SOURCE-r002,DUAL168,r002,2026-11-15T00:00:00Z,JR-DUAL-r002:GS12:B-P05-S08:P0001,GS12:B-P05-S08:P0001,B-P05-S08,GS12,GS12-A1,-530.747309268,48.996478765,579.743788033,14 Nov 2026 23:51:09.253,15 Nov 2026 00:00:48.996,left,f15eacfea5f4fdf5ab36674c369deeac90ef1324f43cba80f9c6dc879aa792d5,False
