phase,budget_id,target,comparator,deadline_seconds,is_primary_quality_allowance,comparable_complete_quality,delta_complete_objective_seconds,delta_complete_gain_seconds,result,physical_source_count,source_differences_seconds,positive_source_count,negative_source_count,target_method_display,comparator_method_display
validation,quality,FullCapacity-seed17,FullCheapSummary-mean17/29,10.0,False,True,105.44532468053512,105.44532468053512,HIGHER,2,"[7.992151480866596, 202.89849787997082]",2,0,JointRecovery（本文方法，JR；完整框架 STK 迁移）；seed17,JR-CheapSummary（简化表示消融）；两种子均值
validation,quality,FullCapacity-seed17,FullGreedy,10.0,False,True,0.0,0.0,TIED,2,"[0.0, 0.0]",0,0,JointRecovery（本文方法，JR；完整框架 STK 迁移）；seed17,Greedy-rank+CHILS（贪心请求排序内部对照）
validation,quality,FullCapacity-seed17,FullP1,10.0,False,True,781.6259882947197,781.6259882947197,HIGHER,2,"[783.4524755002931, 779.79950108903]",2,0,JointRecovery（本文方法，JR；完整框架 STK 迁移）；seed17,Independent-replacement+CHILS（独立替代估计对照）
validation,quality,FullCapacity-seed17,CHILS-p1,10.0,False,True,-83371.22718977486,-83371.22718977486,LOWER,2,"[-82994.59234576474, -83747.86203378509]",0,2,JointRecovery（本文方法，JR；完整框架 STK 迁移）；seed17,CHILS-p1（SEA 2025 公开 MWIS 算法）
validation,quality,FullCapacity-seed17,HiGHS-MILP,10.0,False,False,null,null,NOT_COMPARABLE_OR_NOT_PRODUCED,2,"[null, null]",null,null,JointRecovery（本文方法，JR；完整框架 STK 迁移）；seed17,HiGHS-MILP（通用 MILP 软件参照）
validation,quality,FullCapacity-seed29,FullCheapSummary-mean17/29,10.0,False,True,175.87426144839264,175.87426144839264,HIGHER,2,"[148.85002501669805, 202.89849787997082]",2,0,JointRecovery（本文方法，JR；完整框架 STK 迁移）；seed29,JR-CheapSummary（简化表示消融）；两种子均值
validation,quality,FullCapacity-seed29,FullGreedy,10.0,False,True,70.42893676785752,70.42893676785752,HIGHER,2,"[140.85787353583146, 0.0]",1,0,JointRecovery（本文方法，JR；完整框架 STK 迁移）；seed29,Greedy-rank+CHILS（贪心请求排序内部对照）
validation,quality,FullCapacity-seed29,FullP1,10.0,False,True,852.0549250625772,852.0549250625772,HIGHER,2,"[924.3103490361245, 779.79950108903]",2,0,JointRecovery（本文方法，JR；完整框架 STK 迁移）；seed29,Independent-replacement+CHILS（独立替代估计对照）
validation,quality,FullCapacity-seed29,CHILS-p1,10.0,False,True,-83300.798253007,-83300.798253007,LOWER,2,"[-82853.73447222891, -83747.86203378509]",0,2,JointRecovery（本文方法，JR；完整框架 STK 迁移）；seed29,CHILS-p1（SEA 2025 公开 MWIS 算法）
validation,quality,FullCapacity-seed29,HiGHS-MILP,10.0,False,False,null,null,NOT_COMPARABLE_OR_NOT_PRODUCED,2,"[null, null]",null,null,JointRecovery（本文方法，JR；完整框架 STK 迁移）；seed29,HiGHS-MILP（通用 MILP 软件参照）
validation,quality,FullCapacity-mean17/29,FullCheapSummary-mean17/29,10.0,False,True,140.65979306446388,140.65979306446388,HIGHER,2,"[78.42108824872412, 202.89849787997082]",2,0,JointRecovery（本文方法，JR；完整框架 STK 迁移）；两种子均值,JR-CheapSummary（简化表示消融）；两种子均值
validation,quality,FullCapacity-mean17/29,FullGreedy,10.0,False,True,35.21446838392876,35.21446838392876,HIGHER,2,"[70.42893676785752, 0.0]",1,0,JointRecovery（本文方法，JR；完整框架 STK 迁移）；两种子均值,Greedy-rank+CHILS（贪心请求排序内部对照）
validation,quality,FullCapacity-mean17/29,FullP1,10.0,False,True,816.8404566786485,816.8404566786485,HIGHER,2,"[853.8814122681506, 779.79950108903]",2,0,JointRecovery（本文方法，JR；完整框架 STK 迁移）；两种子均值,Independent-replacement+CHILS（独立替代估计对照）
validation,quality,FullCapacity-mean17/29,CHILS-p1,10.0,False,True,-83336.01272139093,-83336.01272139093,LOWER,2,"[-82924.16340899689, -83747.86203378509]",0,2,JointRecovery（本文方法，JR；完整框架 STK 迁移）；两种子均值,CHILS-p1（SEA 2025 公开 MWIS 算法）
validation,quality,FullCapacity-mean17/29,HiGHS-MILP,10.0,False,False,null,null,NOT_COMPARABLE_OR_NOT_PRODUCED,2,"[null, null]",null,null,JointRecovery（本文方法，JR；完整框架 STK 迁移）；两种子均值,HiGHS-MILP（通用 MILP 软件参照）
validation,quality,FullCapacity-seed17,FullCheapSummary-mean17/29,30.0,False,True,105.44532468053512,105.44532468053512,HIGHER,2,"[7.992151480866596, 202.89849787997082]",2,0,JointRecovery（本文方法，JR；完整框架 STK 迁移）；seed17,JR-CheapSummary（简化表示消融）；两种子均值
validation,quality,FullCapacity-seed17,FullGreedy,30.0,False,True,0.0,0.0,TIED,2,"[0.0, 0.0]",0,0,JointRecovery（本文方法，JR；完整框架 STK 迁移）；seed17,Greedy-rank+CHILS（贪心请求排序内部对照）
validation,quality,FullCapacity-seed17,FullP1,30.0,False,True,781.6259882947197,781.6259882947197,HIGHER,2,"[783.4524755002931, 779.79950108903]",2,0,JointRecovery（本文方法，JR；完整框架 STK 迁移）；seed17,Independent-replacement+CHILS（独立替代估计对照）
validation,quality,FullCapacity-seed17,CHILS-p1,30.0,False,True,-84744.87427706271,-84744.87427706271,LOWER,2,"[-84542.37088166166, -84947.37767246389]",0,2,JointRecovery（本文方法，JR；完整框架 STK 迁移）；seed17,CHILS-p1（SEA 2025 公开 MWIS 算法）
validation,quality,FullCapacity-seed17,HiGHS-MILP,30.0,False,False,null,null,NOT_COMPARABLE_OR_NOT_PRODUCED,2,"[null, null]",null,null,JointRecovery（本文方法，JR；完整框架 STK 迁移）；seed17,HiGHS-MILP（通用 MILP 软件参照）
validation,quality,FullCapacity-seed29,FullCheapSummary-mean17/29,30.0,False,True,175.87426144839264,175.87426144839264,HIGHER,2,"[148.85002501669805, 202.89849787997082]",2,0,JointRecovery（本文方法，JR；完整框架 STK 迁移）；seed29,JR-CheapSummary（简化表示消融）；两种子均值
validation,quality,FullCapacity-seed29,FullGreedy,30.0,False,True,70.42893676785752,70.42893676785752,HIGHER,2,"[140.85787353583146, 0.0]",1,0,JointRecovery（本文方法，JR；完整框架 STK 迁移）；seed29,Greedy-rank+CHILS（贪心请求排序内部对照）
validation,quality,FullCapacity-seed29,FullP1,30.0,False,True,852.0549250625772,852.0549250625772,HIGHER,2,"[924.3103490361245, 779.79950108903]",2,0,JointRecovery（本文方法，JR；完整框架 STK 迁移）；seed29,Independent-replacement+CHILS（独立替代估计对照）
validation,quality,FullCapacity-seed29,CHILS-p1,30.0,False,True,-84674.44534029486,-84674.44534029486,LOWER,2,"[-84401.51300812582, -84947.37767246389]",0,2,JointRecovery（本文方法，JR；完整框架 STK 迁移）；seed29,CHILS-p1（SEA 2025 公开 MWIS 算法）
validation,quality,FullCapacity-seed29,HiGHS-MILP,30.0,False,False,null,null,NOT_COMPARABLE_OR_NOT_PRODUCED,2,"[null, null]",null,null,JointRecovery（本文方法，JR；完整框架 STK 迁移）；seed29,HiGHS-MILP（通用 MILP 软件参照）
validation,quality,FullCapacity-mean17/29,FullCheapSummary-mean17/29,30.0,False,True,140.65979306446388,140.65979306446388,HIGHER,2,"[78.42108824872412, 202.89849787997082]",2,0,JointRecovery（本文方法，JR；完整框架 STK 迁移）；两种子均值,JR-CheapSummary（简化表示消融）；两种子均值
validation,quality,FullCapacity-mean17/29,FullGreedy,30.0,False,True,35.21446838392876,35.21446838392876,HIGHER,2,"[70.42893676785752, 0.0]",1,0,JointRecovery（本文方法，JR；完整框架 STK 迁移）；两种子均值,Greedy-rank+CHILS（贪心请求排序内部对照）
validation,quality,FullCapacity-mean17/29,FullP1,30.0,False,True,816.8404566786485,816.8404566786485,HIGHER,2,"[853.8814122681506, 779.79950108903]",2,0,JointRecovery（本文方法，JR；完整框架 STK 迁移）；两种子均值,Independent-replacement+CHILS（独立替代估计对照）
validation,quality,FullCapacity-mean17/29,CHILS-p1,30.0,False,True,-84709.65980867879,-84709.65980867879,LOWER,2,"[-84471.9419448938, -84947.37767246389]",0,2,JointRecovery（本文方法，JR；完整框架 STK 迁移）；两种子均值,CHILS-p1（SEA 2025 公开 MWIS 算法）
validation,quality,FullCapacity-mean17/29,HiGHS-MILP,30.0,False,False,null,null,NOT_COMPARABLE_OR_NOT_PRODUCED,2,"[null, null]",null,null,JointRecovery（本文方法，JR；完整框架 STK 迁移）；两种子均值,HiGHS-MILP（通用 MILP 软件参照）
validation,quality,FullCapacity-seed17,FullCheapSummary-mean17/29,60.0,False,True,105.44532468053512,105.44532468053512,HIGHER,2,"[7.992151480866596, 202.89849787997082]",2,0,JointRecovery（本文方法，JR；完整框架 STK 迁移）；seed17,JR-CheapSummary（简化表示消融）；两种子均值
validation,quality,FullCapacity-seed17,FullGreedy,60.0,False,True,0.0,0.0,TIED,2,"[0.0, 0.0]",0,0,JointRecovery（本文方法，JR；完整框架 STK 迁移）；seed17,Greedy-rank+CHILS（贪心请求排序内部对照）
validation,quality,FullCapacity-seed17,FullP1,60.0,False,True,781.6259882947197,781.6259882947197,HIGHER,2,"[783.4524755002931, 779.79950108903]",2,0,JointRecovery（本文方法，JR；完整框架 STK 迁移）；seed17,Independent-replacement+CHILS（独立替代估计对照）
validation,quality,FullCapacity-seed17,CHILS-p1,60.0,False,True,-85369.42853093776,-85369.42853093776,LOWER,2,"[-85010.59655991767, -85728.26050195773]",0,2,JointRecovery（本文方法，JR；完整框架 STK 迁移）；seed17,CHILS-p1（SEA 2025 公开 MWIS 算法）
validation,quality,FullCapacity-seed17,HiGHS-MILP,60.0,False,False,null,null,NOT_COMPARABLE_OR_NOT_PRODUCED,2,"[null, null]",null,null,JointRecovery（本文方法，JR；完整框架 STK 迁移）；seed17,HiGHS-MILP（通用 MILP 软件参照）
validation,quality,FullCapacity-seed29,FullCheapSummary-mean17/29,60.0,False,True,175.87426144839264,175.87426144839264,HIGHER,2,"[148.85002501669805, 202.89849787997082]",2,0,JointRecovery（本文方法，JR；完整框架 STK 迁移）；seed29,JR-CheapSummary（简化表示消融）；两种子均值
validation,quality,FullCapacity-seed29,FullGreedy,60.0,False,True,70.42893676785752,70.42893676785752,HIGHER,2,"[140.85787353583146, 0.0]",1,0,JointRecovery（本文方法，JR；完整框架 STK 迁移）；seed29,Greedy-rank+CHILS（贪心请求排序内部对照）
validation,quality,FullCapacity-seed29,FullP1,60.0,False,True,852.0549250625772,852.0549250625772,HIGHER,2,"[924.3103490361245, 779.79950108903]",2,0,JointRecovery（本文方法，JR；完整框架 STK 迁移）；seed29,Independent-replacement+CHILS（独立替代估计对照）
validation,quality,FullCapacity-seed29,CHILS-p1,60.0,False,True,-85298.9995941699,-85298.9995941699,LOWER,2,"[-84869.73868638184, -85728.26050195773]",0,2,JointRecovery（本文方法，JR；完整框架 STK 迁移）；seed29,CHILS-p1（SEA 2025 公开 MWIS 算法）
validation,quality,FullCapacity-seed29,HiGHS-MILP,60.0,False,False,null,null,NOT_COMPARABLE_OR_NOT_PRODUCED,2,"[null, null]",null,null,JointRecovery（本文方法，JR；完整框架 STK 迁移）；seed29,HiGHS-MILP（通用 MILP 软件参照）
validation,quality,FullCapacity-mean17/29,FullCheapSummary-mean17/29,60.0,False,True,140.65979306446388,140.65979306446388,HIGHER,2,"[78.42108824872412, 202.89849787997082]",2,0,JointRecovery（本文方法，JR；完整框架 STK 迁移）；两种子均值,JR-CheapSummary（简化表示消融）；两种子均值
validation,quality,FullCapacity-mean17/29,FullGreedy,60.0,False,True,35.21446838392876,35.21446838392876,HIGHER,2,"[70.42893676785752, 0.0]",1,0,JointRecovery（本文方法，JR；完整框架 STK 迁移）；两种子均值,Greedy-rank+CHILS（贪心请求排序内部对照）
validation,quality,FullCapacity-mean17/29,FullP1,60.0,False,True,816.8404566786485,816.8404566786485,HIGHER,2,"[853.8814122681506, 779.79950108903]",2,0,JointRecovery（本文方法，JR；完整框架 STK 迁移）；两种子均值,Independent-replacement+CHILS（独立替代估计对照）
validation,quality,FullCapacity-mean17/29,CHILS-p1,60.0,False,True,-85334.21406255383,-85334.21406255383,LOWER,2,"[-84940.16762314981, -85728.26050195773]",0,2,JointRecovery（本文方法，JR；完整框架 STK 迁移）；两种子均值,CHILS-p1（SEA 2025 公开 MWIS 算法）
validation,quality,FullCapacity-mean17/29,HiGHS-MILP,60.0,False,False,null,null,NOT_COMPARABLE_OR_NOT_PRODUCED,2,"[null, null]",null,null,JointRecovery（本文方法，JR；完整框架 STK 迁移）；两种子均值,HiGHS-MILP（通用 MILP 软件参照）
validation,quality,FullCapacity-seed17,FullCheapSummary-mean17/29,120.0,False,True,105.44532468053512,105.44532468053512,HIGHER,2,"[7.992151480866596, 202.89849787997082]",2,0,JointRecovery（本文方法，JR；完整框架 STK 迁移）；seed17,JR-CheapSummary（简化表示消融）；两种子均值
validation,quality,FullCapacity-seed17,FullGreedy,120.0,False,True,0.0,0.0,TIED,2,"[0.0, 0.0]",0,0,JointRecovery（本文方法，JR；完整框架 STK 迁移）；seed17,Greedy-rank+CHILS（贪心请求排序内部对照）
validation,quality,FullCapacity-seed17,FullP1,120.0,False,True,781.6259882947197,781.6259882947197,HIGHER,2,"[783.4524755002931, 779.79950108903]",2,0,JointRecovery（本文方法，JR；完整框架 STK 迁移）；seed17,Independent-replacement+CHILS（独立替代估计对照）
validation,quality,FullCapacity-seed17,CHILS-p1,120.0,False,True,-85703.40532111726,-85703.40532111726,LOWER,2,"[-85408.29638296633, -85998.51425926806]",0,2,JointRecovery（本文方法，JR；完整框架 STK 迁移）；seed17,CHILS-p1（SEA 2025 公开 MWIS 算法）
validation,quality,FullCapacity-seed17,HiGHS-MILP,120.0,False,False,null,null,NOT_COMPARABLE_OR_NOT_PRODUCED,2,"[null, null]",null,null,JointRecovery（本文方法，JR；完整框架 STK 迁移）；seed17,HiGHS-MILP（通用 MILP 软件参照）
validation,quality,FullCapacity-seed29,FullCheapSummary-mean17/29,120.0,False,True,175.87426144839264,175.87426144839264,HIGHER,2,"[148.85002501669805, 202.89849787997082]",2,0,JointRecovery（本文方法，JR；完整框架 STK 迁移）；seed29,JR-CheapSummary（简化表示消融）；两种子均值
validation,quality,FullCapacity-seed29,FullGreedy,120.0,False,True,70.42893676785752,70.42893676785752,HIGHER,2,"[140.85787353583146, 0.0]",1,0,JointRecovery（本文方法，JR；完整框架 STK 迁移）；seed29,Greedy-rank+CHILS（贪心请求排序内部对照）
validation,quality,FullCapacity-seed29,FullP1,120.0,False,True,852.0549250625772,852.0549250625772,HIGHER,2,"[924.3103490361245, 779.79950108903]",2,0,JointRecovery（本文方法，JR；完整框架 STK 迁移）；seed29,Independent-replacement+CHILS（独立替代估计对照）
validation,quality,FullCapacity-seed29,CHILS-p1,120.0,False,True,-85632.9763843494,-85632.9763843494,LOWER,2,"[-85267.4385094305, -85998.51425926806]",0,2,JointRecovery（本文方法，JR；完整框架 STK 迁移）；seed29,CHILS-p1（SEA 2025 公开 MWIS 算法）
validation,quality,FullCapacity-seed29,HiGHS-MILP,120.0,False,False,null,null,NOT_COMPARABLE_OR_NOT_PRODUCED,2,"[null, null]",null,null,JointRecovery（本文方法，JR；完整框架 STK 迁移）；seed29,HiGHS-MILP（通用 MILP 软件参照）
validation,quality,FullCapacity-mean17/29,FullCheapSummary-mean17/29,120.0,False,True,140.65979306446388,140.65979306446388,HIGHER,2,"[78.42108824872412, 202.89849787997082]",2,0,JointRecovery（本文方法，JR；完整框架 STK 迁移）；两种子均值,JR-CheapSummary（简化表示消融）；两种子均值
validation,quality,FullCapacity-mean17/29,FullGreedy,120.0,False,True,35.21446838392876,35.21446838392876,HIGHER,2,"[70.42893676785752, 0.0]",1,0,JointRecovery（本文方法，JR；完整框架 STK 迁移）；两种子均值,Greedy-rank+CHILS（贪心请求排序内部对照）
validation,quality,FullCapacity-mean17/29,FullP1,120.0,False,True,816.8404566786485,816.8404566786485,HIGHER,2,"[853.8814122681506, 779.79950108903]",2,0,JointRecovery（本文方法，JR；完整框架 STK 迁移）；两种子均值,Independent-replacement+CHILS（独立替代估计对照）
validation,quality,FullCapacity-mean17/29,CHILS-p1,120.0,False,True,-85668.19085273333,-85668.19085273333,LOWER,2,"[-85337.86744619848, -85998.51425926806]",0,2,JointRecovery（本文方法，JR；完整框架 STK 迁移）；两种子均值,CHILS-p1（SEA 2025 公开 MWIS 算法）
validation,quality,FullCapacity-mean17/29,HiGHS-MILP,120.0,False,False,null,null,NOT_COMPARABLE_OR_NOT_PRODUCED,2,"[null, null]",null,null,JointRecovery（本文方法，JR；完整框架 STK 迁移）；两种子均值,HiGHS-MILP（通用 MILP 软件参照）
validation,quality,FullCapacity-seed17,FullCheapSummary-mean17/29,300.0,True,True,105.44532468053512,105.44532468053512,HIGHER,2,"[7.992151480866596, 202.89849787997082]",2,0,JointRecovery（本文方法，JR；完整框架 STK 迁移）；seed17,JR-CheapSummary（简化表示消融）；两种子均值
validation,quality,FullCapacity-seed17,FullGreedy,300.0,True,True,0.0,0.0,TIED,2,"[0.0, 0.0]",0,0,JointRecovery（本文方法，JR；完整框架 STK 迁移）；seed17,Greedy-rank+CHILS（贪心请求排序内部对照）
validation,quality,FullCapacity-seed17,FullP1,300.0,True,True,781.6259882947197,781.6259882947197,HIGHER,2,"[783.4524755002931, 779.79950108903]",2,0,JointRecovery（本文方法，JR；完整框架 STK 迁移）；seed17,Independent-replacement+CHILS（独立替代估计对照）
validation,quality,FullCapacity-seed17,CHILS-p1,300.0,True,True,-85802.38144987868,-85802.38144987868,LOWER,2,"[-85444.64848815126, -86160.11441160622]",0,2,JointRecovery（本文方法，JR；完整框架 STK 迁移）；seed17,CHILS-p1（SEA 2025 公开 MWIS 算法）
validation,quality,FullCapacity-seed17,HiGHS-MILP,300.0,True,False,null,null,NOT_COMPARABLE_OR_NOT_PRODUCED,2,"[null, null]",null,null,JointRecovery（本文方法，JR；完整框架 STK 迁移）；seed17,HiGHS-MILP（通用 MILP 软件参照）
validation,quality,FullCapacity-seed29,FullCheapSummary-mean17/29,300.0,True,True,175.87426144839264,175.87426144839264,HIGHER,2,"[148.85002501669805, 202.89849787997082]",2,0,JointRecovery（本文方法，JR；完整框架 STK 迁移）；seed29,JR-CheapSummary（简化表示消融）；两种子均值
validation,quality,FullCapacity-seed29,FullGreedy,300.0,True,True,70.42893676785752,70.42893676785752,HIGHER,2,"[140.85787353583146, 0.0]",1,0,JointRecovery（本文方法，JR；完整框架 STK 迁移）；seed29,Greedy-rank+CHILS（贪心请求排序内部对照）
validation,quality,FullCapacity-seed29,FullP1,300.0,True,True,852.0549250625772,852.0549250625772,HIGHER,2,"[924.3103490361245, 779.79950108903]",2,0,JointRecovery（本文方法，JR；完整框架 STK 迁移）；seed29,Independent-replacement+CHILS（独立替代估计对照）
validation,quality,FullCapacity-seed29,CHILS-p1,300.0,True,True,-85731.95251311082,-85731.95251311082,LOWER,2,"[-85303.79061461543, -86160.11441160622]",0,2,JointRecovery（本文方法，JR；完整框架 STK 迁移）；seed29,CHILS-p1（SEA 2025 公开 MWIS 算法）
validation,quality,FullCapacity-seed29,HiGHS-MILP,300.0,True,False,null,null,NOT_COMPARABLE_OR_NOT_PRODUCED,2,"[null, null]",null,null,JointRecovery（本文方法，JR；完整框架 STK 迁移）；seed29,HiGHS-MILP（通用 MILP 软件参照）
validation,quality,FullCapacity-mean17/29,FullCheapSummary-mean17/29,300.0,True,True,140.65979306446388,140.65979306446388,HIGHER,2,"[78.42108824872412, 202.89849787997082]",2,0,JointRecovery（本文方法，JR；完整框架 STK 迁移）；两种子均值,JR-CheapSummary（简化表示消融）；两种子均值
validation,quality,FullCapacity-mean17/29,FullGreedy,300.0,True,True,35.21446838392876,35.21446838392876,HIGHER,2,"[70.42893676785752, 0.0]",1,0,JointRecovery（本文方法，JR；完整框架 STK 迁移）；两种子均值,Greedy-rank+CHILS（贪心请求排序内部对照）
validation,quality,FullCapacity-mean17/29,FullP1,300.0,True,True,816.8404566786485,816.8404566786485,HIGHER,2,"[853.8814122681506, 779.79950108903]",2,0,JointRecovery（本文方法，JR；完整框架 STK 迁移）；两种子均值,Independent-replacement+CHILS（独立替代估计对照）
validation,quality,FullCapacity-mean17/29,CHILS-p1,300.0,True,True,-85767.16698149475,-85767.16698149475,LOWER,2,"[-85374.2195513834, -86160.11441160622]",0,2,JointRecovery（本文方法，JR；完整框架 STK 迁移）；两种子均值,CHILS-p1（SEA 2025 公开 MWIS 算法）
validation,quality,FullCapacity-mean17/29,HiGHS-MILP,300.0,True,False,null,null,NOT_COMPARABLE_OR_NOT_PRODUCED,2,"[null, null]",null,null,JointRecovery（本文方法，JR；完整框架 STK 迁移）；两种子均值,HiGHS-MILP（通用 MILP 软件参照）
test,quality,FullCapacity-seed17,FullCheapSummary-mean17/29,10.0,False,True,-0.32789494504686445,-0.32789494504686445,LOWER,4,"[-1.3115797799546272, 0.0, 0.0, 0.0]",0,1,JointRecovery（本文方法，JR；完整框架 STK 迁移）；seed17,JR-CheapSummary（简化表示消融）；两种子均值
test,quality,FullCapacity-seed17,FullGreedy,10.0,False,True,0.0,0.0,TIED,4,"[0.0, 0.0, 0.0, 0.0]",0,0,JointRecovery（本文方法，JR；完整框架 STK 迁移）；seed17,Greedy-rank+CHILS（贪心请求排序内部对照）
test,quality,FullCapacity-seed17,FullP1,10.0,False,True,832.3952656361507,832.3952656361507,HIGHER,4,"[982.9959228364751, 843.7163202796364, 926.4616206062492, 576.4071988222422]",4,0,JointRecovery（本文方法，JR；完整框架 STK 迁移）；seed17,Independent-replacement+CHILS（独立替代估计对照）
test,quality,FullCapacity-seed17,CHILS-p1,10.0,False,True,-84158.41750501248,-84158.41750501248,LOWER,4,"[-84665.14594323037, -84780.0123902054, -84391.11875520076, -82797.39293141314]",0,4,JointRecovery（本文方法，JR；完整框架 STK 迁移）；seed17,CHILS-p1（SEA 2025 公开 MWIS 算法）
test,quality,FullCapacity-seed17,HiGHS-MILP,10.0,False,False,null,null,NOT_COMPARABLE_OR_NOT_PRODUCED,4,"[null, null, null, null]",null,null,JointRecovery（本文方法，JR；完整框架 STK 迁移）；seed17,HiGHS-MILP（通用 MILP 软件参照）
test,quality,FullCapacity-seed29,FullCheapSummary-mean17/29,10.0,False,True,22.288935764459893,22.288935764459893,HIGHER,4,"[1.3115797798382118, 0.0, 87.8441632783506, 0.0]",2,0,JointRecovery（本文方法，JR；完整框架 STK 迁移）；seed29,JR-CheapSummary（简化表示消融）；两种子均值
test,quality,FullCapacity-seed29,FullGreedy,10.0,False,True,22.616830709506758,22.616830709506758,HIGHER,4,"[2.623159559792839, 0.0, 87.8441632783506, 0.0]",2,0,JointRecovery（本文方法，JR；完整框架 STK 迁移）；seed29,Greedy-rank+CHILS（贪心请求排序内部对照）
test,quality,FullCapacity-seed29,FullP1,10.0,False,True,855.0120963456575,855.0120963456575,HIGHER,4,"[985.6190823962679, 843.7163202796364, 1014.3057838845998, 576.4071988222422]",4,0,JointRecovery（本文方法，JR；完整框架 STK 迁移）；seed29,Independent-replacement+CHILS（独立替代估计对照）
test,quality,FullCapacity-seed29,CHILS-p1,10.0,False,True,-84135.80067430297,-84135.80067430297,LOWER,4,"[-84662.52278367057, -84780.0123902054, -84303.27459192241, -82797.39293141314]",0,4,JointRecovery（本文方法，JR；完整框架 STK 迁移）；seed29,CHILS-p1（SEA 2025 公开 MWIS 算法）
test,quality,FullCapacity-seed29,HiGHS-MILP,10.0,False,False,null,null,NOT_COMPARABLE_OR_NOT_PRODUCED,4,"[null, null, null, null]",null,null,JointRecovery（本文方法，JR；完整框架 STK 迁移）；seed29,HiGHS-MILP（通用 MILP 软件参照）
test,quality,FullCapacity-mean17/29,FullCheapSummary-mean17/29,10.0,False,True,10.980520409764722,10.980520409764722,HIGHER,4,"[0.0, 0.0, 43.9220816391753, 0.0]",1,0,JointRecovery（本文方法，JR；完整框架 STK 迁移）；两种子均值,JR-CheapSummary（简化表示消融）；两种子均值
test,quality,FullCapacity-mean17/29,FullGreedy,10.0,False,True,11.308415354811586,11.308415354811586,HIGHER,4,"[1.3115797799546272, 0.0, 43.9220816391753, 0.0]",2,0,JointRecovery（本文方法，JR；完整框架 STK 迁移）；两种子均值,Greedy-rank+CHILS（贪心请求排序内部对照）
test,quality,FullCapacity-mean17/29,FullP1,10.0,False,True,843.7036809909623,843.7036809909623,HIGHER,4,"[984.3075026164297, 843.7163202796364, 970.3837022454245, 576.4071988222422]",4,0,JointRecovery（本文方法，JR；完整框架 STK 迁移）；两种子均值,Independent-replacement+CHILS（独立替代估计对照）
test,quality,FullCapacity-mean17/29,CHILS-p1,10.0,False,True,-84147.10908965766,-84147.10908965766,LOWER,4,"[-84663.83436345041, -84780.0123902054, -84347.19667356159, -82797.39293141314]",0,4,JointRecovery（本文方法，JR；完整框架 STK 迁移）；两种子均值,CHILS-p1（SEA 2025 公开 MWIS 算法）
test,quality,FullCapacity-mean17/29,HiGHS-MILP,10.0,False,False,null,null,NOT_COMPARABLE_OR_NOT_PRODUCED,4,"[null, null, null, null]",null,null,JointRecovery（本文方法，JR；完整框架 STK 迁移）；两种子均值,HiGHS-MILP（通用 MILP 软件参照）
test,quality,FullCapacity-seed17,FullCheapSummary-mean17/29,30.0,False,True,-0.32789494504686445,-0.32789494504686445,LOWER,4,"[-1.3115797799546272, 0.0, 0.0, 0.0]",0,1,JointRecovery（本文方法，JR；完整框架 STK 迁移）；seed17,JR-CheapSummary（简化表示消融）；两种子均值
test,quality,FullCapacity-seed17,FullGreedy,30.0,False,True,0.0,0.0,TIED,4,"[0.0, 0.0, 0.0, 0.0]",0,0,JointRecovery（本文方法，JR；完整框架 STK 迁移）；seed17,Greedy-rank+CHILS（贪心请求排序内部对照）
test,quality,FullCapacity-seed17,FullP1,30.0,False,True,832.3952656361507,832.3952656361507,HIGHER,4,"[982.9959228364751, 843.7163202796364, 926.4616206062492, 576.4071988222422]",4,0,JointRecovery（本文方法，JR；完整框架 STK 迁移）；seed17,Independent-replacement+CHILS（独立替代估计对照）
test,quality,FullCapacity-seed17,CHILS-p1,30.0,False,True,-85669.21178375988,-85669.21178375988,LOWER,4,"[-86079.10885159124, -86218.16785161779, -85950.44399668125, -84429.1264351497]",0,4,JointRecovery（本文方法，JR；完整框架 STK 迁移）；seed17,CHILS-p1（SEA 2025 公开 MWIS 算法）
test,quality,FullCapacity-seed17,HiGHS-MILP,30.0,False,False,null,null,NOT_COMPARABLE_OR_NOT_PRODUCED,4,"[null, null, null, null]",null,null,JointRecovery（本文方法，JR；完整框架 STK 迁移）；seed17,HiGHS-MILP（通用 MILP 软件参照）
test,quality,FullCapacity-seed29,FullCheapSummary-mean17/29,30.0,False,True,22.288935764459893,22.288935764459893,HIGHER,4,"[1.3115797798382118, 0.0, 87.8441632783506, 0.0]",2,0,JointRecovery（本文方法，JR；完整框架 STK 迁移）；seed29,JR-CheapSummary（简化表示消融）；两种子均值
test,quality,FullCapacity-seed29,FullGreedy,30.0,False,True,22.616830709506758,22.616830709506758,HIGHER,4,"[2.623159559792839, 0.0, 87.8441632783506, 0.0]",2,0,JointRecovery（本文方法，JR；完整框架 STK 迁移）；seed29,Greedy-rank+CHILS（贪心请求排序内部对照）
test,quality,FullCapacity-seed29,FullP1,30.0,False,True,855.0120963456575,855.0120963456575,HIGHER,4,"[985.6190823962679, 843.7163202796364, 1014.3057838845998, 576.4071988222422]",4,0,JointRecovery（本文方法，JR；完整框架 STK 迁移）；seed29,Independent-replacement+CHILS（独立替代估计对照）
test,quality,FullCapacity-seed29,CHILS-p1,30.0,False,True,-85646.59495305037,-85646.59495305037,LOWER,4,"[-86076.48569203145, -86218.16785161779, -85862.5998334029, -84429.1264351497]",0,4,JointRecovery（本文方法，JR；完整框架 STK 迁移）；seed29,CHILS-p1（SEA 2025 公开 MWIS 算法）
test,quality,FullCapacity-seed29,HiGHS-MILP,30.0,False,False,null,null,NOT_COMPARABLE_OR_NOT_PRODUCED,4,"[null, null, null, null]",null,null,JointRecovery（本文方法，JR；完整框架 STK 迁移）；seed29,HiGHS-MILP（通用 MILP 软件参照）
test,quality,FullCapacity-mean17/29,FullCheapSummary-mean17/29,30.0,False,True,10.980520409764722,10.980520409764722,HIGHER,4,"[0.0, 0.0, 43.9220816391753, 0.0]",1,0,JointRecovery（本文方法，JR；完整框架 STK 迁移）；两种子均值,JR-CheapSummary（简化表示消融）；两种子均值
test,quality,FullCapacity-mean17/29,FullGreedy,30.0,False,True,11.308415354811586,11.308415354811586,HIGHER,4,"[1.3115797799546272, 0.0, 43.9220816391753, 0.0]",2,0,JointRecovery（本文方法，JR；完整框架 STK 迁移）；两种子均值,Greedy-rank+CHILS（贪心请求排序内部对照）
test,quality,FullCapacity-mean17/29,FullP1,30.0,False,True,843.7036809909623,843.7036809909623,HIGHER,4,"[984.3075026164297, 843.7163202796364, 970.3837022454245, 576.4071988222422]",4,0,JointRecovery（本文方法，JR；完整框架 STK 迁移）；两种子均值,Independent-replacement+CHILS（独立替代估计对照）
test,quality,FullCapacity-mean17/29,CHILS-p1,30.0,False,True,-85657.90336840507,-85657.90336840507,LOWER,4,"[-86077.79727181129, -86218.16785161779, -85906.52191504207, -84429.1264351497]",0,4,JointRecovery（本文方法，JR；完整框架 STK 迁移）；两种子均值,CHILS-p1（SEA 2025 公开 MWIS 算法）
test,quality,FullCapacity-mean17/29,HiGHS-MILP,30.0,False,False,null,null,NOT_COMPARABLE_OR_NOT_PRODUCED,4,"[null, null, null, null]",null,null,JointRecovery（本文方法，JR；完整框架 STK 迁移）；两种子均值,HiGHS-MILP（通用 MILP 软件参照）
test,quality,FullCapacity-seed17,FullCheapSummary-mean17/29,60.0,False,True,-0.32789494504686445,-0.32789494504686445,LOWER,4,"[-1.3115797799546272, 0.0, 0.0, 0.0]",0,1,JointRecovery（本文方法，JR；完整框架 STK 迁移）；seed17,JR-CheapSummary（简化表示消融）；两种子均值
test,quality,FullCapacity-seed17,FullGreedy,60.0,False,True,0.0,0.0,TIED,4,"[0.0, 0.0, 0.0, 0.0]",0,0,JointRecovery（本文方法，JR；完整框架 STK 迁移）；seed17,Greedy-rank+CHILS（贪心请求排序内部对照）
test,quality,FullCapacity-seed17,FullP1,60.0,False,True,832.3952656361507,832.3952656361507,HIGHER,4,"[982.9959228364751, 843.7163202796364, 926.4616206062492, 576.4071988222422]",4,0,JointRecovery（本文方法，JR；完整框架 STK 迁移）；seed17,Independent-replacement+CHILS（独立替代估计对照）
test,quality,FullCapacity-seed17,CHILS-p1,60.0,False,True,-86320.10933489201,-86320.10933489201,LOWER,4,"[-87274.50475464703, -86584.103810556, -86426.92185689381, -84994.9069174712]",0,4,JointRecovery（本文方法，JR；完整框架 STK 迁移）；seed17,CHILS-p1（SEA 2025 公开 MWIS 算法）
test,quality,FullCapacity-seed17,HiGHS-MILP,60.0,False,False,null,null,NOT_COMPARABLE_OR_NOT_PRODUCED,4,"[null, null, null, null]",null,null,JointRecovery（本文方法，JR；完整框架 STK 迁移）；seed17,HiGHS-MILP（通用 MILP 软件参照）
test,quality,FullCapacity-seed29,FullCheapSummary-mean17/29,60.0,False,True,22.288935764459893,22.288935764459893,HIGHER,4,"[1.3115797798382118, 0.0, 87.8441632783506, 0.0]",2,0,JointRecovery（本文方法，JR；完整框架 STK 迁移）；seed29,JR-CheapSummary（简化表示消融）；两种子均值
test,quality,FullCapacity-seed29,FullGreedy,60.0,False,True,22.616830709506758,22.616830709506758,HIGHER,4,"[2.623159559792839, 0.0, 87.8441632783506, 0.0]",2,0,JointRecovery（本文方法，JR；完整框架 STK 迁移）；seed29,Greedy-rank+CHILS（贪心请求排序内部对照）
test,quality,FullCapacity-seed29,FullP1,60.0,False,True,855.0120963456575,855.0120963456575,HIGHER,4,"[985.6190823962679, 843.7163202796364, 1014.3057838845998, 576.4071988222422]",4,0,JointRecovery（本文方法，JR；完整框架 STK 迁移）；seed29,Independent-replacement+CHILS（独立替代估计对照）
test,quality,FullCapacity-seed29,CHILS-p1,60.0,False,True,-86297.4925041825,-86297.4925041825,LOWER,4,"[-87271.88159508724, -86584.103810556, -86339.07769361546, -84994.9069174712]",0,4,JointRecovery（本文方法，JR；完整框架 STK 迁移）；seed29,CHILS-p1（SEA 2025 公开 MWIS 算法）
test,quality,FullCapacity-seed29,HiGHS-MILP,60.0,False,False,null,null,NOT_COMPARABLE_OR_NOT_PRODUCED,4,"[null, null, null, null]",null,null,JointRecovery（本文方法，JR；完整框架 STK 迁移）；seed29,HiGHS-MILP（通用 MILP 软件参照）
test,quality,FullCapacity-mean17/29,FullCheapSummary-mean17/29,60.0,False,True,10.980520409764722,10.980520409764722,HIGHER,4,"[0.0, 0.0, 43.9220816391753, 0.0]",1,0,JointRecovery（本文方法，JR；完整框架 STK 迁移）；两种子均值,JR-CheapSummary（简化表示消融）；两种子均值
test,quality,FullCapacity-mean17/29,FullGreedy,60.0,False,True,11.308415354811586,11.308415354811586,HIGHER,4,"[1.3115797799546272, 0.0, 43.9220816391753, 0.0]",2,0,JointRecovery（本文方法，JR；完整框架 STK 迁移）；两种子均值,Greedy-rank+CHILS（贪心请求排序内部对照）
test,quality,FullCapacity-mean17/29,FullP1,60.0,False,True,843.7036809909623,843.7036809909623,HIGHER,4,"[984.3075026164297, 843.7163202796364, 970.3837022454245, 576.4071988222422]",4,0,JointRecovery（本文方法，JR；完整框架 STK 迁移）；两种子均值,Independent-replacement+CHILS（独立替代估计对照）
test,quality,FullCapacity-mean17/29,CHILS-p1,60.0,False,True,-86308.8009195372,-86308.8009195372,LOWER,4,"[-87273.19317486708, -86584.103810556, -86382.99977525463, -84994.9069174712]",0,4,JointRecovery（本文方法，JR；完整框架 STK 迁移）；两种子均值,CHILS-p1（SEA 2025 公开 MWIS 算法）
test,quality,FullCapacity-mean17/29,HiGHS-MILP,60.0,False,False,null,null,NOT_COMPARABLE_OR_NOT_PRODUCED,4,"[null, null, null, null]",null,null,JointRecovery（本文方法，JR；完整框架 STK 迁移）；两种子均值,HiGHS-MILP（通用 MILP 软件参照）
test,quality,FullCapacity-seed17,FullCheapSummary-mean17/29,120.0,False,True,-0.32789494504686445,-0.32789494504686445,LOWER,4,"[-1.3115797799546272, 0.0, 0.0, 0.0]",0,1,JointRecovery（本文方法，JR；完整框架 STK 迁移）；seed17,JR-CheapSummary（简化表示消融）；两种子均值
test,quality,FullCapacity-seed17,FullGreedy,120.0,False,True,0.0,0.0,TIED,4,"[0.0, 0.0, 0.0, 0.0]",0,0,JointRecovery（本文方法，JR；完整框架 STK 迁移）；seed17,Greedy-rank+CHILS（贪心请求排序内部对照）
test,quality,FullCapacity-seed17,FullP1,120.0,False,True,832.3952656361507,832.3952656361507,HIGHER,4,"[982.9959228364751, 843.7163202796364, 926.4616206062492, 576.4071988222422]",4,0,JointRecovery（本文方法，JR；完整框架 STK 迁移）；seed17,Independent-replacement+CHILS（独立替代估计对照）
test,quality,FullCapacity-seed17,CHILS-p1,120.0,False,True,-86609.51519627601,-86609.51519627601,LOWER,4,"[-87731.40281326219, -86779.02209454076, -86612.04067400924, -85315.59520329232]",0,4,JointRecovery（本文方法，JR；完整框架 STK 迁移）；seed17,CHILS-p1（SEA 2025 公开 MWIS 算法）
test,quality,FullCapacity-seed17,HiGHS-MILP,120.0,False,False,null,null,NOT_COMPARABLE_OR_NOT_PRODUCED,4,"[null, null, null, null]",null,null,JointRecovery（本文方法，JR；完整框架 STK 迁移）；seed17,HiGHS-MILP（通用 MILP 软件参照）
test,quality,FullCapacity-seed29,FullCheapSummary-mean17/29,120.0,False,True,22.288935764459893,22.288935764459893,HIGHER,4,"[1.3115797798382118, 0.0, 87.8441632783506, 0.0]",2,0,JointRecovery（本文方法，JR；完整框架 STK 迁移）；seed29,JR-CheapSummary（简化表示消融）；两种子均值
test,quality,FullCapacity-seed29,FullGreedy,120.0,False,True,22.616830709506758,22.616830709506758,HIGHER,4,"[2.623159559792839, 0.0, 87.8441632783506, 0.0]",2,0,JointRecovery（本文方法，JR；完整框架 STK 迁移）；seed29,Greedy-rank+CHILS（贪心请求排序内部对照）
test,quality,FullCapacity-seed29,FullP1,120.0,False,True,855.0120963456575,855.0120963456575,HIGHER,4,"[985.6190823962679, 843.7163202796364, 1014.3057838845998, 576.4071988222422]",4,0,JointRecovery（本文方法，JR；完整框架 STK 迁移）；seed29,Independent-replacement+CHILS（独立替代估计对照）
test,quality,FullCapacity-seed29,CHILS-p1,120.0,False,True,-86586.8983655665,-86586.8983655665,LOWER,4,"[-87728.7796537024, -86779.02209454076, -86524.1965107309, -85315.59520329232]",0,4,JointRecovery（本文方法，JR；完整框架 STK 迁移）；seed29,CHILS-p1（SEA 2025 公开 MWIS 算法）
test,quality,FullCapacity-seed29,HiGHS-MILP,120.0,False,False,null,null,NOT_COMPARABLE_OR_NOT_PRODUCED,4,"[null, null, null, null]",null,null,JointRecovery（本文方法，JR；完整框架 STK 迁移）；seed29,HiGHS-MILP（通用 MILP 软件参照）
test,quality,FullCapacity-mean17/29,FullCheapSummary-mean17/29,120.0,False,True,10.980520409764722,10.980520409764722,HIGHER,4,"[0.0, 0.0, 43.9220816391753, 0.0]",1,0,JointRecovery（本文方法，JR；完整框架 STK 迁移）；两种子均值,JR-CheapSummary（简化表示消融）；两种子均值
test,quality,FullCapacity-mean17/29,FullGreedy,120.0,False,True,11.308415354811586,11.308415354811586,HIGHER,4,"[1.3115797799546272, 0.0, 43.9220816391753, 0.0]",2,0,JointRecovery（本文方法，JR；完整框架 STK 迁移）；两种子均值,Greedy-rank+CHILS（贪心请求排序内部对照）
test,quality,FullCapacity-mean17/29,FullP1,120.0,False,True,843.7036809909623,843.7036809909623,HIGHER,4,"[984.3075026164297, 843.7163202796364, 970.3837022454245, 576.4071988222422]",4,0,JointRecovery（本文方法，JR；完整框架 STK 迁移）；两种子均值,Independent-replacement+CHILS（独立替代估计对照）
test,quality,FullCapacity-mean17/29,CHILS-p1,120.0,False,True,-86598.2067809212,-86598.2067809212,LOWER,4,"[-87730.09123348224, -86779.02209454076, -86568.11859237007, -85315.59520329232]",0,4,JointRecovery（本文方法，JR；完整框架 STK 迁移）；两种子均值,CHILS-p1（SEA 2025 公开 MWIS 算法）
test,quality,FullCapacity-mean17/29,HiGHS-MILP,120.0,False,False,null,null,NOT_COMPARABLE_OR_NOT_PRODUCED,4,"[null, null, null, null]",null,null,JointRecovery（本文方法，JR；完整框架 STK 迁移）；两种子均值,HiGHS-MILP（通用 MILP 软件参照）
test,quality,FullCapacity-seed17,FullCheapSummary-mean17/29,300.0,True,True,-0.32789494504686445,-0.32789494504686445,LOWER,4,"[-1.3115797799546272, 0.0, 0.0, 0.0]",0,1,JointRecovery（本文方法，JR；完整框架 STK 迁移）；seed17,JR-CheapSummary（简化表示消融）；两种子均值
test,quality,FullCapacity-seed17,FullGreedy,300.0,True,True,0.0,0.0,TIED,4,"[0.0, 0.0, 0.0, 0.0]",0,0,JointRecovery（本文方法，JR；完整框架 STK 迁移）；seed17,Greedy-rank+CHILS（贪心请求排序内部对照）
test,quality,FullCapacity-seed17,FullP1,300.0,True,True,832.3952656361507,832.3952656361507,HIGHER,4,"[982.9959228364751, 843.7163202796364, 926.4616206062492, 576.4071988222422]",4,0,JointRecovery（本文方法，JR；完整框架 STK 迁移）；seed17,Independent-replacement+CHILS（独立替代估计对照）
test,quality,FullCapacity-seed17,CHILS-p1,300.0,True,True,-86621.25091277866,-86621.25091277866,LOWER,4,"[-87741.28624376294, -86779.02209454076, -86612.04067400924, -85352.65463880193]",0,4,JointRecovery（本文方法，JR；完整框架 STK 迁移）；seed17,CHILS-p1（SEA 2025 公开 MWIS 算法）
test,quality,FullCapacity-seed17,HiGHS-MILP,300.0,True,False,null,null,NOT_COMPARABLE_OR_NOT_PRODUCED,4,"[null, null, null, null]",null,null,JointRecovery（本文方法，JR；完整框架 STK 迁移）；seed17,HiGHS-MILP（通用 MILP 软件参照）
test,quality,FullCapacity-seed29,FullCheapSummary-mean17/29,300.0,True,True,22.288935764459893,22.288935764459893,HIGHER,4,"[1.3115797798382118, 0.0, 87.8441632783506, 0.0]",2,0,JointRecovery（本文方法，JR；完整框架 STK 迁移）；seed29,JR-CheapSummary（简化表示消融）；两种子均值
test,quality,FullCapacity-seed29,FullGreedy,300.0,True,True,22.616830709506758,22.616830709506758,HIGHER,4,"[2.623159559792839, 0.0, 87.8441632783506, 0.0]",2,0,JointRecovery（本文方法，JR；完整框架 STK 迁移）；seed29,Greedy-rank+CHILS（贪心请求排序内部对照）
test,quality,FullCapacity-seed29,FullP1,300.0,True,True,855.0120963456575,855.0120963456575,HIGHER,4,"[985.6190823962679, 843.7163202796364, 1014.3057838845998, 576.4071988222422]",4,0,JointRecovery（本文方法，JR；完整框架 STK 迁移）；seed29,Independent-replacement+CHILS（独立替代估计对照）
test,quality,FullCapacity-seed29,CHILS-p1,300.0,True,True,-86598.63408206915,-86598.63408206915,LOWER,4,"[-87738.66308420314, -86779.02209454076, -86524.1965107309, -85352.65463880193]",0,4,JointRecovery（本文方法，JR；完整框架 STK 迁移）；seed29,CHILS-p1（SEA 2025 公开 MWIS 算法）
test,quality,FullCapacity-seed29,HiGHS-MILP,300.0,True,False,null,null,NOT_COMPARABLE_OR_NOT_PRODUCED,4,"[null, null, null, null]",null,null,JointRecovery（本文方法，JR；完整框架 STK 迁移）；seed29,HiGHS-MILP（通用 MILP 软件参照）
test,quality,FullCapacity-mean17/29,FullCheapSummary-mean17/29,300.0,True,True,10.980520409764722,10.980520409764722,HIGHER,4,"[0.0, 0.0, 43.9220816391753, 0.0]",1,0,JointRecovery（本文方法，JR；完整框架 STK 迁移）；两种子均值,JR-CheapSummary（简化表示消融）；两种子均值
test,quality,FullCapacity-mean17/29,FullGreedy,300.0,True,True,11.308415354811586,11.308415354811586,HIGHER,4,"[1.3115797799546272, 0.0, 43.9220816391753, 0.0]",2,0,JointRecovery（本文方法，JR；完整框架 STK 迁移）；两种子均值,Greedy-rank+CHILS（贪心请求排序内部对照）
test,quality,FullCapacity-mean17/29,FullP1,300.0,True,True,843.7036809909623,843.7036809909623,HIGHER,4,"[984.3075026164297, 843.7163202796364, 970.3837022454245, 576.4071988222422]",4,0,JointRecovery（本文方法，JR；完整框架 STK 迁移）；两种子均值,Independent-replacement+CHILS（独立替代估计对照）
test,quality,FullCapacity-mean17/29,CHILS-p1,300.0,True,True,-86609.94249742385,-86609.94249742385,LOWER,4,"[-87739.97466398298, -86779.02209454076, -86568.11859237007, -85352.65463880193]",0,4,JointRecovery（本文方法，JR；完整框架 STK 迁移）；两种子均值,CHILS-p1（SEA 2025 公开 MWIS 算法）
test,quality,FullCapacity-mean17/29,HiGHS-MILP,300.0,True,False,null,null,NOT_COMPARABLE_OR_NOT_PRODUCED,4,"[null, null, null, null]",null,null,JointRecovery（本文方法，JR；完整框架 STK 迁移）；两种子均值,HiGHS-MILP（通用 MILP 软件参照）
