phase,budget_id,policy_label,seed_count,grid_complete,is_primary_quality_allowance,deadline_seconds,physical_source_count,declared_cells,received_cells,complete_quality_cells,incomplete_quality_cells,observed_late_cells,submission_failure_cells,no_native_output_cells,initial_S_seconds,complete_objective_seconds,complete_gain_seconds,complete_gain_percent,caller_seconds,whole_cli_seconds_including_resident_setup,complete_result_rate,native_output_rate,external_fallback_only_rate,legit_no_native_required_rate,on_time_return_rate,observed_late_rate,submission_failure_rate,unknown_completion_rate,actual_native_calls,verified_native_responses,failed_completed_requests,strict_gain_seconds_secondary,actual_return_objective_seconds_diagnostic,paid_prefix_seconds_diagnostic,beyond_paid_prefix_seconds_diagnostic,complete_objective_seconds_fit_seed_min,complete_objective_seconds_fit_seed_max,complete_gain_seconds_fit_seed_min,complete_gain_seconds_fit_seed_max,complete_gain_percent_fit_seed_min,complete_gain_percent_fit_seed_max,caller_seconds_fit_seed_min,caller_seconds_fit_seed_max,fit_seed_range_is_not_CI,method_display,method_display_en,method_role
validation,quality,FullCapacity-mean17/29,2,True,False,10.0,2,24,24,24.0,0,0.0,0.0,0,1044740.0993502066,1047223.9102086555,2483.8108584490014,0.24300051774015335,3.995423989215245,9.989496265538037,1.0,1.0,0.0,0.0,1.0,0.0,0.0,0.0,7.875,7.875,0.0,2483.8108584490014,1047223.9102086555,1638.064711345709,845.7461471032923,1047188.6957402716,1047259.1246770395,2448.5963900650386,2519.0253268329643,0.23834568294755443,0.2476553525327523,3.3019783341636257,4.688869644266863,True,JointRecovery（本文方法，JR；完整框架 STK 迁移）；两种子均值,"JointRecovery (JR, ours); 2-seed mean",PROPOSED_FULL_FRAMEWORK
validation,quality,FullCapacity-seed17,1,True,False,10.0,2,12,12,12.0,0,0.0,0.0,0,1044740.0993502066,1047188.6957402716,2448.5963900650386,0.23834568294755443,3.3019783341636257,9.213748567427198,1.0,1.0,0.0,0.0,1.0,0.0,0.0,0.0,7.75,7.75,0.0,2448.5963900650386,1047188.6957402716,1638.064711345709,810.5316787193296,1047188.6957402716,1047188.6957402716,2448.5963900650386,2448.5963900650386,0.23834568294755443,0.23834568294755443,3.3019783341636257,3.3019783341636257,True,JointRecovery（本文方法，JR；完整框架 STK 迁移）；seed17,"JointRecovery (JR, ours); seed17",PROPOSED_FULL_FRAMEWORK
validation,quality,FullCapacity-seed29,1,True,False,10.0,2,12,12,12.0,0,0.0,0.0,0,1044740.0993502066,1047259.1246770395,2519.0253268329643,0.2476553525327523,4.688869644266863,10.765243963648874,1.0,1.0,0.0,0.0,1.0,0.0,0.0,0.0,8.0,8.0,0.0,2519.0253268329643,1047259.1246770395,1638.064711345709,880.960615487255,1047259.1246770395,1047259.1246770395,2519.0253268329643,2519.0253268329643,0.2476553525327523,0.2476553525327523,4.688869644266863,4.688869644266863,True,JointRecovery（本文方法，JR；完整框架 STK 迁移）；seed29,"JointRecovery (JR, ours); seed29",PROPOSED_FULL_FRAMEWORK
validation,quality,FullCheapSummary-mean17/29,2,True,False,10.0,2,24,24,24.0,0,0.0,0.0,0,1044740.0993502066,1047083.250415591,2343.151065384668,0.22784546408272918,3.9971937754501896,9.80452645678694,1.0,1.0,0.0,0.0,1.0,0.0,0.0,0.0,7.791666666666666,7.791666666666666,0.0,2343.151065384668,1047083.250415591,1638.064711345709,705.0863540389594,1047071.2263212812,1047095.2745099012,2331.1269710747097,2355.175159694627,0.22664301584340507,0.2290479123220533,3.76024931948632,4.234138231414059,True,JR-CheapSummary（简化表示消融）；两种子均值,JR-CheapSummary; 2-seed mean,SIMPLIFIED_REPRESENTATION_ABLATION
validation,quality,FullCheapSummary-seed17,1,True,False,10.0,2,12,12,12.0,0,0.0,0.0,0,1044740.0993502066,1047071.2263212812,2331.1269710747097,0.22664301584340507,4.234138231414059,10.058796780183911,1.0,1.0,0.0,0.0,1.0,0.0,0.0,0.0,7.75,7.75,0.0,2331.1269710747097,1047071.2263212812,1638.064711345709,693.062259729001,1047071.2263212812,1047071.2263212812,2331.1269710747097,2331.1269710747097,0.22664301584340507,0.22664301584340507,4.234138231414059,4.234138231414059,True,JR-CheapSummary（简化表示消融）；seed17,JR-CheapSummary; seed17,SIMPLIFIED_REPRESENTATION_ABLATION
validation,quality,FullCheapSummary-seed29,1,True,False,10.0,2,12,12,12.0,0,0.0,0.0,0,1044740.0993502066,1047095.2745099012,2355.175159694627,0.2290479123220533,3.76024931948632,9.550256133389968,1.0,1.0,0.0,0.0,1.0,0.0,0.0,0.0,7.833333333333333,7.833333333333333,0.0,2355.175159694627,1047095.2745099012,1638.064711345709,717.110448348918,1047095.2745099012,1047095.2745099012,2355.175159694627,2355.175159694627,0.2290479123220533,0.2290479123220533,3.76024931948632,3.76024931948632,True,JR-CheapSummary（简化表示消融）；seed29,JR-CheapSummary; seed29,SIMPLIFIED_REPRESENTATION_ABLATION
validation,quality,FullP1,1,True,False,10.0,2,12,12,12.0,0,0.0,0.0,3,1044740.0993502066,1046407.0697519769,1666.9704017703577,0.16160355060380588,1.9327230270331104,7.583237845761081,1.0,0.75,0.0,0.25,1.0,0.0,0.0,0.0,5.416666666666666,5.416666666666666,0.0,1666.9704017703577,1046407.0697519769,1638.064711345709,28.905690424648736,1046407.0697519769,1046407.0697519769,1666.9704017703577,1666.9704017703577,0.16160355060380588,0.16160355060380588,1.9327230270331104,1.9327230270331104,True,Independent-replacement+CHILS（独立替代估计对照）,Independent-replacement+CHILS,INTERNAL_INDEPENDENT_REPLACEMENT_CONTROL
validation,quality,FullGreedy,1,True,False,10.0,2,12,12,12.0,0,0.0,0.0,0,1044740.0993502066,1047188.6957402716,2448.5963900650386,0.23834568294755443,1.7407040316611528,7.615612406904498,1.0,1.0,0.0,0.0,1.0,0.0,0.0,0.0,7.75,7.75,0.0,2448.5963900650386,1047188.6957402716,1638.064711345709,810.5316787193296,1047188.6957402716,1047188.6957402716,2448.5963900650386,2448.5963900650386,0.23834568294755443,0.23834568294755443,1.7407040316611528,1.7407040316611528,True,Greedy-rank+CHILS（贪心请求排序内部对照）,Greedy-rank+CHILS,INTERNAL_GREEDY_REQUEST_RANKING
validation,quality,CHILS-p1,1,True,False,10.0,2,12,12,12.0,0,0.0,0.0,0,1044740.0993502066,1130559.9229300465,85819.82357983988,8.41576334966058,7.260341196631392,9.156167235846322,1.0,1.0,0.0,0.0,1.0,0.0,0.0,0.0,1.0,0.0,0.0,85819.82357983988,1130559.9229300465,0.0,85819.82357983988,1130559.9229300465,1130559.9229300465,85819.82357983988,85819.82357983988,8.41576334966058,8.41576334966058,7.260341196631392,7.260341196631392,True,CHILS-p1（SEA 2025 公开 MWIS 算法）,CHILS-p1 (SEA 2025),PUBLISHED_MWIS_BASELINE
validation,quality,HiGHS-MILP,1,True,False,10.0,2,12,12,7.0,5,5.0,0.0,5,1044740.0993502066,null,null,null,8.98033166769892,11.25888049447288,0.5833333333333333,0.5833333333333333,0.41666666666666663,0.0,0.5833333333333333,0.41666666666666663,0.0,0.0,null,0.0,0.0,0.0,1044740.0993502066,0.0,0.0,null,null,null,null,null,null,8.98033166769892,8.98033166769892,True,HiGHS-MILP（通用 MILP 软件参照）,HiGHS (generic MILP),GENERIC_MILP_SOFTWARE_REFERENCE
validation,quality,FullCapacity-mean17/29,2,True,False,30.0,2,24,24,24.0,0,0.0,0.0,0,1044740.0993502066,1047223.9102086555,2483.8108584490014,0.24300051774015335,4.719313190939526,10.623273462367553,1.0,1.0,0.0,0.0,1.0,0.0,0.0,0.0,7.875,7.875,0.0,2483.8108584490014,1047223.9102086555,1638.064711345709,845.7461471032923,1047188.6957402716,1047259.1246770395,2448.5963900650386,2519.0253268329643,0.23834568294755443,0.2476553525327523,3.97692686971277,5.461699512166281,True,JointRecovery（本文方法，JR；完整框架 STK 迁移）；两种子均值,"JointRecovery (JR, ours); 2-seed mean",PROPOSED_FULL_FRAMEWORK
validation,quality,FullCapacity-seed17,1,True,False,30.0,2,12,12,12.0,0,0.0,0.0,0,1044740.0993502066,1047188.6957402716,2448.5963900650386,0.23834568294755443,3.97692686971277,9.899621171876788,1.0,1.0,0.0,0.0,1.0,0.0,0.0,0.0,7.75,7.75,0.0,2448.5963900650386,1047188.6957402716,1638.064711345709,810.5316787193296,1047188.6957402716,1047188.6957402716,2448.5963900650386,2448.5963900650386,0.23834568294755443,0.23834568294755443,3.97692686971277,3.97692686971277,True,JointRecovery（本文方法，JR；完整框架 STK 迁移）；seed17,"JointRecovery (JR, ours); seed17",PROPOSED_FULL_FRAMEWORK
validation,quality,FullCapacity-seed29,1,True,False,30.0,2,12,12,12.0,0,0.0,0.0,0,1044740.0993502066,1047259.1246770395,2519.0253268329643,0.2476553525327523,5.461699512166281,11.346925752858322,1.0,1.0,0.0,0.0,1.0,0.0,0.0,0.0,8.0,8.0,0.0,2519.0253268329643,1047259.1246770395,1638.064711345709,880.960615487255,1047259.1246770395,1047259.1246770395,2519.0253268329643,2519.0253268329643,0.2476553525327523,0.2476553525327523,5.461699512166281,5.461699512166281,True,JointRecovery（本文方法，JR；完整框架 STK 迁移）；seed29,"JointRecovery (JR, ours); seed29",PROPOSED_FULL_FRAMEWORK
validation,quality,FullCheapSummary-mean17/29,2,True,False,30.0,2,24,24,24.0,0,0.0,0.0,0,1044740.0993502066,1047083.250415591,2343.151065384668,0.22784546408272918,4.0608754173542065,10.00988207757473,1.0,1.0,0.0,0.0,1.0,0.0,0.0,0.0,7.791666666666666,7.791666666666666,0.0,2343.151065384668,1047083.250415591,1638.064711345709,705.0863540389594,1047071.2263212812,1047095.2745099012,2331.1269710747097,2355.175159694627,0.22664301584340507,0.2290479123220533,3.8301041830951967,4.291646651613215,True,JR-CheapSummary（简化表示消融）；两种子均值,JR-CheapSummary; 2-seed mean,SIMPLIFIED_REPRESENTATION_ABLATION
validation,quality,FullCheapSummary-seed17,1,True,False,30.0,2,12,12,12.0,0,0.0,0.0,0,1044740.0993502066,1047071.2263212812,2331.1269710747097,0.22664301584340507,4.291646651613215,10.284266167320311,1.0,1.0,0.0,0.0,1.0,0.0,0.0,0.0,7.75,7.75,0.0,2331.1269710747097,1047071.2263212812,1638.064711345709,693.062259729001,1047071.2263212812,1047071.2263212812,2331.1269710747097,2331.1269710747097,0.22664301584340507,0.22664301584340507,4.291646651613215,4.291646651613215,True,JR-CheapSummary（简化表示消融）；seed17,JR-CheapSummary; seed17,SIMPLIFIED_REPRESENTATION_ABLATION
validation,quality,FullCheapSummary-seed29,1,True,False,30.0,2,12,12,12.0,0,0.0,0.0,0,1044740.0993502066,1047095.2745099012,2355.175159694627,0.2290479123220533,3.8301041830951967,9.735497987829149,1.0,1.0,0.0,0.0,1.0,0.0,0.0,0.0,7.833333333333333,7.833333333333333,0.0,2355.175159694627,1047095.2745099012,1638.064711345709,717.110448348918,1047095.2745099012,1047095.2745099012,2355.175159694627,2355.175159694627,0.2290479123220533,0.2290479123220533,3.8301041830951967,3.8301041830951967,True,JR-CheapSummary（简化表示消融）；seed29,JR-CheapSummary; seed29,SIMPLIFIED_REPRESENTATION_ABLATION
validation,quality,FullP1,1,True,False,30.0,2,12,12,12.0,0,0.0,0.0,3,1044740.0993502066,1046407.0697519769,1666.9704017703577,0.16160355060380588,1.9424599570532641,8.043167245263854,1.0,0.75,0.0,0.25,1.0,0.0,0.0,0.0,5.416666666666666,5.416666666666666,0.0,1666.9704017703577,1046407.0697519769,1638.064711345709,28.905690424648736,1046407.0697519769,1046407.0697519769,1666.9704017703577,1666.9704017703577,0.16160355060380588,0.16160355060380588,1.9424599570532641,1.9424599570532641,True,Independent-replacement+CHILS（独立替代估计对照）,Independent-replacement+CHILS,INTERNAL_INDEPENDENT_REPLACEMENT_CONTROL
validation,quality,FullGreedy,1,True,False,30.0,2,12,12,12.0,0,0.0,0.0,0,1044740.0993502066,1047188.6957402716,2448.5963900650386,0.23834568294755443,1.6824201031898458,7.235988395288587,1.0,1.0,0.0,0.0,1.0,0.0,0.0,0.0,7.75,7.75,0.0,2448.5963900650386,1047188.6957402716,1638.064711345709,810.5316787193296,1047188.6957402716,1047188.6957402716,2448.5963900650386,2448.5963900650386,0.23834568294755443,0.23834568294755443,1.6824201031898458,1.6824201031898458,True,Greedy-rank+CHILS（贪心请求排序内部对照）,Greedy-rank+CHILS,INTERNAL_GREEDY_REQUEST_RANKING
validation,quality,CHILS-p1,1,True,False,30.0,2,12,12,12.0,0,0.0,0.0,0,1044740.0993502066,1131933.5700173343,87193.47066712796,8.550743395290173,21.256989993155003,23.055270586783685,1.0,1.0,0.0,0.0,1.0,0.0,0.0,0.0,1.0,0.0,0.0,87193.47066712796,1131933.5700173343,0.0,87193.47066712796,1131933.5700173343,1131933.5700173343,87193.47066712796,87193.47066712796,8.550743395290173,8.550743395290173,21.256989993155003,21.256989993155003,True,CHILS-p1（SEA 2025 公开 MWIS 算法）,CHILS-p1 (SEA 2025),PUBLISHED_MWIS_BASELINE
validation,quality,HiGHS-MILP,1,True,False,30.0,2,12,12,8.0,4,4.0,0.0,4,1044740.0993502066,null,null,null,25.3211508160457,27.49269441049546,0.6666666666666666,0.6666666666666666,0.3333333333333333,0.0,0.6666666666666666,0.3333333333333333,0.0,0.0,null,0.0,0.0,0.0,1044740.0993502066,0.0,0.0,null,null,null,null,null,null,25.3211508160457,25.3211508160457,True,HiGHS-MILP（通用 MILP 软件参照）,HiGHS (generic MILP),GENERIC_MILP_SOFTWARE_REFERENCE
validation,quality,FullCapacity-mean17/29,2,True,False,60.0,2,24,24,24.0,0,0.0,0.0,0,1044740.0993502066,1047223.9102086555,2483.8108584490014,0.24300051774015335,3.881040764662127,9.589791986004759,1.0,1.0,0.0,0.0,1.0,0.0,0.0,0.0,7.875,7.875,0.0,2483.8108584490014,1047223.9102086555,1638.064711345709,845.7461471032923,1047188.6957402716,1047259.1246770395,2448.5963900650386,2519.0253268329643,0.23834568294755443,0.2476553525327523,3.120198762975633,4.64188276634862,True,JointRecovery（本文方法，JR；完整框架 STK 迁移）；两种子均值,"JointRecovery (JR, ours); 2-seed mean",PROPOSED_FULL_FRAMEWORK
validation,quality,FullCapacity-seed17,1,True,False,60.0,2,12,12,12.0,0,0.0,0.0,0,1044740.0993502066,1047188.6957402716,2448.5963900650386,0.23834568294755443,3.120198762975633,8.816163066464167,1.0,1.0,0.0,0.0,1.0,0.0,0.0,0.0,7.75,7.75,0.0,2448.5963900650386,1047188.6957402716,1638.064711345709,810.5316787193296,1047188.6957402716,1047188.6957402716,2448.5963900650386,2448.5963900650386,0.23834568294755443,0.23834568294755443,3.120198762975633,3.120198762975633,True,JointRecovery（本文方法，JR；完整框架 STK 迁移）；seed17,"JointRecovery (JR, ours); seed17",PROPOSED_FULL_FRAMEWORK
validation,quality,FullCapacity-seed29,1,True,False,60.0,2,12,12,12.0,0,0.0,0.0,0,1044740.0993502066,1047259.1246770395,2519.0253268329643,0.2476553525327523,4.64188276634862,10.363420905545354,1.0,1.0,0.0,0.0,1.0,0.0,0.0,0.0,8.0,8.0,0.0,2519.0253268329643,1047259.1246770395,1638.064711345709,880.960615487255,1047259.1246770395,1047259.1246770395,2519.0253268329643,2519.0253268329643,0.2476553525327523,0.2476553525327523,4.64188276634862,4.64188276634862,True,JointRecovery（本文方法，JR；完整框架 STK 迁移）；seed29,"JointRecovery (JR, ours); seed29",PROPOSED_FULL_FRAMEWORK
validation,quality,FullCheapSummary-mean17/29,2,True,False,60.0,2,24,24,24.0,0,0.0,0.0,0,1044740.0993502066,1047083.250415591,2343.151065384668,0.22784546408272918,3.9647013028152287,9.697146538024146,1.0,1.0,0.0,0.0,1.0,0.0,0.0,0.0,7.791666666666666,7.791666666666666,0.0,2343.151065384668,1047083.250415591,1638.064711345709,705.0863540389594,1047071.2263212812,1047095.2745099012,2331.1269710747097,2355.175159694627,0.22664301584340507,0.2290479123220533,3.896037763605515,4.033364842024943,True,JR-CheapSummary（简化表示消融）；两种子均值,JR-CheapSummary; 2-seed mean,SIMPLIFIED_REPRESENTATION_ABLATION
validation,quality,FullCheapSummary-seed17,1,True,False,60.0,2,12,12,12.0,0,0.0,0.0,0,1044740.0993502066,1047071.2263212812,2331.1269710747097,0.22664301584340507,4.033364842024943,9.69195972258846,1.0,1.0,0.0,0.0,1.0,0.0,0.0,0.0,7.75,7.75,0.0,2331.1269710747097,1047071.2263212812,1638.064711345709,693.062259729001,1047071.2263212812,1047071.2263212812,2331.1269710747097,2331.1269710747097,0.22664301584340507,0.22664301584340507,4.033364842024943,4.033364842024943,True,JR-CheapSummary（简化表示消融）；seed17,JR-CheapSummary; seed17,SIMPLIFIED_REPRESENTATION_ABLATION
validation,quality,FullCheapSummary-seed29,1,True,False,60.0,2,12,12,12.0,0,0.0,0.0,0,1044740.0993502066,1047095.2745099012,2355.175159694627,0.2290479123220533,3.896037763605515,9.702333353459835,1.0,1.0,0.0,0.0,1.0,0.0,0.0,0.0,7.833333333333333,7.833333333333333,0.0,2355.175159694627,1047095.2745099012,1638.064711345709,717.110448348918,1047095.2745099012,1047095.2745099012,2355.175159694627,2355.175159694627,0.2290479123220533,0.2290479123220533,3.896037763605515,3.896037763605515,True,JR-CheapSummary（简化表示消融）；seed29,JR-CheapSummary; seed29,SIMPLIFIED_REPRESENTATION_ABLATION
validation,quality,FullP1,1,True,False,60.0,2,12,12,12.0,0,0.0,0.0,3,1044740.0993502066,1046407.0697519769,1666.9704017703577,0.16160355060380588,1.990394008345902,7.736710477309923,1.0,0.75,0.0,0.25,1.0,0.0,0.0,0.0,5.416666666666666,5.416666666666666,0.0,1666.9704017703577,1046407.0697519769,1638.064711345709,28.905690424648736,1046407.0697519769,1046407.0697519769,1666.9704017703577,1666.9704017703577,0.16160355060380588,0.16160355060380588,1.990394008345902,1.990394008345902,True,Independent-replacement+CHILS（独立替代估计对照）,Independent-replacement+CHILS,INTERNAL_INDEPENDENT_REPLACEMENT_CONTROL
validation,quality,FullGreedy,1,True,False,60.0,2,12,12,12.0,0,0.0,0.0,0,1044740.0993502066,1047188.6957402716,2448.5963900650386,0.23834568294755443,1.8065313342958689,7.744166919651131,1.0,1.0,0.0,0.0,1.0,0.0,0.0,0.0,7.75,7.75,0.0,2448.5963900650386,1047188.6957402716,1638.064711345709,810.5316787193296,1047188.6957402716,1047188.6957402716,2448.5963900650386,2448.5963900650386,0.23834568294755443,0.23834568294755443,1.8065313342958689,1.8065313342958689,True,Greedy-rank+CHILS（贪心请求排序内部对照）,Greedy-rank+CHILS,INTERNAL_GREEDY_REQUEST_RANKING
validation,quality,CHILS-p1,1,True,False,60.0,2,12,12,12.0,0,0.0,0.0,0,1044740.0993502066,1132558.1242712094,87818.0249210028,8.611483527432355,42.26183823992808,44.211853240927056,1.0,1.0,0.0,0.0,1.0,0.0,0.0,0.0,1.0,0.0,0.0,87818.0249210028,1132558.1242712094,0.0,87818.0249210028,1132558.1242712094,1132558.1242712094,87818.0249210028,87818.0249210028,8.611483527432355,8.611483527432355,42.26183823992808,42.26183823992808,True,CHILS-p1（SEA 2025 公开 MWIS 算法）,CHILS-p1 (SEA 2025),PUBLISHED_MWIS_BASELINE
validation,quality,HiGHS-MILP,1,True,False,60.0,2,12,12,5.0,7,7.0,0.0,7,1044740.0993502066,null,null,null,53.91680429161836,56.12285773673405,0.41666666666666663,0.41666666666666663,0.5833333333333333,0.0,0.41666666666666663,0.5833333333333333,0.0,0.0,null,0.0,0.0,0.0,1044740.0993502066,0.0,0.0,null,null,null,null,null,null,53.91680429161836,53.91680429161836,True,HiGHS-MILP（通用 MILP 软件参照）,HiGHS (generic MILP),GENERIC_MILP_SOFTWARE_REFERENCE
validation,quality,FullCapacity-mean17/29,2,True,False,120.0,2,24,24,24.0,0,0.0,0.0,0,1044740.0993502066,1047223.9102086555,2483.8108584490014,0.24300051774015335,4.065163896884769,9.980717087319741,1.0,1.0,0.0,0.0,1.0,0.0,0.0,0.0,7.875,7.875,0.0,2483.8108584490014,1047223.9102086555,1638.064711345709,845.7461471032923,1047188.6957402716,1047259.1246770395,2448.5963900650386,2519.0253268329643,0.23834568294755443,0.2476553525327523,3.319313624563317,4.8110141692062225,True,JointRecovery（本文方法，JR；完整框架 STK 迁移）；两种子均值,"JointRecovery (JR, ours); 2-seed mean",PROPOSED_FULL_FRAMEWORK
validation,quality,FullCapacity-seed17,1,True,False,120.0,2,12,12,12.0,0,0.0,0.0,0,1044740.0993502066,1047188.6957402716,2448.5963900650386,0.23834568294755443,3.319313624563317,9.187292081924777,1.0,1.0,0.0,0.0,1.0,0.0,0.0,0.0,7.75,7.75,0.0,2448.5963900650386,1047188.6957402716,1638.064711345709,810.5316787193296,1047188.6957402716,1047188.6957402716,2448.5963900650386,2448.5963900650386,0.23834568294755443,0.23834568294755443,3.319313624563317,3.319313624563317,True,JointRecovery（本文方法，JR；完整框架 STK 迁移）；seed17,"JointRecovery (JR, ours); seed17",PROPOSED_FULL_FRAMEWORK
validation,quality,FullCapacity-seed29,1,True,False,120.0,2,12,12,12.0,0,0.0,0.0,0,1044740.0993502066,1047259.1246770395,2519.0253268329643,0.2476553525327523,4.8110141692062225,10.774142092714708,1.0,1.0,0.0,0.0,1.0,0.0,0.0,0.0,8.0,8.0,0.0,2519.0253268329643,1047259.1246770395,1638.064711345709,880.960615487255,1047259.1246770395,1047259.1246770395,2519.0253268329643,2519.0253268329643,0.2476553525327523,0.2476553525327523,4.8110141692062225,4.8110141692062225,True,JointRecovery（本文方法，JR；完整框架 STK 迁移）；seed29,"JointRecovery (JR, ours); seed29",PROPOSED_FULL_FRAMEWORK
validation,quality,FullCheapSummary-mean17/29,2,True,False,120.0,2,24,24,24.0,0,0.0,0.0,0,1044740.0993502066,1047083.250415591,2343.151065384668,0.22784546408272918,3.8132225462856395,9.702459464470547,1.0,1.0,0.0,0.0,1.0,0.0,0.0,0.0,7.791666666666666,7.791666666666666,0.0,2343.151065384668,1047083.250415591,1638.064711345709,705.0863540389594,1047071.2263212812,1047095.2745099012,2331.1269710747097,2355.175159694627,0.22664301584340507,0.2290479123220533,3.795476238243282,3.8309688543279967,True,JR-CheapSummary（简化表示消融）；两种子均值,JR-CheapSummary; 2-seed mean,SIMPLIFIED_REPRESENTATION_ABLATION
validation,quality,FullCheapSummary-seed17,1,True,False,120.0,2,12,12,12.0,0,0.0,0.0,0,1044740.0993502066,1047071.2263212812,2331.1269710747097,0.22664301584340507,3.8309688543279967,9.69512559690823,1.0,1.0,0.0,0.0,1.0,0.0,0.0,0.0,7.75,7.75,0.0,2331.1269710747097,1047071.2263212812,1638.064711345709,693.062259729001,1047071.2263212812,1047071.2263212812,2331.1269710747097,2331.1269710747097,0.22664301584340507,0.22664301584340507,3.8309688543279967,3.8309688543279967,True,JR-CheapSummary（简化表示消融）；seed17,JR-CheapSummary; seed17,SIMPLIFIED_REPRESENTATION_ABLATION
validation,quality,FullCheapSummary-seed29,1,True,False,120.0,2,12,12,12.0,0,0.0,0.0,0,1044740.0993502066,1047095.2745099012,2355.175159694627,0.2290479123220533,3.795476238243282,9.70979333203286,1.0,1.0,0.0,0.0,1.0,0.0,0.0,0.0,7.833333333333333,7.833333333333333,0.0,2355.175159694627,1047095.2745099012,1638.064711345709,717.110448348918,1047095.2745099012,1047095.2745099012,2355.175159694627,2355.175159694627,0.2290479123220533,0.2290479123220533,3.795476238243282,3.795476238243282,True,JR-CheapSummary（简化表示消融）；seed29,JR-CheapSummary; seed29,SIMPLIFIED_REPRESENTATION_ABLATION
validation,quality,FullP1,1,True,False,120.0,2,12,12,12.0,0,0.0,0.0,3,1044740.0993502066,1046407.0697519769,1666.9704017703577,0.16160355060380588,1.996793572170039,7.843484402634203,1.0,0.75,0.0,0.25,1.0,0.0,0.0,0.0,5.416666666666666,5.416666666666666,0.0,1666.9704017703577,1046407.0697519769,1638.064711345709,28.905690424648736,1046407.0697519769,1046407.0697519769,1666.9704017703577,1666.9704017703577,0.16160355060380588,0.16160355060380588,1.996793572170039,1.996793572170039,True,Independent-replacement+CHILS（独立替代估计对照）,Independent-replacement+CHILS,INTERNAL_INDEPENDENT_REPLACEMENT_CONTROL
validation,quality,FullGreedy,1,True,False,120.0,2,12,12,12.0,0,0.0,0.0,0,1044740.0993502066,1047188.6957402716,2448.5963900650386,0.23834568294755443,1.8747953018173575,7.787319937410454,1.0,1.0,0.0,0.0,1.0,0.0,0.0,0.0,7.75,7.75,0.0,2448.5963900650386,1047188.6957402716,1638.064711345709,810.5316787193296,1047188.6957402716,1047188.6957402716,2448.5963900650386,2448.5963900650386,0.23834568294755443,0.23834568294755443,1.8747953018173575,1.8747953018173575,True,Greedy-rank+CHILS（贪心请求排序内部对照）,Greedy-rank+CHILS,INTERNAL_GREEDY_REQUEST_RANKING
validation,quality,CHILS-p1,1,True,False,120.0,2,12,12,12.0,0,0.0,0.0,0,1044740.0993502066,1132892.1010613889,88152.00171118228,8.641366514981927,84.26708016141006,86.2539547563841,1.0,1.0,0.0,0.0,1.0,0.0,0.0,0.0,1.0,0.0,0.0,88152.00171118228,1132892.1010613889,0.0,88152.00171118228,1132892.1010613889,1132892.1010613889,88152.00171118228,88152.00171118228,8.641366514981927,8.641366514981927,84.26708016141006,84.26708016141006,True,CHILS-p1（SEA 2025 公开 MWIS 算法）,CHILS-p1 (SEA 2025),PUBLISHED_MWIS_BASELINE
validation,quality,HiGHS-MILP,1,True,False,120.0,2,12,12,7.0,5,5.0,0.0,5,1044740.0993502066,null,null,null,103.0756407622248,105.38681050017476,0.5833333333333333,0.5833333333333333,0.41666666666666663,0.0,0.5833333333333333,0.41666666666666663,0.0,0.0,null,0.0,0.0,0.0,1044740.0993502066,0.0,0.0,null,null,null,null,null,null,103.0756407622248,103.0756407622248,True,HiGHS-MILP（通用 MILP 软件参照）,HiGHS (generic MILP),GENERIC_MILP_SOFTWARE_REFERENCE
validation,quality,FullCapacity-mean17/29,2,True,True,300.0,2,24,24,24.0,0,0.0,0.0,0,1044740.0993502066,1047223.9102086555,2483.8108584490014,0.24300051774015335,3.8883077463445566,9.580897856969386,1.0,1.0,0.0,0.0,1.0,0.0,0.0,0.0,7.875,7.875,0.0,2483.8108584490014,1047223.9102086555,1638.064711345709,845.7461471032923,1047188.6957402716,1047259.1246770395,2448.5963900650386,2519.0253268329643,0.23834568294755443,0.2476553525327523,3.201615408062935,4.575000084626178,True,JointRecovery（本文方法，JR；完整框架 STK 迁移）；两种子均值,"JointRecovery (JR, ours); 2-seed mean",PROPOSED_FULL_FRAMEWORK
validation,quality,FullCapacity-seed17,1,True,True,300.0,2,12,12,12.0,0,0.0,0.0,0,1044740.0993502066,1047188.6957402716,2448.5963900650386,0.23834568294755443,3.201615408062935,8.96566660174479,1.0,1.0,0.0,0.0,1.0,0.0,0.0,0.0,7.75,7.75,0.0,2448.5963900650386,1047188.6957402716,1638.064711345709,810.5316787193296,1047188.6957402716,1047188.6957402716,2448.5963900650386,2448.5963900650386,0.23834568294755443,0.23834568294755443,3.201615408062935,3.201615408062935,True,JointRecovery（本文方法，JR；完整框架 STK 迁移）；seed17,"JointRecovery (JR, ours); seed17",PROPOSED_FULL_FRAMEWORK
validation,quality,FullCapacity-seed29,1,True,True,300.0,2,12,12,12.0,0,0.0,0.0,0,1044740.0993502066,1047259.1246770395,2519.0253268329643,0.2476553525327523,4.575000084626178,10.196129112193981,1.0,1.0,0.0,0.0,1.0,0.0,0.0,0.0,8.0,8.0,0.0,2519.0253268329643,1047259.1246770395,1638.064711345709,880.960615487255,1047259.1246770395,1047259.1246770395,2519.0253268329643,2519.0253268329643,0.2476553525327523,0.2476553525327523,4.575000084626178,4.575000084626178,True,JointRecovery（本文方法，JR；完整框架 STK 迁移）；seed29,"JointRecovery (JR, ours); seed29",PROPOSED_FULL_FRAMEWORK
validation,quality,FullCheapSummary-mean17/29,2,True,True,300.0,2,24,24,24.0,0,0.0,0.0,0,1044740.0993502066,1047083.250415591,2343.151065384668,0.22784546408272918,3.753719669766724,9.462479646938542,1.0,1.0,0.0,0.0,1.0,0.0,0.0,0.0,7.791666666666666,7.791666666666666,0.0,2343.151065384668,1047083.250415591,1638.064711345709,705.0863540389594,1047071.2263212812,1047095.2745099012,2331.1269710747097,2355.175159694627,0.22664301584340507,0.2290479123220533,3.611385600951811,3.8960537385816374,True,JR-CheapSummary（简化表示消融）；两种子均值,JR-CheapSummary; 2-seed mean,SIMPLIFIED_REPRESENTATION_ABLATION
validation,quality,FullCheapSummary-seed17,1,True,True,300.0,2,12,12,12.0,0,0.0,0.0,0,1044740.0993502066,1047071.2263212812,2331.1269710747097,0.22664301584340507,3.8960537385816374,9.600844255958993,1.0,1.0,0.0,0.0,1.0,0.0,0.0,0.0,7.75,7.75,0.0,2331.1269710747097,1047071.2263212812,1638.064711345709,693.062259729001,1047071.2263212812,1047071.2263212812,2331.1269710747097,2331.1269710747097,0.22664301584340507,0.22664301584340507,3.8960537385816374,3.8960537385816374,True,JR-CheapSummary（简化表示消融）；seed17,JR-CheapSummary; seed17,SIMPLIFIED_REPRESENTATION_ABLATION
validation,quality,FullCheapSummary-seed29,1,True,True,300.0,2,12,12,12.0,0,0.0,0.0,0,1044740.0993502066,1047095.2745099012,2355.175159694627,0.2290479123220533,3.611385600951811,9.32411503791809,1.0,1.0,0.0,0.0,1.0,0.0,0.0,0.0,7.833333333333333,7.833333333333333,0.0,2355.175159694627,1047095.2745099012,1638.064711345709,717.110448348918,1047095.2745099012,1047095.2745099012,2355.175159694627,2355.175159694627,0.2290479123220533,0.2290479123220533,3.611385600951811,3.611385600951811,True,JR-CheapSummary（简化表示消融）；seed29,JR-CheapSummary; seed29,SIMPLIFIED_REPRESENTATION_ABLATION
validation,quality,FullP1,1,True,True,300.0,2,12,12,12.0,0,0.0,0.0,3,1044740.0993502066,1046407.0697519769,1666.9704017703577,0.16160355060380588,1.818828619395693,7.612298888775209,1.0,0.75,0.0,0.25,1.0,0.0,0.0,0.0,5.416666666666666,5.416666666666666,0.0,1666.9704017703577,1046407.0697519769,1638.064711345709,28.905690424648736,1046407.0697519769,1046407.0697519769,1666.9704017703577,1666.9704017703577,0.16160355060380588,0.16160355060380588,1.818828619395693,1.818828619395693,True,Independent-replacement+CHILS（独立替代估计对照）,Independent-replacement+CHILS,INTERNAL_INDEPENDENT_REPLACEMENT_CONTROL
validation,quality,FullGreedy,1,True,True,300.0,2,12,12,12.0,0,0.0,0.0,0,1044740.0993502066,1047188.6957402716,2448.5963900650386,0.23834568294755443,1.5787916195889315,7.1739591698472704,1.0,1.0,0.0,0.0,1.0,0.0,0.0,0.0,7.75,7.75,0.0,2448.5963900650386,1047188.6957402716,1638.064711345709,810.5316787193296,1047188.6957402716,1047188.6957402716,2448.5963900650386,2448.5963900650386,0.23834568294755443,0.23834568294755443,1.5787916195889315,1.5787916195889315,True,Greedy-rank+CHILS（贪心请求排序内部对照）,Greedy-rank+CHILS,INTERNAL_GREEDY_REQUEST_RANKING
validation,quality,CHILS-p1,1,True,True,300.0,2,12,12,12.0,0,0.0,0.0,0,1044740.0993502066,1132991.0771901503,88250.97783994378,8.650961013822005,210.2358454462762,211.8707205625251,1.0,1.0,0.0,0.0,1.0,0.0,0.0,0.0,1.0,0.0,0.0,88250.97783994378,1132991.0771901503,0.0,88250.97783994378,1132991.0771901503,1132991.0771901503,88250.97783994378,88250.97783994378,8.650961013822005,8.650961013822005,210.2358454462762,210.2358454462762,True,CHILS-p1（SEA 2025 公开 MWIS 算法）,CHILS-p1 (SEA 2025),PUBLISHED_MWIS_BASELINE
validation,quality,HiGHS-MILP,1,True,True,300.0,2,12,12,8.0,4,4.0,0.0,4,1044740.0993502066,null,null,null,243.46601884594807,245.58994706502804,0.6666666666666666,0.6666666666666666,0.3333333333333333,0.0,0.6666666666666666,0.3333333333333333,0.0,0.0,null,0.0,0.0,11742.955774926679,1056483.0551251331,0.0,11742.955774926679,null,null,null,null,null,null,243.46601884594807,243.46601884594807,True,HiGHS-MILP（通用 MILP 软件参照）,HiGHS (generic MILP),GENERIC_MILP_SOFTWARE_REFERENCE
test,quality,FullCapacity-mean17/29,2,True,False,10.0,4,48,48,48.0,0,0.0,0.0,0,1043947.7949179278,1046615.076802562,2667.2818846342125,0.25914339442241646,3.301629923361664,8.103849952109158,1.0,1.0,0.0,0.0,1.0,0.0,0.0,0.0,7.833333333333333,7.833333333333333,0.0,2667.2818846342125,1046615.076802562,1806.5448458932078,860.7370387410047,1046603.7683872072,1046626.3852179167,2655.9734692794204,2678.5902999890045,0.25760782567399676,0.26067896317083616,2.9452722198329866,3.6579876268903417,True,JointRecovery（本文方法，JR；完整框架 STK 迁移）；两种子均值,"JointRecovery (JR, ours); 2-seed mean",PROPOSED_FULL_FRAMEWORK
test,quality,FullCapacity-seed17,1,True,False,10.0,4,24,24,24.0,0,0.0,0.0,0,1043947.7949179278,1046603.7683872072,2655.9734692794204,0.25760782567399676,2.9452722198329866,7.842643424092481,1.0,1.0,0.0,0.0,1.0,0.0,0.0,0.0,7.75,7.75,0.0,2655.9734692794204,1046603.7683872072,1806.5448458932078,849.4286233862124,1046603.7683872072,1046603.7683872072,2655.9734692794204,2655.9734692794204,0.25760782567399676,0.25760782567399676,2.9452722198329866,2.9452722198329866,True,JointRecovery（本文方法，JR；完整框架 STK 迁移）；seed17,"JointRecovery (JR, ours); seed17",PROPOSED_FULL_FRAMEWORK
test,quality,FullCapacity-seed29,1,True,False,10.0,4,24,24,24.0,0,0.0,0.0,0,1043947.7949179278,1046626.3852179167,2678.5902999890045,0.26067896317083616,3.6579876268903417,8.365056480125835,1.0,1.0,0.0,0.0,1.0,0.0,0.0,0.0,7.916666666666666,7.916666666666666,0.0,2678.5902999890045,1046626.3852179167,1806.5448458932078,872.0454540957968,1046626.3852179167,1046626.3852179167,2678.5902999890045,2678.5902999890045,0.26067896317083616,0.26067896317083616,3.6579876268903417,3.6579876268903417,True,JointRecovery（本文方法，JR；完整框架 STK 迁移）；seed29,"JointRecovery (JR, ours); seed29",PROPOSED_FULL_FRAMEWORK
test,quality,FullCheapSummary-mean17/29,2,True,False,10.0,4,48,48,48.0,0,0.0,0.0,0,1043947.7949179278,1046604.0962821522,2656.3013642243995,0.2576386367274911,3.1225243538307645,7.840314347995445,1.0,1.0,0.0,0.0,1.0,0.0,0.0,0.0,7.833333333333333,7.833333333333333,0.0,2656.3013642243995,1046604.0962821522,1806.5448458932078,849.7565183311914,1046603.7683872072,1046604.4241770972,2655.9734692794204,2656.629259169378,0.25760782567399676,0.2576694477809854,2.951565192701916,3.2934835149596133,True,JR-CheapSummary（简化表示消融）；两种子均值,JR-CheapSummary; 2-seed mean,SIMPLIFIED_REPRESENTATION_ABLATION
test,quality,FullCheapSummary-seed17,1,True,False,10.0,4,24,24,24.0,0,0.0,0.0,0,1043947.7949179278,1046604.4241770972,2656.629259169378,0.2576694477809854,3.2934835149596133,7.959974878933281,1.0,1.0,0.0,0.0,1.0,0.0,0.0,0.0,7.833333333333333,7.833333333333333,0.0,2656.629259169378,1046604.4241770972,1806.5448458932078,850.0844132761704,1046604.4241770972,1046604.4241770972,2656.629259169378,2656.629259169378,0.2576694477809854,0.2576694477809854,3.2934835149596133,3.2934835149596133,True,JR-CheapSummary（简化表示消融）；seed17,JR-CheapSummary; seed17,SIMPLIFIED_REPRESENTATION_ABLATION
test,quality,FullCheapSummary-seed29,1,True,False,10.0,4,24,24,24.0,0,0.0,0.0,0,1043947.7949179278,1046603.7683872072,2655.9734692794204,0.25760782567399676,2.951565192701916,7.72065381705761,1.0,1.0,0.0,0.0,1.0,0.0,0.0,0.0,7.833333333333333,7.833333333333333,0.0,2655.9734692794204,1046603.7683872072,1806.5448458932078,849.4286233862124,1046603.7683872072,1046603.7683872072,2655.9734692794204,2655.9734692794204,0.25760782567399676,0.25760782567399676,2.951565192701916,2.951565192701916,True,JR-CheapSummary（简化表示消融）；seed29,JR-CheapSummary; seed29,SIMPLIFIED_REPRESENTATION_ABLATION
test,quality,FullP1,1,True,False,10.0,4,24,24,24.0,0,0.0,0.0,2,1043947.7949179278,1045771.373121571,1823.578203643289,0.17613932678694902,1.4193197757316134,6.1656728054707255,1.0,0.9166666666666667,0.0,0.08333333333333333,1.0,0.0,0.0,0.0,5.625,5.625,0.0,1823.578203643289,1045771.373121571,1806.5448458932078,17.033357750081148,1045771.373121571,1045771.373121571,1823.578203643289,1823.578203643289,0.17613932678694902,0.17613932678694902,1.4193197757316134,1.4193197757316134,True,Independent-replacement+CHILS（独立替代估计对照）,Independent-replacement+CHILS,INTERNAL_INDEPENDENT_REPLACEMENT_CONTROL
test,quality,FullGreedy,1,True,False,10.0,4,24,24,24.0,0,0.0,0.0,0,1043947.7949179278,1046603.7683872072,2655.9734692794204,0.25760782567399676,1.6253399001434445,6.27470045350492,1.0,1.0,0.0,0.0,1.0,0.0,0.0,0.0,7.666666666666667,7.666666666666667,0.0,2655.9734692794204,1046603.7683872072,1806.5448458932078,849.4286233862124,1046603.7683872072,1046603.7683872072,2655.9734692794204,2655.9734692794204,0.25760782567399676,0.25760782567399676,1.6253399001434445,1.6253399001434445,True,Greedy-rank+CHILS（贪心请求排序内部对照）,Greedy-rank+CHILS,INTERNAL_GREEDY_REQUEST_RANKING
test,quality,CHILS-p1,1,True,False,10.0,4,24,24,24.0,0,0.0,0.0,0,1043947.7949179278,1130762.1858922197,86814.39097429186,8.524255895820986,7.182991722753893,8.266676038348425,1.0,1.0,0.0,0.0,1.0,0.0,0.0,0.0,1.0,0.0,0.0,86814.39097429186,1130762.1858922197,0.0,86814.39097429186,1130762.1858922197,1130762.1858922197,86814.39097429186,86814.39097429186,8.524255895820986,8.524255895820986,7.182991722753893,7.182991722753893,True,CHILS-p1（SEA 2025 公开 MWIS 算法）,CHILS-p1 (SEA 2025),PUBLISHED_MWIS_BASELINE
test,quality,HiGHS-MILP,1,True,False,10.0,4,24,24,16.0,8,8.0,0.0,8,1043947.7949179278,null,null,null,8.847794782370329,10.09247219686707,0.6666666666666666,0.6666666666666666,0.3333333333333333,0.0,0.6666666666666666,0.3333333333333333,0.0,0.0,null,0.0,0.0,0.0,1043947.7949179278,0.0,0.0,null,null,null,null,null,null,8.847794782370329,8.847794782370329,True,HiGHS-MILP（通用 MILP 软件参照）,HiGHS (generic MILP),GENERIC_MILP_SOFTWARE_REFERENCE
test,quality,FullCapacity-mean17/29,2,True,False,30.0,4,48,48,48.0,0,0.0,0.0,0,1043947.7949179278,1046615.076802562,2667.2818846342125,0.25914339442241646,3.2236939763339856,7.940912389041235,1.0,1.0,0.0,0.0,1.0,0.0,0.0,0.0,7.833333333333333,7.833333333333333,0.0,2667.2818846342125,1046615.076802562,1806.5448458932078,860.7370387410047,1046603.7683872072,1046626.3852179167,2655.9734692794204,2678.5902999890045,0.25760782567399676,0.26067896317083616,2.865543489033977,3.581844463633994,True,JointRecovery（本文方法，JR；完整框架 STK 迁移）；两种子均值,"JointRecovery (JR, ours); 2-seed mean",PROPOSED_FULL_FRAMEWORK
test,quality,FullCapacity-seed17,1,True,False,30.0,4,24,24,24.0,0,0.0,0.0,0,1043947.7949179278,1046603.7683872072,2655.9734692794204,0.25760782567399676,2.865543489033977,7.559510492564489,1.0,1.0,0.0,0.0,1.0,0.0,0.0,0.0,7.75,7.75,0.0,2655.9734692794204,1046603.7683872072,1806.5448458932078,849.4286233862124,1046603.7683872072,1046603.7683872072,2655.9734692794204,2655.9734692794204,0.25760782567399676,0.25760782567399676,2.865543489033977,2.865543489033977,True,JointRecovery（本文方法，JR；完整框架 STK 迁移）；seed17,"JointRecovery (JR, ours); seed17",PROPOSED_FULL_FRAMEWORK
test,quality,FullCapacity-seed29,1,True,False,30.0,4,24,24,24.0,0,0.0,0.0,0,1043947.7949179278,1046626.3852179167,2678.5902999890045,0.26067896317083616,3.581844463633994,8.322314285517981,1.0,1.0,0.0,0.0,1.0,0.0,0.0,0.0,7.916666666666666,7.916666666666666,0.0,2678.5902999890045,1046626.3852179167,1806.5448458932078,872.0454540957968,1046626.3852179167,1046626.3852179167,2678.5902999890045,2678.5902999890045,0.26067896317083616,0.26067896317083616,3.581844463633994,3.581844463633994,True,JointRecovery（本文方法，JR；完整框架 STK 迁移）；seed29,"JointRecovery (JR, ours); seed29",PROPOSED_FULL_FRAMEWORK
test,quality,FullCheapSummary-mean17/29,2,True,False,30.0,4,48,48,48.0,0,0.0,0.0,0,1043947.7949179278,1046604.0962821522,2656.3013642243995,0.2576386367274911,3.112440600525588,7.812865506857634,1.0,1.0,0.0,0.0,1.0,0.0,0.0,0.0,7.833333333333333,7.833333333333333,0.0,2656.3013642243995,1046604.0962821522,1806.5448458932078,849.7565183311914,1046603.7683872072,1046604.4241770972,2655.9734692794204,2656.629259169378,0.25760782567399676,0.2576694477809854,2.951799102437993,3.273082098613183,True,JR-CheapSummary（简化表示消融）；两种子均值,JR-CheapSummary; 2-seed mean,SIMPLIFIED_REPRESENTATION_ABLATION
test,quality,FullCheapSummary-seed17,1,True,False,30.0,4,24,24,24.0,0,0.0,0.0,0,1043947.7949179278,1046604.4241770972,2656.629259169378,0.2576694477809854,3.273082098613183,7.863016903400421,1.0,1.0,0.0,0.0,1.0,0.0,0.0,0.0,7.833333333333333,7.833333333333333,0.0,2656.629259169378,1046604.4241770972,1806.5448458932078,850.0844132761704,1046604.4241770972,1046604.4241770972,2656.629259169378,2656.629259169378,0.2576694477809854,0.2576694477809854,3.273082098613183,3.273082098613183,True,JR-CheapSummary（简化表示消融）；seed17,JR-CheapSummary; seed17,SIMPLIFIED_REPRESENTATION_ABLATION
test,quality,FullCheapSummary-seed29,1,True,False,30.0,4,24,24,24.0,0,0.0,0.0,0,1043947.7949179278,1046603.7683872072,2655.9734692794204,0.25760782567399676,2.951799102437993,7.762714110314846,1.0,1.0,0.0,0.0,1.0,0.0,0.0,0.0,7.833333333333333,7.833333333333333,0.0,2655.9734692794204,1046603.7683872072,1806.5448458932078,849.4286233862124,1046603.7683872072,1046603.7683872072,2655.9734692794204,2655.9734692794204,0.25760782567399676,0.25760782567399676,2.951799102437993,2.951799102437993,True,JR-CheapSummary（简化表示消融）；seed29,JR-CheapSummary; seed29,SIMPLIFIED_REPRESENTATION_ABLATION
test,quality,FullP1,1,True,False,30.0,4,24,24,24.0,0,0.0,0.0,2,1043947.7949179278,1045771.373121571,1823.578203643289,0.17613932678694902,1.411466366611421,6.074120366635422,1.0,0.9166666666666667,0.0,0.08333333333333333,1.0,0.0,0.0,0.0,5.625,5.625,0.0,1823.578203643289,1045771.373121571,1806.5448458932078,17.033357750081148,1045771.373121571,1045771.373121571,1823.578203643289,1823.578203643289,0.17613932678694902,0.17613932678694902,1.411466366611421,1.411466366611421,True,Independent-replacement+CHILS（独立替代估计对照）,Independent-replacement+CHILS,INTERNAL_INDEPENDENT_REPLACEMENT_CONTROL
test,quality,FullGreedy,1,True,False,30.0,4,24,24,24.0,0,0.0,0.0,0,1043947.7949179278,1046603.7683872072,2655.9734692794204,0.25760782567399676,1.6220021457411349,6.178013081196696,1.0,1.0,0.0,0.0,1.0,0.0,0.0,0.0,7.666666666666667,7.666666666666667,0.0,2655.9734692794204,1046603.7683872072,1806.5448458932078,849.4286233862124,1046603.7683872072,1046603.7683872072,2655.9734692794204,2655.9734692794204,0.25760782567399676,0.25760782567399676,1.6220021457411349,1.6220021457411349,True,Greedy-rank+CHILS（贪心请求排序内部对照）,Greedy-rank+CHILS,INTERNAL_GREEDY_REQUEST_RANKING
test,quality,CHILS-p1,1,True,False,30.0,4,24,24,24.0,0,0.0,0.0,0,1043947.7949179278,1132272.980170967,88325.18525303944,8.674162002018921,21.183429376222193,22.26479096400241,1.0,1.0,0.0,0.0,1.0,0.0,0.0,0.0,1.0,0.0,0.0,88325.18525303944,1132272.980170967,0.0,88325.18525303944,1132272.980170967,1132272.980170967,88325.18525303944,88325.18525303944,8.674162002018921,8.674162002018921,21.183429376222193,21.183429376222193,True,CHILS-p1（SEA 2025 公开 MWIS 算法）,CHILS-p1 (SEA 2025),PUBLISHED_MWIS_BASELINE
test,quality,HiGHS-MILP,1,True,False,30.0,4,24,24,13.0,11,11.0,0.0,11,1043947.7949179278,null,null,null,26.34564392703275,27.5719417288589,0.5416666666666666,0.5416666666666666,0.4583333333333333,0.0,0.5416666666666666,0.4583333333333333,0.0,0.0,null,0.0,0.0,0.0,1043947.7949179278,0.0,0.0,null,null,null,null,null,null,26.34564392703275,26.34564392703275,True,HiGHS-MILP（通用 MILP 软件参照）,HiGHS (generic MILP),GENERIC_MILP_SOFTWARE_REFERENCE
test,quality,FullCapacity-mean17/29,2,True,False,60.0,4,48,48,48.0,0,0.0,0.0,0,1043947.7949179278,1046615.076802562,2667.2818846342125,0.25914339442241646,3.2302297156614563,7.950879582359145,1.0,1.0,0.0,0.0,1.0,0.0,0.0,0.0,7.833333333333333,7.833333333333333,0.0,2667.2818846342125,1046615.076802562,1806.5448458932078,860.7370387410047,1046603.7683872072,1046626.3852179167,2655.9734692794204,2678.5902999890045,0.25760782567399676,0.26067896317083616,2.872520915232599,3.5879385160903134,True,JointRecovery（本文方法，JR；完整框架 STK 迁移）；两种子均值,"JointRecovery (JR, ours); 2-seed mean",PROPOSED_FULL_FRAMEWORK
test,quality,FullCapacity-seed17,1,True,False,60.0,4,24,24,24.0,0,0.0,0.0,0,1043947.7949179278,1046603.7683872072,2655.9734692794204,0.25760782567399676,2.872520915232599,7.64874418421338,1.0,1.0,0.0,0.0,1.0,0.0,0.0,0.0,7.75,7.75,0.0,2655.9734692794204,1046603.7683872072,1806.5448458932078,849.4286233862124,1046603.7683872072,1046603.7683872072,2655.9734692794204,2655.9734692794204,0.25760782567399676,0.25760782567399676,2.872520915232599,2.872520915232599,True,JointRecovery（本文方法，JR；完整框架 STK 迁移）；seed17,"JointRecovery (JR, ours); seed17",PROPOSED_FULL_FRAMEWORK
test,quality,FullCapacity-seed29,1,True,False,60.0,4,24,24,24.0,0,0.0,0.0,0,1043947.7949179278,1046626.3852179167,2678.5902999890045,0.26067896317083616,3.5879385160903134,8.253014980504911,1.0,1.0,0.0,0.0,1.0,0.0,0.0,0.0,7.916666666666666,7.916666666666666,0.0,2678.5902999890045,1046626.3852179167,1806.5448458932078,872.0454540957968,1046626.3852179167,1046626.3852179167,2678.5902999890045,2678.5902999890045,0.26067896317083616,0.26067896317083616,3.5879385160903134,3.5879385160903134,True,JointRecovery（本文方法，JR；完整框架 STK 迁移）；seed29,"JointRecovery (JR, ours); seed29",PROPOSED_FULL_FRAMEWORK
test,quality,FullCheapSummary-mean17/29,2,True,False,60.0,4,48,48,48.0,0,0.0,0.0,0,1043947.7949179278,1046604.0962821522,2656.3013642243995,0.2576386367274911,3.103080936164285,7.853145520668477,1.0,1.0,0.0,0.0,1.0,0.0,0.0,0.0,7.833333333333333,7.833333333333333,0.0,2656.3013642243995,1046604.0962821522,1806.5448458932078,849.7565183311914,1046603.7683872072,1046604.4241770972,2655.9734692794204,2656.629259169378,0.25760782567399676,0.2576694477809854,2.942008084462335,3.264153787866235,True,JR-CheapSummary（简化表示消融）；两种子均值,JR-CheapSummary; 2-seed mean,SIMPLIFIED_REPRESENTATION_ABLATION
test,quality,FullCheapSummary-seed17,1,True,False,60.0,4,24,24,24.0,0,0.0,0.0,0,1043947.7949179278,1046604.4241770972,2656.629259169378,0.2576694477809854,3.264153787866235,8.087671028605351,1.0,1.0,0.0,0.0,1.0,0.0,0.0,0.0,7.833333333333333,7.833333333333333,0.0,2656.629259169378,1046604.4241770972,1806.5448458932078,850.0844132761704,1046604.4241770972,1046604.4241770972,2656.629259169378,2656.629259169378,0.2576694477809854,0.2576694477809854,3.264153787866235,3.264153787866235,True,JR-CheapSummary（简化表示消融）；seed17,JR-CheapSummary; seed17,SIMPLIFIED_REPRESENTATION_ABLATION
test,quality,FullCheapSummary-seed29,1,True,False,60.0,4,24,24,24.0,0,0.0,0.0,0,1043947.7949179278,1046603.7683872072,2655.9734692794204,0.25760782567399676,2.942008084462335,7.6186200127316015,1.0,1.0,0.0,0.0,1.0,0.0,0.0,0.0,7.833333333333333,7.833333333333333,0.0,2655.9734692794204,1046603.7683872072,1806.5448458932078,849.4286233862124,1046603.7683872072,1046603.7683872072,2655.9734692794204,2655.9734692794204,0.25760782567399676,0.25760782567399676,2.942008084462335,2.942008084462335,True,JR-CheapSummary（简化表示消融）；seed29,JR-CheapSummary; seed29,SIMPLIFIED_REPRESENTATION_ABLATION
test,quality,FullP1,1,True,False,60.0,4,24,24,24.0,0,0.0,0.0,2,1043947.7949179278,1045771.373121571,1823.578203643289,0.17613932678694902,1.412006742786616,6.078699739494672,1.0,0.9166666666666667,0.0,0.08333333333333333,1.0,0.0,0.0,0.0,5.625,5.625,0.0,1823.578203643289,1045771.373121571,1806.5448458932078,17.033357750081148,1045771.373121571,1045771.373121571,1823.578203643289,1823.578203643289,0.17613932678694902,0.17613932678694902,1.412006742786616,1.412006742786616,True,Independent-replacement+CHILS（独立替代估计对照）,Independent-replacement+CHILS,INTERNAL_INDEPENDENT_REPLACEMENT_CONTROL
test,quality,FullGreedy,1,True,False,60.0,4,24,24,24.0,0,0.0,0.0,0,1043947.7949179278,1046603.7683872072,2655.9734692794204,0.25760782567399676,1.6228827627686164,6.212775115699817,1.0,1.0,0.0,0.0,1.0,0.0,0.0,0.0,7.666666666666667,7.666666666666667,0.0,2655.9734692794204,1046603.7683872072,1806.5448458932078,849.4286233862124,1046603.7683872072,1046603.7683872072,2655.9734692794204,2655.9734692794204,0.25760782567399676,0.25760782567399676,1.6228827627686164,1.6228827627686164,True,Greedy-rank+CHILS（贪心请求排序内部对照）,Greedy-rank+CHILS,INTERNAL_GREEDY_REQUEST_RANKING
test,quality,CHILS-p1,1,True,False,60.0,4,24,24,24.0,0,0.0,0.0,0,1043947.7949179278,1132923.8777220992,88976.08280417143,8.741486285489577,42.18284556254124,43.26254327315837,1.0,1.0,0.0,0.0,1.0,0.0,0.0,0.0,1.0,0.0,0.0,88976.08280417143,1132923.8777220992,0.0,88976.08280417143,1132923.8777220992,1132923.8777220992,88976.08280417143,88976.08280417143,8.741486285489577,8.741486285489577,42.18284556254124,42.18284556254124,True,CHILS-p1（SEA 2025 公开 MWIS 算法）,CHILS-p1 (SEA 2025),PUBLISHED_MWIS_BASELINE
test,quality,HiGHS-MILP,1,True,False,60.0,4,24,24,12.0,12,12.0,0.0,12,1043947.7949179278,null,null,null,53.79466256095717,55.03120712951446,0.5,0.5,0.5,0.0,0.5,0.5,0.0,0.0,null,0.0,0.0,0.0,1043947.7949179278,0.0,0.0,null,null,null,null,null,null,53.79466256095717,53.79466256095717,True,HiGHS-MILP（通用 MILP 软件参照）,HiGHS (generic MILP),GENERIC_MILP_SOFTWARE_REFERENCE
test,quality,FullCapacity-mean17/29,2,True,False,120.0,4,48,48,48.0,0,0.0,0.0,0,1043947.7949179278,1046615.076802562,2667.2818846342125,0.25914339442241646,3.2570252926864973,7.937754348153248,1.0,1.0,0.0,0.0,1.0,0.0,0.0,0.0,7.833333333333333,7.833333333333333,0.0,2667.2818846342125,1046615.076802562,1806.5448458932078,860.7370387410047,1046603.7683872072,1046626.3852179167,2655.9734692794204,2678.5902999890045,0.25760782567399676,0.26067896317083616,2.8933214424178004,3.6207291429551938,True,JointRecovery（本文方法，JR；完整框架 STK 迁移）；两种子均值,"JointRecovery (JR, ours); 2-seed mean",PROPOSED_FULL_FRAMEWORK
test,quality,FullCapacity-seed17,1,True,False,120.0,4,24,24,24.0,0,0.0,0.0,0,1043947.7949179278,1046603.7683872072,2655.9734692794204,0.25760782567399676,2.8933214424178004,7.545863744026671,1.0,1.0,0.0,0.0,1.0,0.0,0.0,0.0,7.75,7.75,0.0,2655.9734692794204,1046603.7683872072,1806.5448458932078,849.4286233862124,1046603.7683872072,1046603.7683872072,2655.9734692794204,2655.9734692794204,0.25760782567399676,0.25760782567399676,2.8933214424178004,2.8933214424178004,True,JointRecovery（本文方法，JR；完整框架 STK 迁移）；seed17,"JointRecovery (JR, ours); seed17",PROPOSED_FULL_FRAMEWORK
test,quality,FullCapacity-seed29,1,True,False,120.0,4,24,24,24.0,0,0.0,0.0,0,1043947.7949179278,1046626.3852179167,2678.5902999890045,0.26067896317083616,3.6207291429551938,8.329644952279827,1.0,1.0,0.0,0.0,1.0,0.0,0.0,0.0,7.916666666666666,7.916666666666666,0.0,2678.5902999890045,1046626.3852179167,1806.5448458932078,872.0454540957968,1046626.3852179167,1046626.3852179167,2678.5902999890045,2678.5902999890045,0.26067896317083616,0.26067896317083616,3.6207291429551938,3.6207291429551938,True,JointRecovery（本文方法，JR；完整框架 STK 迁移）；seed29,"JointRecovery (JR, ours); seed29",PROPOSED_FULL_FRAMEWORK
test,quality,FullCheapSummary-mean17/29,2,True,False,120.0,4,48,48,48.0,0,0.0,0.0,0,1043947.7949179278,1046604.0962821522,2656.3013642243995,0.2576386367274911,3.102728369568164,7.866695408398907,1.0,1.0,0.0,0.0,1.0,0.0,0.0,0.0,7.833333333333333,7.833333333333333,0.0,2656.3013642243995,1046604.0962821522,1806.5448458932078,849.7565183311914,1046603.7683872072,1046604.4241770972,2655.9734692794204,2656.629259169378,0.25760782567399676,0.2576694477809854,2.929868030361831,3.275588708774497,True,JR-CheapSummary（简化表示消融）；两种子均值,JR-CheapSummary; 2-seed mean,SIMPLIFIED_REPRESENTATION_ABLATION
test,quality,FullCheapSummary-seed17,1,True,False,120.0,4,24,24,24.0,0,0.0,0.0,0,1043947.7949179278,1046604.4241770972,2656.629259169378,0.2576694477809854,3.275588708774497,8.101849101328602,1.0,1.0,0.0,0.0,1.0,0.0,0.0,0.0,7.833333333333333,7.833333333333333,0.0,2656.629259169378,1046604.4241770972,1806.5448458932078,850.0844132761704,1046604.4241770972,1046604.4241770972,2656.629259169378,2656.629259169378,0.2576694477809854,0.2576694477809854,3.275588708774497,3.275588708774497,True,JR-CheapSummary（简化表示消融）；seed17,JR-CheapSummary; seed17,SIMPLIFIED_REPRESENTATION_ABLATION
test,quality,FullCheapSummary-seed29,1,True,False,120.0,4,24,24,24.0,0,0.0,0.0,0,1043947.7949179278,1046603.7683872072,2655.9734692794204,0.25760782567399676,2.929868030361831,7.631541715469211,1.0,1.0,0.0,0.0,1.0,0.0,0.0,0.0,7.833333333333333,7.833333333333333,0.0,2655.9734692794204,1046603.7683872072,1806.5448458932078,849.4286233862124,1046603.7683872072,1046603.7683872072,2655.9734692794204,2655.9734692794204,0.25760782567399676,0.25760782567399676,2.929868030361831,2.929868030361831,True,JR-CheapSummary（简化表示消融）；seed29,JR-CheapSummary; seed29,SIMPLIFIED_REPRESENTATION_ABLATION
test,quality,FullP1,1,True,False,120.0,4,24,24,24.0,0,0.0,0.0,2,1043947.7949179278,1045771.373121571,1823.578203643289,0.17613932678694902,1.4076573617445927,6.15493081867074,1.0,0.9166666666666667,0.0,0.08333333333333333,1.0,0.0,0.0,0.0,5.625,5.625,0.0,1823.578203643289,1045771.373121571,1806.5448458932078,17.033357750081148,1045771.373121571,1045771.373121571,1823.578203643289,1823.578203643289,0.17613932678694902,0.17613932678694902,1.4076573617445927,1.4076573617445927,True,Independent-replacement+CHILS（独立替代估计对照）,Independent-replacement+CHILS,INTERNAL_INDEPENDENT_REPLACEMENT_CONTROL
test,quality,FullGreedy,1,True,False,120.0,4,24,24,24.0,0,0.0,0.0,0,1043947.7949179278,1046603.7683872072,2655.9734692794204,0.25760782567399676,1.618180710977564,6.412664423386256,1.0,1.0,0.0,0.0,1.0,0.0,0.0,0.0,7.666666666666667,7.666666666666667,0.0,2655.9734692794204,1046603.7683872072,1806.5448458932078,849.4286233862124,1046603.7683872072,1046603.7683872072,2655.9734692794204,2655.9734692794204,0.25760782567399676,0.25760782567399676,1.618180710977564,1.618180710977564,True,Greedy-rank+CHILS（贪心请求排序内部对照）,Greedy-rank+CHILS,INTERNAL_GREEDY_REQUEST_RANKING
test,quality,CHILS-p1,1,True,False,120.0,4,24,24,24.0,0,0.0,0.0,0,1043947.7949179278,1133213.2835834832,89265.48866555552,8.768997580969657,84.18348705101137,85.2611098093912,1.0,1.0,0.0,0.0,1.0,0.0,0.0,0.0,1.0,0.0,0.0,89265.48866555552,1133213.2835834832,0.0,89265.48866555552,1133213.2835834832,1133213.2835834832,89265.48866555552,89265.48866555552,8.768997580969657,8.768997580969657,84.18348705101137,84.18348705101137,True,CHILS-p1（SEA 2025 公开 MWIS 算法）,CHILS-p1 (SEA 2025),PUBLISHED_MWIS_BASELINE
test,quality,HiGHS-MILP,1,True,False,120.0,4,24,24,16.0,8,8.0,0.0,8,1043947.7949179278,null,null,null,101.2142925315226,102.46767456767459,0.6666666666666666,0.6666666666666666,0.3333333333333333,0.0,0.6666666666666666,0.3333333333333333,0.0,0.0,null,0.0,0.0,0.0,1043947.7949179278,0.0,0.0,null,null,null,null,null,null,101.2142925315226,101.2142925315226,True,HiGHS-MILP（通用 MILP 软件参照）,HiGHS (generic MILP),GENERIC_MILP_SOFTWARE_REFERENCE
test,quality,FullCapacity-mean17/29,2,True,True,300.0,4,48,48,48.0,0,0.0,0.0,0,1043947.7949179278,1046615.076802562,2667.2818846342125,0.25914339442241646,3.2553873884802065,7.933130244491622,1.0,1.0,0.0,0.0,1.0,0.0,0.0,0.0,7.833333333333333,7.833333333333333,0.0,2667.2818846342125,1046615.076802562,1806.5448458932078,860.7370387410047,1046603.7683872072,1046626.3852179167,2655.9734692794204,2678.5902999890045,0.25760782567399676,0.26067896317083616,2.899473045642177,3.6113017313182354,True,JointRecovery（本文方法，JR；完整框架 STK 迁移）；两种子均值,"JointRecovery (JR, ours); 2-seed mean",PROPOSED_FULL_FRAMEWORK
test,quality,FullCapacity-seed17,1,True,True,300.0,4,24,24,24.0,0,0.0,0.0,0,1043947.7949179278,1046603.7683872072,2655.9734692794204,0.25760782567399676,2.899473045642177,7.57890408874179,1.0,1.0,0.0,0.0,1.0,0.0,0.0,0.0,7.75,7.75,0.0,2655.9734692794204,1046603.7683872072,1806.5448458932078,849.4286233862124,1046603.7683872072,1046603.7683872072,2655.9734692794204,2655.9734692794204,0.25760782567399676,0.25760782567399676,2.899473045642177,2.899473045642177,True,JointRecovery（本文方法，JR；完整框架 STK 迁移）；seed17,"JointRecovery (JR, ours); seed17",PROPOSED_FULL_FRAMEWORK
test,quality,FullCapacity-seed29,1,True,True,300.0,4,24,24,24.0,0,0.0,0.0,0,1043947.7949179278,1046626.3852179167,2678.5902999890045,0.26067896317083616,3.6113017313182354,8.287356400241453,1.0,1.0,0.0,0.0,1.0,0.0,0.0,0.0,7.916666666666666,7.916666666666666,0.0,2678.5902999890045,1046626.3852179167,1806.5448458932078,872.0454540957968,1046626.3852179167,1046626.3852179167,2678.5902999890045,2678.5902999890045,0.26067896317083616,0.26067896317083616,3.6113017313182354,3.6113017313182354,True,JointRecovery（本文方法，JR；完整框架 STK 迁移）；seed29,"JointRecovery (JR, ours); seed29",PROPOSED_FULL_FRAMEWORK
test,quality,FullCheapSummary-mean17/29,2,True,True,300.0,4,48,48,48.0,0,0.0,0.0,0,1043947.7949179278,1046604.0962821522,2656.3013642243995,0.2576386367274911,3.1381547419975204,7.908203691244125,1.0,1.0,0.0,0.0,1.0,0.0,0.0,0.0,7.833333333333333,7.833333333333333,0.0,2656.3013642243995,1046604.0962821522,1806.5448458932078,849.7565183311914,1046603.7683872072,1046604.4241770972,2655.9734692794204,2656.629259169378,0.25760782567399676,0.2576694477809854,2.9773002465565996,3.2990092374384403,True,JR-CheapSummary（简化表示消融）；两种子均值,JR-CheapSummary; 2-seed mean,SIMPLIFIED_REPRESENTATION_ABLATION
test,quality,FullCheapSummary-seed17,1,True,True,300.0,4,24,24,24.0,0,0.0,0.0,0,1043947.7949179278,1046604.4241770972,2656.629259169378,0.2576694477809854,3.2990092374384403,8.154274998387942,1.0,1.0,0.0,0.0,1.0,0.0,0.0,0.0,7.833333333333333,7.833333333333333,0.0,2656.629259169378,1046604.4241770972,1806.5448458932078,850.0844132761704,1046604.4241770972,1046604.4241770972,2656.629259169378,2656.629259169378,0.2576694477809854,0.2576694477809854,3.2990092374384403,3.2990092374384403,True,JR-CheapSummary（简化表示消融）；seed17,JR-CheapSummary; seed17,SIMPLIFIED_REPRESENTATION_ABLATION
test,quality,FullCheapSummary-seed29,1,True,True,300.0,4,24,24,24.0,0,0.0,0.0,0,1043947.7949179278,1046603.7683872072,2655.9734692794204,0.25760782567399676,2.9773002465565996,7.662132384100309,1.0,1.0,0.0,0.0,1.0,0.0,0.0,0.0,7.833333333333333,7.833333333333333,0.0,2655.9734692794204,1046603.7683872072,1806.5448458932078,849.4286233862124,1046603.7683872072,1046603.7683872072,2655.9734692794204,2655.9734692794204,0.25760782567399676,0.25760782567399676,2.9773002465565996,2.9773002465565996,True,JR-CheapSummary（简化表示消融）；seed29,JR-CheapSummary; seed29,SIMPLIFIED_REPRESENTATION_ABLATION
test,quality,FullP1,1,True,True,300.0,4,24,24,24.0,0,0.0,0.0,2,1043947.7949179278,1045771.373121571,1823.578203643289,0.17613932678694902,1.4113669708992045,6.089031322859228,1.0,0.9166666666666667,0.0,0.08333333333333333,1.0,0.0,0.0,0.0,5.625,5.625,0.0,1823.578203643289,1045771.373121571,1806.5448458932078,17.033357750081148,1045771.373121571,1045771.373121571,1823.578203643289,1823.578203643289,0.17613932678694902,0.17613932678694902,1.4113669708992045,1.4113669708992045,True,Independent-replacement+CHILS（独立替代估计对照）,Independent-replacement+CHILS,INTERNAL_INDEPENDENT_REPLACEMENT_CONTROL
test,quality,FullGreedy,1,True,True,300.0,4,24,24,24.0,0,0.0,0.0,0,1043947.7949179278,1046603.7683872072,2655.9734692794204,0.25760782567399676,1.6295231628852587,6.368161127436906,1.0,1.0,0.0,0.0,1.0,0.0,0.0,0.0,7.666666666666667,7.666666666666667,0.0,2655.9734692794204,1046603.7683872072,1806.5448458932078,849.4286233862124,1046603.7683872072,1046603.7683872072,2655.9734692794204,2655.9734692794204,0.25760782567399676,0.25760782567399676,1.6295231628852587,1.6295231628852587,True,Greedy-rank+CHILS（贪心请求排序内部对照）,Greedy-rank+CHILS,INTERNAL_GREEDY_REQUEST_RANKING
test,quality,CHILS-p1,1,True,True,300.0,4,24,24,24.0,0,0.0,0.0,0,1043947.7949179278,1133225.0192999858,89277.22438205814,8.769953832718246,210.18336186216524,211.27897525997832,1.0,1.0,0.0,0.0,1.0,0.0,0.0,0.0,1.0,0.0,0.0,89277.22438205814,1133225.0192999858,0.0,89277.22438205814,1133225.0192999858,1133225.0192999858,89277.22438205814,89277.22438205814,8.769953832718246,8.769953832718246,210.18336186216524,210.18336186216524,True,CHILS-p1（SEA 2025 公开 MWIS 算法）,CHILS-p1 (SEA 2025),PUBLISHED_MWIS_BASELINE
test,quality,HiGHS-MILP,1,True,True,300.0,4,24,24,15.0,9,9.0,0.0,9,1043947.7949179278,null,null,null,248.56208406978598,249.83834184892476,0.625,0.625,0.375,0.0,0.625,0.375,0.0,0.0,null,0.0,0.0,8682.805587983583,1052630.6005059113,0.0,8682.805587983583,null,null,null,null,null,null,248.56208406978598,248.56208406978598,True,HiGHS-MILP（通用 MILP 软件参照）,HiGHS (generic MILP),GENERIC_MILP_SOFTWARE_REFERENCE
