vertices,edges,ground_edges_including_double,satellite_edges_including_double,ground_only_edges,satellite_only_edges,double_resource_edges,cross_agent_edges,cross_agent_edge_fraction,mean_degree,median_degree,max_degree,degree_p95,mean_contact_duration_seconds,min_contact_duration_seconds,max_contact_duration_seconds,raw_contact_duration_sum_seconds,satellite_mapping_count,station_count,owner_contract,edge_resource_types_valid,duplicate_or_self_edges,R8_unchanged_subset,duration_greedy_feasible_count,duration_greedy_total_seconds,capacity_total_duration_upper_bound_seconds,capacity_bound_valid,duration_greedy_independent_set_valid,graph_id,source_group,split,replicate_id,station_view,ground_gap_seconds,satellite_gap_seconds,contacts_sha256,parameters_sha256,npz_sha256
20918,160565,79904,80661,79904,80661,0,79904,0.49764269921838505,15.35185008126972,16.0,23,21.0,448.34042753871967,0.648960991,718.945903736,9378385.063254938,168,12,Satellite identity; not a time partition or all-day capacity-one clique.,True,0,True,2532,1258772.228229256,3110400,True,True,JR-DUAL-r000-R12-g0170,JR-SOURCE-r000,train,r000,R12,170,150,5337fefd75068fcff1689e7ecf4c248a75f82afcdd4de965b0d678df8b3a6646,f2d553b0c468279425db7c4e0071a917ccf1fa6eb62a01afce64e71cb6f4ffca,848e851257a8c48c5b33f04e13a7300e7c687d22c0f5c1c0aedc8b373659e679
20918,183416,102755,80661,102755,80661,0,102755,0.5602292057399573,17.53666698537145,18.0,25,23.0,448.34042753871967,0.648960991,718.945903736,9378385.063254938,168,12,Satellite identity; not a time partition or all-day capacity-one clique.,True,0,True,2348,1201070.439586309,3110400,True,True,JR-DUAL-r000-R12-g0340,JR-SOURCE-r000,train,r000,R12,340,150,5337fefd75068fcff1689e7ecf4c248a75f82afcdd4de965b0d678df8b3a6646,f2d553b0c468279425db7c4e0071a917ccf1fa6eb62a01afce64e71cb6f4ffca,96dfb10250600754426f11b5055b257b093b4ee10026c6116bb73665d5cfac1a
20918,232565,151904,80661,151904,80661,0,151904,0.6531679315460194,22.23587341045989,23.0,30,29.0,448.34042753871967,0.648960991,718.945903736,9378385.063254938,168,12,Satellite identity; not a time partition or all-day capacity-one clique.,True,0,True,1906,999910.3070737771,3110400,True,True,JR-DUAL-r000-R12-g0680,JR-SOURCE-r000,train,r000,R12,680,150,5337fefd75068fcff1689e7ecf4c248a75f82afcdd4de965b0d678df8b3a6646,f2d553b0c468279425db7c4e0071a917ccf1fa6eb62a01afce64e71cb6f4ffca,b461c9eaaf09abf9da2c6279a0e91f56d177e967ef9abdece2ec2732388fc08f
13949,86214,53259,32955,53259,32955,0,53259,0.617753497111838,12.361316223385188,13.0,19,17.0,448.36253586037,0.648960991,718.94304534,6254209.012716301,168,8,Satellite identity; not a time partition or all-day capacity-one clique.,True,0,True,2049,1040828.789014285,2073600,True,True,JR-DUAL-r000-R8-g0170,JR-SOURCE-r000,train,r000,R8,170,150,5337fefd75068fcff1689e7ecf4c248a75f82afcdd4de965b0d678df8b3a6646,f2d553b0c468279425db7c4e0071a917ccf1fa6eb62a01afce64e71cb6f4ffca,3108b26eb5ef371e921a5abf631cb6694f4ddccc856778d56636541001202c7d
13949,101437,68482,32955,68482,32955,0,68482,0.6751185464869821,14.543981647429923,15.0,21,19.0,448.36253586037,0.648960991,718.94304534,6254209.012716301,168,8,Satellite identity; not a time partition or all-day capacity-one clique.,True,0,True,1808,964108.0411749851,2073600,True,True,JR-DUAL-r000-R8-g0340,JR-SOURCE-r000,train,r000,R8,340,150,5337fefd75068fcff1689e7ecf4c248a75f82afcdd4de965b0d678df8b3a6646,f2d553b0c468279425db7c4e0071a917ccf1fa6eb62a01afce64e71cb6f4ffca,f87fafc363d571b103239baa01d60d8f783088f4ab09d6f61f16ebc925a90fec
13949,134213,101258,32955,101258,32955,0,101258,0.7544574668623755,19.243386622696967,19.0,26,25.0,448.36253586037,0.648960991,718.94304534,6254209.012716301,168,8,Satellite identity; not a time partition or all-day capacity-one clique.,True,0,True,1296,728526.532315862,2073600,True,True,JR-DUAL-r000-R8-g0680,JR-SOURCE-r000,train,r000,R8,680,150,5337fefd75068fcff1689e7ecf4c248a75f82afcdd4de965b0d678df8b3a6646,f2d553b0c468279425db7c4e0071a917ccf1fa6eb62a01afce64e71cb6f4ffca,4609e987f4cb82d1a479c7cfbe299afb4e33def25a52633ef9f041421c4303e5
20899,160550,79869,80681,79869,80681,0,79869,0.4974711927748365,15.364371501028756,16.0,23,21.0,448.9529767145603,5.765771493,718.922866034,9382668.260357596,168,12,Satellite identity; not a time partition or all-day capacity-one clique.,True,0,True,2532,1256326.674590037,3110400,True,True,JR-DUAL-r001-R12-g0170,JR-SOURCE-r001,train,r001,R12,170,150,4d4b0347a9fef60f8d43799a53cfb19615c7765bd0d543b21d33d77b7df943c3,f2d553b0c468279425db7c4e0071a917ccf1fa6eb62a01afce64e71cb6f4ffca,d0c0a3aa597e4d2a65ba992338c9c9cc32b5df8d80f5aa7c06c61d4dc161cfa5
20899,183315,102634,80681,102634,80681,0,102634,0.5598778059624144,17.54294463849945,18.0,25,23.0,448.9529767145603,5.765771493,718.922866034,9382668.260357596,168,12,Satellite identity; not a time partition or all-day capacity-one clique.,True,0,True,2344,1199300.928687884,3110400,True,True,JR-DUAL-r001-R12-g0340,JR-SOURCE-r001,train,r001,R12,340,150,4d4b0347a9fef60f8d43799a53cfb19615c7765bd0d543b21d33d77b7df943c3,f2d553b0c468279425db7c4e0071a917ccf1fa6eb62a01afce64e71cb6f4ffca,d0eea805e94f20bc28016ff5f983bf17c466778aa0e7ae932e52f828362b740b
20899,232402,151721,80681,151721,80681,0,151721,0.6528386158466795,22.24048997559692,23.0,30,29.0,448.9529767145603,5.765771493,718.922866034,9382668.260357596,168,12,Satellite identity; not a time partition or all-day capacity-one clique.,True,0,True,1892,996071.3793569631,3110400,True,True,JR-DUAL-r001-R12-g0680,JR-SOURCE-r001,train,r001,R12,680,150,4d4b0347a9fef60f8d43799a53cfb19615c7765bd0d543b21d33d77b7df943c3,f2d553b0c468279425db7c4e0071a917ccf1fa6eb62a01afce64e71cb6f4ffca,f9074a20f1534da6188cd678a5c6edd3b10a34e1c4d16a8a0f7660251b9a74f6
13934,86173,53234,32939,53234,32939,0,53234,0.6177573021712137,12.36873833787857,13.0,19,17.0,448.9029839620496,5.765771493,718.922866034,6255014.178527199,168,8,Satellite identity; not a time partition or all-day capacity-one clique.,True,0,True,2028,1035349.882707182,2073600,True,True,JR-DUAL-r001-R8-g0170,JR-SOURCE-r001,train,r001,R8,170,150,4d4b0347a9fef60f8d43799a53cfb19615c7765bd0d543b21d33d77b7df943c3,f2d553b0c468279425db7c4e0071a917ccf1fa6eb62a01afce64e71cb6f4ffca,e473c255782465996435fa7e824fafc66b6e4a6722cfb3a963e3430a2fa365e6
13934,101363,68424,32939,68424,32939,0,68424,0.6750392154928327,14.549016793454859,15.0,21,19.0,448.9029839620496,5.765771493,718.922866034,6255014.178527199,168,8,Satellite identity; not a time partition or all-day capacity-one clique.,True,0,True,1800,961085.4607212979,2073600,True,True,JR-DUAL-r001-R8-g0340,JR-SOURCE-r001,train,r001,R8,340,150,4d4b0347a9fef60f8d43799a53cfb19615c7765bd0d543b21d33d77b7df943c3,f2d553b0c468279425db7c4e0071a917ccf1fa6eb62a01afce64e71cb6f4ffca,71c96df3076631aa229ec8c00af121e1d735342cd602a1e0096798ac969327d8
13934,134067,101128,32939,101128,32939,0,101128,0.7543094124579501,19.243146260944453,19.0,26,25.0,448.9029839620496,5.765771493,718.922866034,6255014.178527199,168,8,Satellite identity; not a time partition or all-day capacity-one clique.,True,0,True,1287,723669.604049279,2073600,True,True,JR-DUAL-r001-R8-g0680,JR-SOURCE-r001,train,r001,R8,680,150,4d4b0347a9fef60f8d43799a53cfb19615c7765bd0d543b21d33d77b7df943c3,f2d553b0c468279425db7c4e0071a917ccf1fa6eb62a01afce64e71cb6f4ffca,7ffc44523c810cf1422dfd6f0379344a019d04e9502ef4626a40f42d358e6188
20892,160481,79804,80677,79804,80677,0,79804,0.49728005184414353,15.362914034080031,16.0,23,21.0,449.02838053554234,2.607811576,718.952586215,9381100.92614855,168,12,Satellite identity; not a time partition or all-day capacity-one clique.,True,0,True,2525,1255831.6146974158,3110400,True,True,JR-DUAL-r002-R12-g0170,JR-SOURCE-r002,train,r002,R12,170,150,5632056a44ffb3f47979aff1e644a9404f34bd5ba03d99b7546bc82d19a4f3ba,f2d553b0c468279425db7c4e0071a917ccf1fa6eb62a01afce64e71cb6f4ffca,ed1572771a4052c0b0a30b96cd98aa1de8e6703782679ea8eb09aa493d3bd152
20892,183259,102582,80677,102582,80677,0,102582,0.5597651411390436,17.543461612100327,18.0,25,23.0,449.02838053554234,2.607811576,718.952586215,9381100.92614855,168,12,Satellite identity; not a time partition or all-day capacity-one clique.,True,0,True,2336,1197729.743391234,3110400,True,True,JR-DUAL-r002-R12-g0340,JR-SOURCE-r002,train,r002,R12,340,150,5632056a44ffb3f47979aff1e644a9404f34bd5ba03d99b7546bc82d19a4f3ba,f2d553b0c468279425db7c4e0071a917ccf1fa6eb62a01afce64e71cb6f4ffca,f2cb1e6e5d5821e90bf148f662988b0426bd175b2c646f352505ee8bf474df51
20892,232319,151642,80677,151642,80677,0,151642,0.6527318041141706,22.239996170783076,23.0,30,29.0,449.02838053554234,2.607811576,718.952586215,9381100.92614855,168,12,Satellite identity; not a time partition or all-day capacity-one clique.,True,0,True,1893,996471.8811489199,3110400,True,True,JR-DUAL-r002-R12-g0680,JR-SOURCE-r002,train,r002,R12,680,150,5632056a44ffb3f47979aff1e644a9404f34bd5ba03d99b7546bc82d19a4f3ba,f2d553b0c468279425db7c4e0071a917ccf1fa6eb62a01afce64e71cb6f4ffca,08e2f0dc924340cf4e81c3c09f8df941f0658284f9ecfef61c588d997ac67278
13932,86163,53201,32962,53201,32962,0,53201,0.6174460035049847,12.369078380706288,13.0,19,17.0,448.87725890225454,2.607811576,718.952586215,6253757.97102621,168,8,Satellite identity; not a time partition or all-day capacity-one clique.,True,0,True,2041,1036350.6558648869,2073600,True,True,JR-DUAL-r002-R8-g0170,JR-SOURCE-r002,train,r002,R8,170,150,5632056a44ffb3f47979aff1e644a9404f34bd5ba03d99b7546bc82d19a4f3ba,f2d553b0c468279425db7c4e0071a917ccf1fa6eb62a01afce64e71cb6f4ffca,3e78a05aa7a402b806a30f2a9d699767f19c9329af07da672ebca5f45da647b2
13932,101324,68362,32962,68362,32962,0,68362,0.6746871422367849,14.545506747057134,15.0,21,19.0,448.87725890225454,2.607811576,718.952586215,6253757.97102621,168,8,Satellite identity; not a time partition or all-day capacity-one clique.,True,0,True,1810,961832.520098827,2073600,True,True,JR-DUAL-r002-R8-g0340,JR-SOURCE-r002,train,r002,R8,340,150,5632056a44ffb3f47979aff1e644a9404f34bd5ba03d99b7546bc82d19a4f3ba,f2d553b0c468279425db7c4e0071a917ccf1fa6eb62a01afce64e71cb6f4ffca,df49f21da493b0491094d035c45507d7ef7adee2b033725852f17be0e6e698ca
13932,134066,101104,32962,101104,32962,0,101104,0.7541360225560545,19.245765144989953,19.0,26,25.0,448.87725890225454,2.607811576,718.952586215,6253757.97102621,168,8,Satellite identity; not a time partition or all-day capacity-one clique.,True,0,True,1295,726517.6856755789,2073600,True,True,JR-DUAL-r002-R8-g0680,JR-SOURCE-r002,train,r002,R8,680,150,5632056a44ffb3f47979aff1e644a9404f34bd5ba03d99b7546bc82d19a4f3ba,f2d553b0c468279425db7c4e0071a917ccf1fa6eb62a01afce64e71cb6f4ffca,61d7282d3a0308ac4b406483a73eb98a7297beb1a58aa93aab306c32b142c2e6
20890,160334,79815,80519,79815,80519,0,79815,0.49780458293312707,15.35031115366204,16.0,23,21.0,448.8552773539618,4.251812593,718.93245864,9376586.743924262,168,12,Satellite identity; not a time partition or all-day capacity-one clique.,True,0,True,2528,1256631.442203161,3110400,True,True,JR-DUAL-r003-R12-g0170,JR-SOURCE-r003,train,r003,R12,170,150,b09924d683b7217e17f476dea757f9fca3124e2d32cfc6f1b625373d0931cbdd,f2d553b0c468279425db7c4e0071a917ccf1fa6eb62a01afce64e71cb6f4ffca,8e1631a0acf1092bf0817dbf27eddc2bfae955c48b5bfbc745086e83b3c696a3
20890,183069,102550,80519,102550,80519,0,102550,0.5601713015311167,17.526950694112017,18.0,25,23.0,448.8552773539618,4.251812593,718.93245864,9376586.743924262,168,12,Satellite identity; not a time partition or all-day capacity-one clique.,True,0,True,2356,1201649.818717302,3110400,True,True,JR-DUAL-r003-R12-g0340,JR-SOURCE-r003,train,r003,R12,340,150,b09924d683b7217e17f476dea757f9fca3124e2d32cfc6f1b625373d0931cbdd,f2d553b0c468279425db7c4e0071a917ccf1fa6eb62a01afce64e71cb6f4ffca,f2f70f5b41bb132c48ae7e04197a6f6c23f06a5234a949531531cc870f70b2b8
20890,232104,151585,80519,151585,80519,0,151585,0.6530908558232517,22.221541407371948,23.0,30,29.0,448.8552773539618,4.251812593,718.93245864,9376586.743924262,168,12,Satellite identity; not a time partition or all-day capacity-one clique.,True,0,True,1886,995596.821572633,3110400,True,True,JR-DUAL-r003-R12-g0680,JR-SOURCE-r003,train,r003,R12,680,150,b09924d683b7217e17f476dea757f9fca3124e2d32cfc6f1b625373d0931cbdd,f2d553b0c468279425db7c4e0071a917ccf1fa6eb62a01afce64e71cb6f4ffca,82e2ca459d985a6643b0bc0bb493e1b7b4ed954defb4d529aac0d37ebbba01eb
13927,86076,53206,32870,53206,32870,0,53206,0.6181281658069613,12.361025346449344,13.0,19,17.0,448.91208648322805,4.251812593,718.912173936,6251998.628451917,168,8,Satellite identity; not a time partition or all-day capacity-one clique.,True,0,True,2043,1038026.654756068,2073600,True,True,JR-DUAL-r003-R8-g0170,JR-SOURCE-r003,train,r003,R8,170,150,b09924d683b7217e17f476dea757f9fca3124e2d32cfc6f1b625373d0931cbdd,f2d553b0c468279425db7c4e0071a917ccf1fa6eb62a01afce64e71cb6f4ffca,b176fe210a65b51dd3c961c36015ff98a8731c36573f7e9a7c15da4cd1ea40ba
13927,101200,68330,32870,68330,32870,0,68330,0.6751976284584981,14.532921662956847,15.0,21,19.0,448.91208648322805,4.251812593,718.912173936,6251998.628451917,168,8,Satellite identity; not a time partition or all-day capacity-one clique.,True,0,True,1806,959914.0310369569,2073600,True,True,JR-DUAL-r003-R8-g0340,JR-SOURCE-r003,train,r003,R8,340,150,b09924d683b7217e17f476dea757f9fca3124e2d32cfc6f1b625373d0931cbdd,f2d553b0c468279425db7c4e0071a917ccf1fa6eb62a01afce64e71cb6f4ffca,56d30a73e49ad525232e4a1c721034fcf122db132839ac74e50691de0fab8bff
13927,133909,101039,32870,101039,32870,0,101039,0.7545347960181915,19.230128527321032,19.0,26,25.0,448.91208648322805,4.251812593,718.912173936,6251998.628451917,168,8,Satellite identity; not a time partition or all-day capacity-one clique.,True,0,True,1293,725975.056463808,2073600,True,True,JR-DUAL-r003-R8-g0680,JR-SOURCE-r003,train,r003,R8,680,150,b09924d683b7217e17f476dea757f9fca3124e2d32cfc6f1b625373d0931cbdd,f2d553b0c468279425db7c4e0071a917ccf1fa6eb62a01afce64e71cb6f4ffca,42680a38f24f96e96a018ec115a00195120b677d4a4626890677606d8b89a3bb
20919,160598,79846,80752,79846,80752,0,79846,0.4971792923946749,15.354271236674792,16.0,23,21.0,448.2525802479619,0.970492009,718.955946664,9376995.726207115,168,12,Satellite identity; not a time partition or all-day capacity-one clique.,True,0,True,2528,1255025.633972561,3110400,True,True,JR-DUAL-r004-R12-g0170,JR-SOURCE-r004,train,r004,R12,170,150,4d5f82973b0bd34a4def15829923e9a817807b873aa7666c47852c732fa0e2b6,f2d553b0c468279425db7c4e0071a917ccf1fa6eb62a01afce64e71cb6f4ffca,9aaf29e9bb5aaef591487a5e0ea7959e4147c570b827dadb96163db6226f74dc
20919,183475,102723,80752,102723,80752,0,102723,0.5598746423218423,17.541469477508485,18.0,25,23.0,448.2525802479619,0.970492009,718.955946664,9376995.726207115,168,12,Satellite identity; not a time partition or all-day capacity-one clique.,True,0,True,2356,1200712.5307026901,3110400,True,True,JR-DUAL-r004-R12-g0340,JR-SOURCE-r004,train,r004,R12,340,150,4d5f82973b0bd34a4def15829923e9a817807b873aa7666c47852c732fa0e2b6,f2d553b0c468279425db7c4e0071a917ccf1fa6eb62a01afce64e71cb6f4ffca,58f28ac65cd4cdee59b0684b19d1e2e581dabc21bb9a3ee022d368050198c8bf
20919,232636,151884,80752,151884,80752,0,151884,0.6528826149005313,22.24159854677566,23.0,30,29.0,448.2525802479619,0.970492009,718.955946664,9376995.726207115,168,12,Satellite identity; not a time partition or all-day capacity-one clique.,True,0,True,1913,1000062.770649142,3110400,True,True,JR-DUAL-r004-R12-g0680,JR-SOURCE-r004,train,r004,R12,680,150,4d5f82973b0bd34a4def15829923e9a817807b873aa7666c47852c732fa0e2b6,f2d553b0c468279425db7c4e0071a917ccf1fa6eb62a01afce64e71cb6f4ffca,a47e1dfaf6fa6e710f276615adc965a5bd5b14bc70c12924f49e993434fe0056
13942,86153,53198,32955,53198,32955,0,53198,0.6174828502779938,12.35877205565916,13.0,19,17.0,448.43229966499985,0.970492009,718.955946664,6252043.121929428,168,8,Satellite identity; not a time partition or all-day capacity-one clique.,True,0,True,2035,1037104.4223324751,2073600,True,True,JR-DUAL-r004-R8-g0170,JR-SOURCE-r004,train,r004,R8,170,150,4d5f82973b0bd34a4def15829923e9a817807b873aa7666c47852c732fa0e2b6,f2d553b0c468279425db7c4e0071a917ccf1fa6eb62a01afce64e71cb6f4ffca,c899ad03df1c37bb03b21abd5a5160a9977c22fbaf0456505a2e944ab213f55e
13942,101397,68442,32955,68442,32955,0,68442,0.6749903843308973,14.54554583273562,15.0,21,19.0,448.43229966499985,0.970492009,718.955946664,6252043.121929428,168,8,Satellite identity; not a time partition or all-day capacity-one clique.,True,0,True,1787,958204.8620374019,2073600,True,True,JR-DUAL-r004-R8-g0340,JR-SOURCE-r004,train,r004,R8,340,150,4d5f82973b0bd34a4def15829923e9a817807b873aa7666c47852c732fa0e2b6,f2d553b0c468279425db7c4e0071a917ccf1fa6eb62a01afce64e71cb6f4ffca,c3f2b169771b57f0cb8140ea12793876e5596bb611111aff3be405a96d27c8f5
13942,134094,101139,32955,101139,32955,0,101139,0.7542395632914224,19.235977621575095,19.0,26,25.0,448.43229966499985,0.970492009,718.955946664,6252043.121929428,168,8,Satellite identity; not a time partition or all-day capacity-one clique.,True,0,True,1300,727920.356929733,2073600,True,True,JR-DUAL-r004-R8-g0680,JR-SOURCE-r004,train,r004,R8,680,150,4d5f82973b0bd34a4def15829923e9a817807b873aa7666c47852c732fa0e2b6,f2d553b0c468279425db7c4e0071a917ccf1fa6eb62a01afce64e71cb6f4ffca,1f3c06d83dbb96857767ae85a9c87d954b29654904543e4d67655b1b8929694e
20909,160494,79901,80593,79901,80593,0,79901,0.49784415616783184,15.351666746377159,16.0,23,21.0,448.4700539675737,4.398496824,718.952902694,9377060.358407998,168,12,Satellite identity; not a time partition or all-day capacity-one clique.,True,0,True,2522,1255267.487255497,3110400,True,True,JR-DUAL-r005-R12-g0170,JR-SOURCE-r005,train,r005,R12,170,150,999f39c8aae3026dc304d0945a981eea22cb5cbfe516c4f93e83685eecddb05a,f2d553b0c468279425db7c4e0071a917ccf1fa6eb62a01afce64e71cb6f4ffca,b0c6d657a5851805edfd75f7abb4a267cca6f4349437d8e1322ea9cb01f7b582
20909,183330,102737,80593,102737,80593,0,102737,0.560393825342279,17.535989286909942,18.0,25,23.0,448.4700539675737,4.398496824,718.952902694,9377060.358407998,168,12,Satellite identity; not a time partition or all-day capacity-one clique.,True,0,True,2340,1198831.574513855,3110400,True,True,JR-DUAL-r005-R12-g0340,JR-SOURCE-r005,train,r005,R12,340,150,999f39c8aae3026dc304d0945a981eea22cb5cbfe516c4f93e83685eecddb05a,f2d553b0c468279425db7c4e0071a917ccf1fa6eb62a01afce64e71cb6f4ffca,ab8ab425d270faa0d7cf85010ff71144f3d7c7e048e85367be641d0d39db959d
20909,232395,151802,80593,151802,80593,0,151802,0.653206824587448,22.22918360514611,23.0,30,29.0,448.4700539675737,4.398496824,718.952902694,9377060.358407998,168,12,Satellite identity; not a time partition or all-day capacity-one clique.,True,0,True,1903,997578.272523402,3110400,True,True,JR-DUAL-r005-R12-g0680,JR-SOURCE-r005,train,r005,R12,680,150,999f39c8aae3026dc304d0945a981eea22cb5cbfe516c4f93e83685eecddb05a,f2d553b0c468279425db7c4e0071a917ccf1fa6eb62a01afce64e71cb6f4ffca,f797f8a04f2cca0f6bcf2656c9e4b61c458ca32726a21f03a292305511673ae3
13938,86148,53245,32903,53245,32903,0,53245,0.6180642615034592,12.361601377529057,13.0,19,17.0,448.55246309307694,4.398496824,718.952902694,6251924.230591306,168,8,Satellite identity; not a time partition or all-day capacity-one clique.,True,0,True,2038,1038095.8904942858,2073600,True,True,JR-DUAL-r005-R8-g0170,JR-SOURCE-r005,train,r005,R8,170,150,999f39c8aae3026dc304d0945a981eea22cb5cbfe516c4f93e83685eecddb05a,f2d553b0c468279425db7c4e0071a917ccf1fa6eb62a01afce64e71cb6f4ffca,05613f2a597383b4ed292de6a1c091e2524eb4e7c58b47731c93874aa66f807d
13938,101347,68444,32903,68444,32903,0,68444,0.6753431280649649,14.542545558903717,15.0,21,19.0,448.55246309307694,4.398496824,718.952902694,6251924.230591306,168,8,Satellite identity; not a time partition or all-day capacity-one clique.,True,0,True,1799,961245.4873883249,2073600,True,True,JR-DUAL-r005-R8-g0340,JR-SOURCE-r005,train,r005,R8,340,150,999f39c8aae3026dc304d0945a981eea22cb5cbfe516c4f93e83685eecddb05a,f2d553b0c468279425db7c4e0071a917ccf1fa6eb62a01afce64e71cb6f4ffca,be11ebd61e1ce7714dd10c32e36ededed3a83fa4a897366a541d46341342b9d2
13938,134059,101156,32903,101156,32903,0,101156,0.7545632892979957,19.236475821495194,19.0,26,25.0,448.55246309307694,4.398496824,718.952902694,6251924.230591306,168,8,Satellite identity; not a time partition or all-day capacity-one clique.,True,0,True,1299,726709.965894524,2073600,True,True,JR-DUAL-r005-R8-g0680,JR-SOURCE-r005,train,r005,R8,680,150,999f39c8aae3026dc304d0945a981eea22cb5cbfe516c4f93e83685eecddb05a,f2d553b0c468279425db7c4e0071a917ccf1fa6eb62a01afce64e71cb6f4ffca,ba3f91311015eff039a578593fbf8195aabbb20fd17e662b719e79966e38f326
20893,160252,79761,80491,79761,80491,0,79761,0.497722337318723,15.340257502512804,16.0,23,21.0,448.7300529512856,3.227742489,718.950168666,9375316.99631121,168,12,Satellite identity; not a time partition or all-day capacity-one clique.,True,0,True,2526,1257633.2076911628,3110400,True,True,JR-DUAL-r006-R12-g0170,JR-SOURCE-r006,validation,r006,R12,170,150,1c16bc8a11faaa4c6ed27045b3048373c37066779cef780da9688f1034214447,f2d553b0c468279425db7c4e0071a917ccf1fa6eb62a01afce64e71cb6f4ffca,eaee9bdeab14b0f345d4fba3e3ef643416452406bed14a5e5b9dc15c767e20b7
20893,183068,102577,80491,102577,80491,0,102577,0.5603218476194638,17.524338295122767,18.0,25,23.0,448.7300529512856,3.227742489,718.950168666,9375316.99631121,168,12,Satellite identity; not a time partition or all-day capacity-one clique.,True,0,True,2349,1201820.152524347,3110400,True,True,JR-DUAL-r006-R12-g0340,JR-SOURCE-r006,validation,r006,R12,340,150,1c16bc8a11faaa4c6ed27045b3048373c37066779cef780da9688f1034214447,f2d553b0c468279425db7c4e0071a917ccf1fa6eb62a01afce64e71cb6f4ffca,4129a11ef42f80d68398ad63f0be4b0a671ced46be715d3efef4791afafb4920
20893,232066,151575,80491,151575,80491,0,151575,0.6531547059888135,22.21471306179103,23.0,30,29.0,448.7300529512856,3.227742489,718.950168666,9375316.99631121,168,12,Satellite identity; not a time partition or all-day capacity-one clique.,True,0,True,1903,999967.725572712,3110400,True,True,JR-DUAL-r006-R12-g0680,JR-SOURCE-r006,validation,r006,R12,680,150,1c16bc8a11faaa4c6ed27045b3048373c37066779cef780da9688f1034214447,f2d553b0c468279425db7c4e0071a917ccf1fa6eb62a01afce64e71cb6f4ffca,71e64263b870ab9b80c97ff5679f594d52e221754befaf7ca08c2941191c58ad
13927,86030,53176,32854,53176,32854,0,53176,0.618109961641288,12.35441947296618,13.0,19,17.0,448.84633853458,3.227742489,718.942152137,6251082.956771096,168,8,Satellite identity; not a time partition or all-day capacity-one clique.,True,0,True,2040,1039197.706906911,2073600,True,True,JR-DUAL-r006-R8-g0170,JR-SOURCE-r006,validation,r006,R8,170,150,1c16bc8a11faaa4c6ed27045b3048373c37066779cef780da9688f1034214447,f2d553b0c468279425db7c4e0071a917ccf1fa6eb62a01afce64e71cb6f4ffca,c9a66a343f613909bd5c64cb3d47910e1056d73b26b763cdf2cf506fee7ef400
13927,101240,68386,32854,68386,32854,0,68386,0.6754839984195969,14.538665900768292,15.0,21,19.0,448.84633853458,3.227742489,718.942152137,6251082.956771096,168,8,Satellite identity; not a time partition or all-day capacity-one clique.,True,0,True,1799,961943.0649883149,2073600,True,True,JR-DUAL-r006-R8-g0340,JR-SOURCE-r006,validation,r006,R8,340,150,1c16bc8a11faaa4c6ed27045b3048373c37066779cef780da9688f1034214447,f2d553b0c468279425db7c4e0071a917ccf1fa6eb62a01afce64e71cb6f4ffca,aec9aae34e849ecf302a46d941e76d1253b8fbdd92fd9f3218f8a334ce94588e
13927,133893,101039,32854,101039,32854,0,101039,0.754624961723167,19.227830832196453,19.0,26,25.0,448.84633853458,3.227742489,718.942152137,6251082.956771096,168,8,Satellite identity; not a time partition or all-day capacity-one clique.,True,0,True,1299,729107.7180855081,2073600,True,True,JR-DUAL-r006-R8-g0680,JR-SOURCE-r006,validation,r006,R8,680,150,1c16bc8a11faaa4c6ed27045b3048373c37066779cef780da9688f1034214447,f2d553b0c468279425db7c4e0071a917ccf1fa6eb62a01afce64e71cb6f4ffca,b3a02effe8909c2e92c2d70c87b1844f9c1b84d94391b108adf79e4dde9a51e5
20892,160190,79820,80370,79820,80370,0,79820,0.4982832885947937,15.335056480949646,16.0,23,21.0,448.6590439907776,4.528895272,718.949668874,9373384.747055326,168,12,Satellite identity; not a time partition or all-day capacity-one clique.,True,0,True,2535,1260100.5443763419,3110400,True,True,JR-DUAL-r007-R12-g0170,JR-SOURCE-r007,validation,r007,R12,170,150,b8aec10ac2a48486a31b2a261f1eccde94f8ed2bc1680b09656219da759ee10e,f2d553b0c468279425db7c4e0071a917ccf1fa6eb62a01afce64e71cb6f4ffca,352a0f5e094316106576ec8c1ef95927ae1f01e76cdbbc332f07cb8c80511dc9
20892,182944,102574,80370,102574,80370,0,102574,0.5606852370124191,17.51330652881486,18.0,25,23.0,448.6590439907776,4.528895272,718.949668874,9373384.747055326,168,12,Satellite identity; not a time partition or all-day capacity-one clique.,True,0,True,2331,1195538.435171474,3110400,True,True,JR-DUAL-r007-R12-g0340,JR-SOURCE-r007,validation,r007,R12,340,150,b8aec10ac2a48486a31b2a261f1eccde94f8ed2bc1680b09656219da759ee10e,f2d553b0c468279425db7c4e0071a917ccf1fa6eb62a01afce64e71cb6f4ffca,2499d208be9e7fd2175037b0ac04d5369efd26ed7e0aef0804176c5d6e7d3b3f
20892,231986,151616,80370,151616,80370,0,151616,0.6535566801444915,22.208117939881294,23.0,30,29.0,448.6590439907776,4.528895272,718.949668874,9373384.747055326,168,12,Satellite identity; not a time partition or all-day capacity-one clique.,True,0,True,1903,999133.545150412,3110400,True,True,JR-DUAL-r007-R12-g0680,JR-SOURCE-r007,validation,r007,R12,680,150,b8aec10ac2a48486a31b2a261f1eccde94f8ed2bc1680b09656219da759ee10e,f2d553b0c468279425db7c4e0071a917ccf1fa6eb62a01afce64e71cb6f4ffca,0d34e917817b9a763879c2edc4218a2f781990806f79af6af15c75a62857cc56
13927,85986,53180,32806,53180,32806,0,53180,0.6184727746377318,12.348100811373591,13.0,19,17.0,448.57051687144065,4.528895272,718.949668874,6247241.5884685535,168,8,Satellite identity; not a time partition or all-day capacity-one clique.,True,0,True,2049,1041508.861032448,2073600,True,True,JR-DUAL-r007-R8-g0170,JR-SOURCE-r007,validation,r007,R8,170,150,b8aec10ac2a48486a31b2a261f1eccde94f8ed2bc1680b09656219da759ee10e,f2d553b0c468279425db7c4e0071a917ccf1fa6eb62a01afce64e71cb6f4ffca,151d4e2e339398412efdb24431726d011f0e166971491751a722b92e227d00a3
13927,101118,68312,32806,68312,32806,0,68312,0.6755671591605846,14.521145975443384,15.0,21,19.0,448.57051687144065,4.528895272,718.949668874,6247241.5884685535,168,8,Satellite identity; not a time partition or all-day capacity-one clique.,True,0,True,1819,966406.7250248669,2073600,True,True,JR-DUAL-r007-R8-g0340,JR-SOURCE-r007,validation,r007,R8,340,150,b8aec10ac2a48486a31b2a261f1eccde94f8ed2bc1680b09656219da759ee10e,f2d553b0c468279425db7c4e0071a917ccf1fa6eb62a01afce64e71cb6f4ffca,7c9d62b17b5b756d3ae6519b355efe976b2cc68ccd41f005112b2928ca0519e3
13927,133858,101052,32806,101052,32806,0,101052,0.7549193921917255,19.22280462411144,19.0,26,25.0,448.57051687144065,4.528895272,718.949668874,6247241.5884685535,168,8,Satellite identity; not a time partition or all-day capacity-one clique.,True,0,True,1288,725213.442492003,2073600,True,True,JR-DUAL-r007-R8-g0680,JR-SOURCE-r007,validation,r007,R8,680,150,b8aec10ac2a48486a31b2a261f1eccde94f8ed2bc1680b09656219da759ee10e,f2d553b0c468279425db7c4e0071a917ccf1fa6eb62a01afce64e71cb6f4ffca,89e484a98ad391973ca75f579589b26367d761fe6d4ca6acb0f315d4b4b3b696
20892,160096,79751,80345,79751,80345,0,79751,0.4981448630821507,15.326057821175569,16.0,23,21.0,448.6230926806157,9.318042951,718.937973959,9372633.652283423,168,12,Satellite identity; not a time partition or all-day capacity-one clique.,True,0,True,2549,1262550.559213068,3110400,True,True,JR-DUAL-r008-R12-g0170,JR-SOURCE-r008,test,r008,R12,170,150,571e432a15780a75375dfeeb3efcb9d31de38fa758b6af12880a283f3d90f339,f2d553b0c468279425db7c4e0071a917ccf1fa6eb62a01afce64e71cb6f4ffca,4a162df101a20eb93108e36e638081d0a33d4b6789be656714548983182edcef
20892,182927,102582,80345,102582,80345,0,102582,0.5607810766043285,17.511679111621675,18.0,25,23.0,448.6230926806157,9.318042951,718.937973959,9372633.652283423,168,12,Satellite identity; not a time partition or all-day capacity-one clique.,True,0,True,2352,1201472.969487604,3110400,True,True,JR-DUAL-r008-R12-g0340,JR-SOURCE-r008,test,r008,R12,340,150,571e432a15780a75375dfeeb3efcb9d31de38fa758b6af12880a283f3d90f339,f2d553b0c468279425db7c4e0071a917ccf1fa6eb62a01afce64e71cb6f4ffca,50b69c71589f617287bc30cdd3bb997a175569234854472eebb482292b786451
20892,231942,151597,80345,151597,80345,0,151597,0.6535987445137146,22.20390580126364,23.0,30,29.0,448.6230926806157,9.318042951,718.937973959,9372633.652283423,168,12,Satellite identity; not a time partition or all-day capacity-one clique.,True,0,True,1891,996252.4825592341,3110400,True,True,JR-DUAL-r008-R12-g0680,JR-SOURCE-r008,test,r008,R12,680,150,571e432a15780a75375dfeeb3efcb9d31de38fa758b6af12880a283f3d90f339,f2d553b0c468279425db7c4e0071a917ccf1fa6eb62a01afce64e71cb6f4ffca,3d360fe08379a8dec5d4e962625cec03012c4bd7baf454b5ab67e56095ae31cc
13931,85959,53150,32809,53150,32809,0,53150,0.6183180353424307,12.340679061086785,13.0,19,17.0,448.5710518350546,9.318042951,718.937973959,6249043.323114146,168,8,Satellite identity; not a time partition or all-day capacity-one clique.,True,0,True,2065,1044067.046762594,2073600,True,True,JR-DUAL-r008-R8-g0170,JR-SOURCE-r008,test,r008,R8,170,150,571e432a15780a75375dfeeb3efcb9d31de38fa758b6af12880a283f3d90f339,f2d553b0c468279425db7c4e0071a917ccf1fa6eb62a01afce64e71cb6f4ffca,8d467ab6eaa822b993a035b70e1ba7a811b5cc2a66f71caf440de1000ecf3f2a
13931,101165,68356,32809,68356,32809,0,68356,0.6756882320960806,14.523724068623933,15.0,21,19.0,448.5710518350546,9.318042951,718.937973959,6249043.323114146,168,8,Satellite identity; not a time partition or all-day capacity-one clique.,True,0,True,1818,964674.094508257,2073600,True,True,JR-DUAL-r008-R8-g0340,JR-SOURCE-r008,test,r008,R8,340,150,571e432a15780a75375dfeeb3efcb9d31de38fa758b6af12880a283f3d90f339,f2d553b0c468279425db7c4e0071a917ccf1fa6eb62a01afce64e71cb6f4ffca,090847d08798aa76362f8d88d3521b8bc0709420758d62c1494361a8ce7020e0
13931,133895,101086,32809,101086,32809,0,101086,0.7549647111542627,19.22259708563635,19.0,26,25.0,448.5710518350546,9.318042951,718.937973959,6249043.323114146,168,8,Satellite identity; not a time partition or all-day capacity-one clique.,True,0,True,1286,725058.74017615,2073600,True,True,JR-DUAL-r008-R8-g0680,JR-SOURCE-r008,test,r008,R8,680,150,571e432a15780a75375dfeeb3efcb9d31de38fa758b6af12880a283f3d90f339,f2d553b0c468279425db7c4e0071a917ccf1fa6eb62a01afce64e71cb6f4ffca,15b12af2da58d502a01ec2ff570118b4a951c427b9b201caf7af88ce7a0e9f4a
20884,160263,79764,80499,79764,80499,0,79764,0.4977068942925067,15.347921854050949,16.0,23,21.0,448.85359056053113,0.376110817,718.947566046,9373858.385266133,168,12,Satellite identity; not a time partition or all-day capacity-one clique.,True,0,True,2535,1258219.2688993071,3110400,True,True,JR-DUAL-r009-R12-g0170,JR-SOURCE-r009,test,r009,R12,170,150,ba53b5944a57b558a26c6af09fb03a58164403dbd09a40251c9bbd9300725147,f2d553b0c468279425db7c4e0071a917ccf1fa6eb62a01afce64e71cb6f4ffca,78507e7555acae696fd57d1a81e1d4b6c94eb319c55542c5e4c463b99126211e
20884,182998,102499,80499,102499,80499,0,102499,0.560109946556793,17.52518674583413,18.0,25,23.0,448.85359056053113,0.376110817,718.947566046,9373858.385266133,168,12,Satellite identity; not a time partition or all-day capacity-one clique.,True,0,True,2336,1196954.200011195,3110400,True,True,JR-DUAL-r009-R12-g0340,JR-SOURCE-r009,test,r009,R12,340,150,ba53b5944a57b558a26c6af09fb03a58164403dbd09a40251c9bbd9300725147,f2d553b0c468279425db7c4e0071a917ccf1fa6eb62a01afce64e71cb6f4ffca,2fc48ff9f503db4e5539ffd8bc9207b2353820e860971f83a8aba8990d5b4404
20884,231973,151474,80499,151474,80499,0,151474,0.6529811659115501,22.215380195364872,23.0,30,29.0,448.85359056053113,0.376110817,718.947566046,9373858.385266133,168,12,Satellite identity; not a time partition or all-day capacity-one clique.,True,0,True,1893,995328.9003249429,3110400,True,True,JR-DUAL-r009-R12-g0680,JR-SOURCE-r009,test,r009,R12,680,150,ba53b5944a57b558a26c6af09fb03a58164403dbd09a40251c9bbd9300725147,f2d553b0c468279425db7c4e0071a917ccf1fa6eb62a01afce64e71cb6f4ffca,f6193f0484a8132a6b812a3deb78bcbcbe7f35d1708c41012782b40d328deb9e
13919,86000,53144,32856,53144,32856,0,53144,0.6179534883720931,12.357209569652992,13.0,19,17.0,448.89065359608986,0.376110817,718.947566046,6248109.007403974,168,8,Satellite identity; not a time partition or all-day capacity-one clique.,True,0,True,2048,1038129.5578828449,2073600,True,True,JR-DUAL-r009-R8-g0170,JR-SOURCE-r009,test,r009,R8,170,150,ba53b5944a57b558a26c6af09fb03a58164403dbd09a40251c9bbd9300725147,f2d553b0c468279425db7c4e0071a917ccf1fa6eb62a01afce64e71cb6f4ffca,bee07cba3692be2c78e99f5043f01f94d8b6c0483bdc7b87cd0f891ec7f8a73a
13919,101128,68272,32856,68272,32856,0,68272,0.675104817656831,14.530928946044975,15.0,21,19.0,448.89065359608986,0.376110817,718.947566046,6248109.007403974,168,8,Satellite identity; not a time partition or all-day capacity-one clique.,True,0,True,1803,958942.247525348,2073600,True,True,JR-DUAL-r009-R8-g0340,JR-SOURCE-r009,test,r009,R8,340,150,ba53b5944a57b558a26c6af09fb03a58164403dbd09a40251c9bbd9300725147,f2d553b0c468279425db7c4e0071a917ccf1fa6eb62a01afce64e71cb6f4ffca,f974334a97d6260b36a12fce36b70d9baf8ef5240909bbce3bbf3d225426f30a
13919,133800,100944,32856,100944,32856,0,100944,0.754439461883408,19.22551907464617,19.0,26,25.0,448.89065359608986,0.376110817,718.947566046,6248109.007403974,168,8,Satellite identity; not a time partition or all-day capacity-one clique.,True,0,True,1290,727027.842792866,2073600,True,True,JR-DUAL-r009-R8-g0680,JR-SOURCE-r009,test,r009,R8,680,150,ba53b5944a57b558a26c6af09fb03a58164403dbd09a40251c9bbd9300725147,f2d553b0c468279425db7c4e0071a917ccf1fa6eb62a01afce64e71cb6f4ffca,dde53da42596743b3b228d4a8edc9586cd986e54b69199d7c23242c998b88a10
20910,160270,79780,80490,79780,80490,0,79780,0.49778498783303177,15.329507412721187,16.0,23,21.0,448.202960251733,3.246641877,718.943764368,9371923.898863737,168,12,Satellite identity; not a time partition or all-day capacity-one clique.,True,0,True,2539,1261339.9132776689,3110400,True,True,JR-DUAL-r010-R12-g0170,JR-SOURCE-r010,test,r010,R12,170,150,a18216f2fe739392ba43fa6a008ff742856d7edd5276967f2dc2a763bcc179b0,f2d553b0c468279425db7c4e0071a917ccf1fa6eb62a01afce64e71cb6f4ffca,6978d248e9bec90800cd675eb7da6bc8e31917482ce0bf609637372d41a74441
20910,183103,102613,80490,102613,80490,0,102613,0.5604113531728043,17.513438546150166,18.0,25,23.0,448.202960251733,3.246641877,718.943764368,9371923.898863737,168,12,Satellite identity; not a time partition or all-day capacity-one clique.,True,0,True,2342,1199861.8114766981,3110400,True,True,JR-DUAL-r010-R12-g0340,JR-SOURCE-r010,test,r010,R12,340,150,a18216f2fe739392ba43fa6a008ff742856d7edd5276967f2dc2a763bcc179b0,f2d553b0c468279425db7c4e0071a917ccf1fa6eb62a01afce64e71cb6f4ffca,9744af14a9abc127ab3a58659b1cfd74491dd565c2ac39d167688ce03febe45a
20910,232251,151761,80490,151761,80490,0,151761,0.6534352919901314,22.214347202295553,23.0,30,29.0,448.202960251733,3.246641877,718.943764368,9371923.898863737,168,12,Satellite identity; not a time partition or all-day capacity-one clique.,True,0,True,1899,997301.8775157409,3110400,True,True,JR-DUAL-r010-R12-g0680,JR-SOURCE-r010,test,r010,R12,680,150,a18216f2fe739392ba43fa6a008ff742856d7edd5276967f2dc2a763bcc179b0,f2d553b0c468279425db7c4e0071a917ccf1fa6eb62a01afce64e71cb6f4ffca,5e8013e3c0e809ab08083a7851d1afed980c99aa65cb80fbb5369a75a8c3c58c
13944,86090,53202,32888,53202,32888,0,53202,0.6179811824834476,12.347963281698222,13.0,19,17.0,448.1657627192964,5.373287303,718.940820277,6249223.39535787,168,8,Satellite identity; not a time partition or all-day capacity-one clique.,True,0,True,2054,1040596.005139112,2073600,True,True,JR-DUAL-r010-R8-g0170,JR-SOURCE-r010,test,r010,R8,170,150,a18216f2fe739392ba43fa6a008ff742856d7edd5276967f2dc2a763bcc179b0,f2d553b0c468279425db7c4e0071a917ccf1fa6eb62a01afce64e71cb6f4ffca,dcc83d55a6580a907d9aad713182ffbc484e7dfd7796fc6397d2c4d797990dcb
13944,101307,68419,32888,68419,32888,0,68419,0.6753630055178813,14.530550774526677,15.0,21,19.0,448.1657627192964,5.373287303,718.940820277,6249223.39535787,168,8,Satellite identity; not a time partition or all-day capacity-one clique.,True,0,True,1813,961329.66255596,2073600,True,True,JR-DUAL-r010-R8-g0340,JR-SOURCE-r010,test,r010,R8,340,150,a18216f2fe739392ba43fa6a008ff742856d7edd5276967f2dc2a763bcc179b0,f2d553b0c468279425db7c4e0071a917ccf1fa6eb62a01afce64e71cb6f4ffca,1c5a02f8bfeabd495a4000fffe3f98a8c0a943499bdaa08bc5f3f350049cfbf9
13944,134128,101240,32888,101240,32888,0,101240,0.7548013837528331,19.238095238095237,19.0,26,25.0,448.1657627192964,5.373287303,718.940820277,6249223.39535787,168,8,Satellite identity; not a time partition or all-day capacity-one clique.,True,0,True,1298,729720.170020981,2073600,True,True,JR-DUAL-r010-R8-g0680,JR-SOURCE-r010,test,r010,R8,680,150,a18216f2fe739392ba43fa6a008ff742856d7edd5276967f2dc2a763bcc179b0,f2d553b0c468279425db7c4e0071a917ccf1fa6eb62a01afce64e71cb6f4ffca,b6504e9863640aa2d171eb4f90fb3829ffd86fa0e29ec24a773695d297eb96ac
20884,160060,79697,80363,79697,80363,0,79697,0.49791953017618396,15.328481133882399,16.0,23,21.0,448.72230815819097,5.288926007,718.943991484,9371116.68357566,168,12,Satellite identity; not a time partition or all-day capacity-one clique.,True,0,True,2539,1260048.476672279,3110400,True,True,JR-DUAL-r011-R12-g0170,JR-SOURCE-r011,test,r011,R12,170,150,051c716e754475c38828d32cc92aca41b9af92c0a8b4a17614ca9c2a30de6486,f2d553b0c468279425db7c4e0071a917ccf1fa6eb62a01afce64e71cb6f4ffca,e8ccfc202cf1d32f38f35080155beb6c2a5ec03f2ff9004b4b01e9299fcef8b7
20884,182835,102472,80363,102472,80363,0,102472,0.560461618399103,17.509576709442637,18.0,25,23.0,448.72230815819097,5.288926007,718.943991484,9371116.68357566,168,12,Satellite identity; not a time partition or all-day capacity-one clique.,True,0,True,2343,1200487.515820378,3110400,True,True,JR-DUAL-r011-R12-g0340,JR-SOURCE-r011,test,r011,R12,340,150,051c716e754475c38828d32cc92aca41b9af92c0a8b4a17614ca9c2a30de6486,f2d553b0c468279425db7c4e0071a917ccf1fa6eb62a01afce64e71cb6f4ffca,c9f1a3575fbd588a0c962aa73b5ae486c4310a9ccdf4b9c53beecae4b232fb2c
20884,231856,151493,80363,151493,80363,0,151493,0.6533926230073839,22.204175445316988,23.0,30,29.0,448.72230815819097,5.288926007,718.943991484,9371116.68357566,168,12,Satellite identity; not a time partition or all-day capacity-one clique.,True,0,True,1889,996565.623874682,3110400,True,True,JR-DUAL-r011-R12-g0680,JR-SOURCE-r011,test,r011,R12,680,150,051c716e754475c38828d32cc92aca41b9af92c0a8b4a17614ca9c2a30de6486,f2d553b0c468279425db7c4e0071a917ccf1fa6eb62a01afce64e71cb6f4ffca,264473c87ca9959c9ac1550a4a12256dcd4fa39a714d64e494c2dd972f8ea5e9
13927,86030,53203,32827,53203,32827,0,53203,0.6184238056491922,12.35441947296618,13.0,19,17.0,448.74089492957535,5.288926007,718.935594759,6249614.443684196,168,8,Satellite identity; not a time partition or all-day capacity-one clique.,True,0,True,2048,1038944.816390352,2073600,True,True,JR-DUAL-r011-R8-g0170,JR-SOURCE-r011,test,r011,R8,170,150,051c716e754475c38828d32cc92aca41b9af92c0a8b4a17614ca9c2a30de6486,f2d553b0c468279425db7c4e0071a917ccf1fa6eb62a01afce64e71cb6f4ffca,84ab47ad6a095bc94dceb639379d0de13a13b3549bf890c9d6f4160a9e3ccf18
13927,101196,68369,32827,68369,32827,0,68369,0.6756097078935926,14.532347239175701,15.0,21,19.0,448.74089492957535,5.288926007,718.935594759,6249614.443684196,168,8,Satellite identity; not a time partition or all-day capacity-one clique.,True,0,True,1802,961749.2034958019,2073600,True,True,JR-DUAL-r011-R8-g0340,JR-SOURCE-r011,test,r011,R8,340,150,051c716e754475c38828d32cc92aca41b9af92c0a8b4a17614ca9c2a30de6486,f2d553b0c468279425db7c4e0071a917ccf1fa6eb62a01afce64e71cb6f4ffca,90849f843b3e1b724d3ee93328cf29558b982d673ab5bdd88a5532514d7cc00b
13927,133917,101090,32827,101090,32827,0,101090,0.7548705541492118,19.23127737488332,19.0,26,25.0,448.74089492957535,5.288926007,718.935594759,6249614.443684196,168,8,Satellite identity; not a time partition or all-day capacity-one clique.,True,0,True,1306,730874.623950481,2073600,True,True,JR-DUAL-r011-R8-g0680,JR-SOURCE-r011,test,r011,R8,680,150,051c716e754475c38828d32cc92aca41b9af92c0a8b4a17614ca9c2a30de6486,f2d553b0c468279425db7c4e0071a917ccf1fa6eb62a01afce64e71cb6f4ffca,0932016c3f950ed1dcc4c742ae771ad6a3d7c6f7044d32ded6538326c3ada752
