graph_id,source_group,split,controller_states,target_states,request_rows,signal_eligible_rows,states_without_valid_actual_finite_outcomes,failed_rows,zero_extra_gain_rows,unavailable_for_allocation_rows,G1_opportunity_states,G1_fraction,G3_repeatable_states,G3_fraction,G2_similar_pairs,G2_meaningfully_differing_similar_pairs,G2_exact_summary_differing_pairs,unique_actual_scopes,cap_truncated_scope_fraction,mean_local_cross_owner_edge_fraction,mean_fixed_base_blocked_fraction,max_added_seconds,max_added_global_percent,caller_deadline_result,graph_model_advantage_established
JR-DUAL-r000-R12-g0170,JR-SOURCE-r000,train,12,12,528,376,0,0,160,12,12,1.0,2,0.16666666666666666,0,0,0,42,0.5238095238095238,0.4070056532537065,0.47325146891173264,356.2731787982011,0.027294454180155473,UNMEASURED,False
JR-DUAL-r000-R8-g0170,JR-SOURCE-r000,train,12,12,528,376,0,0,164,12,12,1.0,6,0.5,20,20,0,36,0.4722222222222222,0.5611263621759525,0.4662457803729092,1155.1189687639526,0.10872245661959938,UNMEASURED,False
JR-DUAL-r000-R12-g0340,JR-SOURCE-r000,train,12,12,528,376,0,0,164,12,12,1.0,2,0.16666666666666666,4,4,0,48,0.4375,0.514145152810543,0.5709791867445383,951.9468146300351,0.07883323597405138,UNMEASURED,False
JR-DUAL-r000-R8-g0340,JR-SOURCE-r000,train,12,12,528,424,0,0,168,12,12,1.0,0,0.0,9,9,0,43,0.37209302325581395,0.6142491023383618,0.5524257353646194,2345.705265351942,0.24330315329526417,UNMEASURED,False
JR-DUAL-r000-R12-g0680,JR-SOURCE-r000,train,12,12,528,470,0,0,160,12,12,1.0,0,0.0,39,11,0,31,0.6129032258064516,0.5829702429324427,0.4995197499171839,870.1996117349117,0.08702776694857145,UNMEASURED,False
JR-DUAL-r000-R8-g0680,JR-SOURCE-r000,train,12,12,528,516,0,0,158,12,12,1.0,1,0.08333333333333333,27,27,0,47,0.48936170212765956,0.7012548108515892,0.4958335019359738,809.1573708299693,0.11106765985005317,UNMEASURED,False
JR-DUAL-r001-R12-g0170,JR-SOURCE-r001,train,12,12,528,376,0,0,160,12,12,1.0,0,0.0,24,24,0,46,0.43478260869565216,0.4386745164022143,0.5422418849017887,677.763587273832,0.052076996684981114,UNMEASURED,False
JR-DUAL-r001-R8-g0170,JR-SOURCE-r001,train,12,12,528,376,0,0,192,12,12,1.0,6,0.5,23,23,0,48,0.4375,0.5685308237796828,0.5420652934817635,1317.231127751049,0.12406579209744595,UNMEASURED,False
JR-DUAL-r001-R12-g0340,JR-SOURCE-r001,train,12,12,528,470,0,0,188,12,12,1.0,0,0.0,4,4,0,41,0.5365853658536586,0.5355698659701252,0.5214479496120389,1020.7397312298926,0.08478035002732298,UNMEASURED,False
JR-DUAL-r001-R8-g0340,JR-SOURCE-r001,train,12,12,528,424,0,0,158,12,12,1.0,3,0.25,4,4,0,48,0.4375,0.6108850833872793,0.5264321044795215,1715.586241903984,0.17850506661670135,UNMEASURED,False
JR-DUAL-r001-R12-g0680,JR-SOURCE-r001,train,12,12,528,516,0,0,160,12,12,1.0,0,0.0,36,36,0,51,0.47058823529411764,0.6287800096749367,0.5871923591123508,951.6714195369423,0.09549098922532305,UNMEASURED,False
JR-DUAL-r001-R8-g0680,JR-SOURCE-r001,train,12,12,528,470,0,0,160,12,12,1.0,0,0.0,17,17,0,37,0.43243243243243246,0.6630108154615677,0.46064715443017057,1050.2581056250492,0.14512950381615458,UNMEASURED,False
