source_group,graph_id,snapshot_id,state_kind,controller_state_identity,request_rows,signal_eligible_rows,G1_extra_opportunity,no_valid_actual_finite_outcomes,G3_repeatable_200_1000ms_difference,G2_summary_similar_pairs,G2_differing_summary_similar_pairs,max_added_seconds,max_local_recovery_improvement_percent,max_added_global_percent,not_independent_physical_source
JR-SOURCE-r000,JR-DUAL-r000-R12-g0170,s-000,after_common_greedy_prefix,c272a2cbd3b3f065457c6bfae27458b12eec6964edb7d902ba7d98afe137b8b8,44,32,True,False,False,0,0,246.01243118406273,2.9427556033739313,0.018847265049119537,True
JR-SOURCE-r000,JR-DUAL-r000-R12-g0170,s-001,after_one_actual_history_call,675a641c44f50a2c32f0015eec1dfb6adf2576fafa07648d6c164699eed55c2e,44,30,True,False,False,0,0,246.01243118406273,2.9427556033739313,0.018847265049119537,True
JR-SOURCE-r000,JR-DUAL-r000-R12-g0170,s-002,after_common_greedy_prefix,f2fb9917957b296938e75779f63beae3b28e0551ec51467b98acdd3e8ee3296e,44,32,True,False,False,0,0,341.98964696819894,2.9427556033739313,0.02620017813507151,True
JR-SOURCE-r000,JR-DUAL-r000-R12-g0170,s-003,after_one_actual_history_call,7cd7ee267de6c53dd211dc2f18ffdc12f2d36475563182427703a20fb5542760,44,30,True,False,False,0,0,341.98964696819894,2.9427556033739313,0.02620017813507151,True
JR-SOURCE-r000,JR-DUAL-r000-R12-g0170,s-004,after_common_greedy_prefix,3e7fd65ade4a9369144c56175c0c6283580cf521a211efb5ac4bd5a7a8c75b35,44,32,True,False,False,0,0,356.2731787982011,2.9427556033739313,0.027294454180155473,True
JR-SOURCE-r000,JR-DUAL-r000-R12-g0170,s-005,after_one_actual_history_call,062e402171060a81dda3a080b39668cc15c5d9da1afd38c18b27ba41f0ea7035,44,32,True,False,False,0,0,356.2731787982011,2.9427556033739313,0.027294454180155473,True
JR-SOURCE-r000,JR-DUAL-r000-R12-g0170,s-006,after_common_greedy_prefix,ecff8aa35068a2d4659a39e4a764636e503f65cfefbda0db1240aab8e9bb8a76,44,32,True,False,True,0,0,356.2731787982011,2.9427556033739313,0.027294454180155473,True
JR-SOURCE-r000,JR-DUAL-r000-R12-g0170,s-007,after_one_actual_history_call,40d142c12121ad807a739ab1c4b14791abd55c949dcd08c1bb955808ad1c0d2a,44,30,True,False,True,0,0,356.2731787982011,2.7462286793711916,0.027294454180155473,True
JR-SOURCE-r000,JR-DUAL-r000-R12-g0170,s-008,after_common_greedy_prefix,b248367e7d4f98998de7607700752548bc6b6afe16f4606f6a1d264bec070779,44,32,True,False,False,0,0,356.2731787982011,5.643014983408742,0.027294454180155473,True
JR-SOURCE-r000,JR-DUAL-r000-R12-g0170,s-009,after_one_actual_history_call,c2ff4bf6a3fee7ffc008c96d8878af9f95b998a222b291f974992f2a8a393542,44,30,True,False,False,0,0,356.2731787982011,5.643014983408742,0.027294454180155473,True
JR-SOURCE-r000,JR-DUAL-r000-R12-g0170,s-010,after_common_greedy_prefix,5716b6859671876f853ead2a608bc67b4be6455d1ad28a08814f21e12ec842de,44,32,True,False,False,0,0,341.98964696819894,2.9427556033739313,0.02620017813507151,True
JR-SOURCE-r000,JR-DUAL-r000-R12-g0170,s-011,after_one_actual_history_call,e8b1deb0bbb6d1b6408f0028e7665d25233ada7f68fd2c987dc887683e7a8ea1,44,32,True,False,False,0,0,341.98964696819894,2.9427556033739313,0.02620017813507151,True
JR-SOURCE-r000,JR-DUAL-r000-R8-g0170,s-000,after_common_greedy_prefix,55e67f28986c63f9837fe42d403b46a9a973ff0a80400188865c52fb82537fe8,44,32,True,False,True,2,2,1062.5128350420746,5.651196703736544,0.10000615411868949,True
JR-SOURCE-r000,JR-DUAL-r000-R8-g0170,s-001,after_one_actual_history_call,9b25e9a71d8da6e6740c3964b94683823c5408141c9edb53d43fa6694f5e427f,44,30,True,False,True,2,2,1062.5128350420746,5.651196703736544,0.10000615411868949,True
JR-SOURCE-r000,JR-DUAL-r000-R8-g0170,s-002,after_common_greedy_prefix,4a59c26e0a10b9050dc7bee8ab5a8a6276326ead0fa72e181a88dc584fad134a,44,32,True,False,False,2,2,1062.5128350420746,6.952661933112891,0.10000615411868949,True
JR-SOURCE-r000,JR-DUAL-r000-R8-g0170,s-003,after_one_actual_history_call,95bd1cd1e0e5e04c8cc41be05cfe3bb2c7af44617bdb05fe25c14845e395bf86,44,30,True,False,False,0,0,1062.5128350420746,6.952661933112891,0.10000615411868949,True
JR-SOURCE-r000,JR-DUAL-r000-R8-g0170,s-004,after_common_greedy_prefix,d57c511c17a5db44b664be7666e8697ea2058db5413ec376bd70bac9e6963236,44,32,True,False,False,0,0,1062.5128350420746,5.052151448065423,0.10000615411868949,True
JR-SOURCE-r000,JR-DUAL-r000-R8-g0170,s-005,after_one_actual_history_call,deb9a5aab2c09fe91b51d3f046fe56a448ee3faa2cb6170f535a3b9ffc887d22,44,32,True,False,False,0,0,1062.5128350420746,5.052151448065423,0.10000615411868949,True
JR-SOURCE-r000,JR-DUAL-r000-R8-g0170,s-006,after_common_greedy_prefix,baed4807b7ea0797d733a3760bf9e467fa0beae9499760e8cdd5855f0422c5f4,44,32,True,False,False,2,2,1062.5128350420746,6.3204688605473445,0.10000615411868949,True
JR-SOURCE-r000,JR-DUAL-r000-R8-g0170,s-007,after_one_actual_history_call,9292126d4f54f16f34a6695ea2dd6070a7eee194573e3417813a9798b03fe293,44,30,True,False,False,2,2,1062.5128350420746,6.3204688605473445,0.10000615411868949,True
JR-SOURCE-r000,JR-DUAL-r000-R8-g0170,s-008,after_common_greedy_prefix,833ffa909c098fae65f2992de12e99145f4d734b2d18aebd2d7cd1b4de5161ff,44,32,True,False,True,4,4,1155.1189687639526,7.876625848055295,0.10872245661959938,True
JR-SOURCE-r000,JR-DUAL-r000-R8-g0170,s-009,after_one_actual_history_call,3b1694097bb391c21a7e50f5b08d2ddea9444f7aafbc3b20abff7814a66b2d7a,44,30,True,False,True,2,2,1155.1189687639526,7.876625848055295,0.10872245661959938,True
JR-SOURCE-r000,JR-DUAL-r000-R8-g0170,s-010,after_common_greedy_prefix,aa2938c1d4814e1f0b33af05c4dbccd5a2f8c66dba3e1b263ad9f25a4cb16570,44,32,True,False,True,2,2,1146.2911689779612,4.31610958608871,0.1078915637806514,True
JR-SOURCE-r000,JR-DUAL-r000-R8-g0170,s-011,after_one_actual_history_call,48dfa6e6b3a348edbe8611373ec40015ef22252194b50f0c738116544b95b08a,44,32,True,False,True,2,2,1146.2911689779612,4.31610958608871,0.1078915637806514,True
JR-SOURCE-r000,JR-DUAL-r000-R12-g0340,s-000,after_common_greedy_prefix,f33ae062dcccf47f3d7fe01204ee36731092f6ca743ed39f89c8c3c04a0b3b9e,44,32,True,False,True,0,0,539.0009301539903,4.229181046896895,0.044636094017055455,True
JR-SOURCE-r000,JR-DUAL-r000-R12-g0340,s-001,after_one_actual_history_call,872d3c34077f9f19fb1de8c767604f0f490184098cb7903f30841c0d6f6c8beb,44,30,True,False,True,0,0,539.0009301539903,4.229181046896895,0.044636094017055455,True
JR-SOURCE-r000,JR-DUAL-r000-R12-g0340,s-002,after_common_greedy_prefix,0f806019bb1870598c6cfe02696756d9a5a25b59275c15ab54faa48349046545,44,32,True,False,False,0,0,496.9989629099109,4.691389315652874,0.04115779991045273,True
JR-SOURCE-r000,JR-DUAL-r000-R12-g0340,s-003,after_one_actual_history_call,87f48b72573f9a5ddf209d376567e34f67bafffac976bb7b1f412c3df7fb252d,44,30,True,False,False,0,0,496.9989629099109,4.691389315652874,0.04115779991045273,True
JR-SOURCE-r000,JR-DUAL-r000-R12-g0340,s-004,after_common_greedy_prefix,202fb6523dca6a7d39f3ccd17166dedd74c66b6bf926cf3e92595a2f17855ae3,44,32,True,False,False,0,0,697.4845126909167,6.933776632897949,0.057760539068118684,True
JR-SOURCE-r000,JR-DUAL-r000-R12-g0340,s-005,after_one_actual_history_call,f3359e812886d2b9b2f6770c034b99c03bc3bd0b62f88b2e8d0f2d6d2dfe3456,44,32,True,False,False,0,0,697.4845126909167,6.933776632897949,0.057760539068118684,True
JR-SOURCE-r000,JR-DUAL-r000-R12-g0340,s-006,after_common_greedy_prefix,4a2aacb71c1670ad1d2d9caf7daec7636beaa42d44656f6825c06579a53fe70f,44,32,True,False,False,0,0,551.4944446489571,4.779154310544457,0.04567071502863972,True
JR-SOURCE-r000,JR-DUAL-r000-R12-g0340,s-007,after_one_actual_history_call,0253dc08a6dfb00dbad6c9c06786bdcd529ec1a3ba211560b894f61fefef8ba7,44,30,True,False,False,0,0,551.4944446489571,4.779154310544457,0.04567071502863972,True
JR-SOURCE-r000,JR-DUAL-r000-R12-g0340,s-008,after_common_greedy_prefix,ec49f18e4dd2be344e0cf144e3662682865cd5d8d507d213d87962f9b1e133d1,44,32,True,False,False,0,0,951.9468146300351,5.59148148490801,0.07883323597405138,True
JR-SOURCE-r000,JR-DUAL-r000-R12-g0340,s-009,after_one_actual_history_call,3599edeb81e236a5acbd04732972f9602b65debac42cf1ecd7911793b0035968,44,30,True,False,False,0,0,951.9468146300351,5.59148148490801,0.07883323597405138,True
JR-SOURCE-r000,JR-DUAL-r000-R12-g0340,s-010,after_common_greedy_prefix,6ea6d1ca5ca68ba6a037fe05f1f20c983dc5797bd8fab29e74bcd2c3b8ed111f,44,32,True,False,False,2,2,790.138649977991,7.568562438880775,0.06543347347629021,True
JR-SOURCE-r000,JR-DUAL-r000-R12-g0340,s-011,after_one_actual_history_call,66ff60f6afd6a34ec63006bd14495b506572e27436b9271636d3e2c5842785fa,44,32,True,False,False,2,2,790.138649977991,7.568562438880775,0.06543347347629021,True
JR-SOURCE-r000,JR-DUAL-r000-R8-g0340,s-000,after_common_greedy_prefix,3ee20d16c3df7f704531258431071a06497004323853d99a8e65f7d9bad81022,44,36,True,False,False,0,0,1763.0088575210466,6.901105668397101,0.18286424158151604,True
JR-SOURCE-r000,JR-DUAL-r000-R8-g0340,s-001,after_one_actual_history_call,a7708fa8f89dec894ebd5c5030bd7a8269e796fe48a1376e8dc3959e13c29877,44,34,True,False,False,0,0,1763.0088575210466,6.901105668397101,0.18286424158151604,True
JR-SOURCE-r000,JR-DUAL-r000-R8-g0340,s-002,after_common_greedy_prefix,de3dbfcbd3500110851ad672dc6d9a4c95cf90b1187c9a1830c504ddaa2e4fdf,44,36,True,False,False,2,2,2282.187733696941,6.293659276326334,0.2367149361098136,True
JR-SOURCE-r000,JR-DUAL-r000-R8-g0340,s-003,after_one_actual_history_call,83d9cb5c3188b3cf9222865fb88be8a9ebd431caaf0520fadc38064aff599deb,44,34,True,False,False,1,1,2282.187733696941,6.293659276326334,0.2367149361098136,True
JR-SOURCE-r000,JR-DUAL-r000-R8-g0340,s-004,after_common_greedy_prefix,74885f0592e9e054d4383352c78c23fca921e0c98db406b88978fc45c9024445,44,36,True,False,False,0,0,2345.705265351942,6.87534530006408,0.24330315329526417,True
JR-SOURCE-r000,JR-DUAL-r000-R8-g0340,s-005,after_one_actual_history_call,03ec30718c90690eaafd77a327669c33637112937923aabd235fbd99fff55dc8,44,36,True,False,False,0,0,2345.705265351942,6.87534530006408,0.24330315329526417,True
JR-SOURCE-r000,JR-DUAL-r000-R8-g0340,s-006,after_common_greedy_prefix,3ff41425a55bc30b4e3d3aba20f1f905065320cc2e05d63943b1479ad5451648,44,36,True,False,False,0,0,2155.597188136948,6.83530408149425,0.22358460837126326,True
JR-SOURCE-r000,JR-DUAL-r000-R8-g0340,s-007,after_one_actual_history_call,e40a789ff400cd16060991ecbb3dc17e677f0fb793ec1142221cf92fa2864b0b,44,34,True,False,False,0,0,2155.597188136948,6.83530408149425,0.22358460837126326,True
JR-SOURCE-r000,JR-DUAL-r000-R8-g0340,s-008,after_common_greedy_prefix,9aa1b9a7914fda89cc693d2d623d4121ec2d24710d82fcabb49029720a1295e0,44,36,True,False,False,4,4,2068.246958185977,6.875841064609728,0.2145243966293806,True
JR-SOURCE-r000,JR-DUAL-r000-R8-g0340,s-009,after_one_actual_history_call,7c2d97c4eb03e01e195a806a176db8b9ac8c892b79cf3e5aba1b66fea6094c94,44,34,True,False,False,2,2,2068.246958185977,6.875841064609728,0.2145243966293806,True
JR-SOURCE-r000,JR-DUAL-r000-R8-g0340,s-010,after_common_greedy_prefix,1f1187497affba68483ad0157242df7704e979793b30e5a3461f26b2864468ce,44,36,True,False,False,0,0,2297.6940326079493,6.808197165476592,0.23832329308317834,True
JR-SOURCE-r000,JR-DUAL-r000-R8-g0340,s-011,after_one_actual_history_call,fe77501fd35cf3913827d9274daa9ba6ab9a72fdab763d4e80ab5ae69c3acdd0,44,36,True,False,False,0,0,2297.6940326079493,6.808197165476592,0.23832329308317834,True
JR-SOURCE-r000,JR-DUAL-r000-R12-g0680,s-000,after_common_greedy_prefix,4f9c18b30c25ffbaff1c15911d41c93a29f6019083936bea7150c0f2c6f8cede,44,40,True,False,False,4,0,870.1996117349117,7.600021530333271,0.08702776694857145,True
JR-SOURCE-r000,JR-DUAL-r000-R12-g0680,s-001,after_one_actual_history_call,b3b6e4a1dcff1a7c3fcb1c1399222edc6b7d2781d6cf6f7394e27dfc2eed4c60,44,38,True,False,False,4,0,792.0421973939156,4.1813423053879,0.07921132443487013,True
JR-SOURCE-r000,JR-DUAL-r000-R12-g0680,s-002,after_common_greedy_prefix,5345e96b0d92d275a5c84f212ce7c5f341b36ba31d48909c01fe65e7d5a349ac,44,40,True,False,False,2,0,814.3745907999983,7.596542176444632,0.08144476409921743,True
JR-SOURCE-r000,JR-DUAL-r000-R12-g0680,s-003,after_one_actual_history_call,ae35408be1de0cde22e80fec57a4013c44688fcca3751e922e629ea62d706fbf,44,38,True,False,False,2,0,814.3745907999983,7.596542176444632,0.08144476409921743,True
JR-SOURCE-r000,JR-DUAL-r000-R12-g0680,s-004,after_common_greedy_prefix,f92d99a1fda40450090f0c3e106c9e96aedafc6aebbbe127d212d521e8acc225,44,40,True,False,False,4,2,870.1996117349117,7.987712897724304,0.08702776694857145,True
JR-SOURCE-r000,JR-DUAL-r000-R12-g0680,s-005,after_one_actual_history_call,b3561d620f19f519fbff584b234a30fe276d3fc6ed083d671e8843ff9ce22644,44,40,True,False,False,4,2,870.1996117349117,7.987712897724304,0.08702776694857145,True
JR-SOURCE-r000,JR-DUAL-r000-R12-g0680,s-006,after_common_greedy_prefix,447012df9d38eead5fb442d5a6c4ca30d7203bd57f2755707a4998b0f1ea2061,44,40,True,False,False,2,0,870.1996117349117,5.780862161274601,0.08702776694857145,True
JR-SOURCE-r000,JR-DUAL-r000-R12-g0680,s-007,after_one_actual_history_call,8e1226ca8c1f5af0244b59e65370744c2315138d01e4ff373b330388f9ea6513,44,38,True,False,False,2,0,870.1996117349117,5.780862161274601,0.08702776694857145,True
JR-SOURCE-r000,JR-DUAL-r000-R12-g0680,s-008,after_common_greedy_prefix,953338551e9563906fdf6234b54ef3f9cc923a0f628683a2c14c5a83b7044239,44,40,True,False,False,4,2,870.1996117349117,4.343672988261081,0.08702776694857145,True
JR-SOURCE-r000,JR-DUAL-r000-R12-g0680,s-009,after_one_actual_history_call,592bd7aaee07254fe1f8b37b56a6ca9076e40dc4a1b8a6c9b55f955d444defc2,44,38,True,False,False,3,1,746.8754955429686,4.343672988261081,0.07469424910007068,True
JR-SOURCE-r000,JR-DUAL-r000-R12-g0680,s-010,after_common_greedy_prefix,ca89317f776de386bd4f4604a51e8e896834e5fc1d1a1308f9d81ca8c3653ad6,44,40,True,False,False,4,2,870.1996117349117,4.1813423053879,0.08702776694857145,True
JR-SOURCE-r000,JR-DUAL-r000-R12-g0680,s-011,after_one_actual_history_call,bfde0d4a5c14974d399aca31876d14e40ee712571c1b8510af135d9844baf47c,44,38,True,False,False,4,2,870.1996117349117,4.1813423053879,0.08702776694857145,True
JR-SOURCE-r000,JR-DUAL-r000-R8-g0680,s-000,after_common_greedy_prefix,55b7a06ade0020fa4f67a45f90fb7cda9d1c8bd31f5672832f817ef06c2c2945,44,44,True,False,False,2,2,809.157370829962,8.402901378965028,0.11106765985005217,True
JR-SOURCE-r000,JR-DUAL-r000-R8-g0680,s-001,after_one_actual_history_call,edb6356d6bcf5445034a9a01ca77473e54ea80b31a1112e01ea6d604daeb96a8,44,42,True,False,False,2,2,809.157370829962,4.823825159090574,0.11106765985005217,True
JR-SOURCE-r000,JR-DUAL-r000-R8-g0680,s-002,after_common_greedy_prefix,028a4bfd3eacae759529527c8d00f850c13d5f3250d8a26c9ff79717d2577c87,44,44,True,False,True,0,0,776.0395298859876,8.333293680431293,0.10652179371135459,True
JR-SOURCE-r000,JR-DUAL-r000-R8-g0680,s-003,after_one_actual_history_call,a8d93fe14aa36eb4df1af10b7e9b1d8fb3147853d87c31b04bcf27fe75b4a037,44,42,True,False,False,0,0,776.0395298859876,8.333293680431293,0.10652179371135459,True
JR-SOURCE-r000,JR-DUAL-r000-R8-g0680,s-004,after_common_greedy_prefix,e06f3d8aaa47429c36e24583b20d14a052af4e67e16907b29d55f3f819f813c1,44,44,True,False,False,2,2,809.1573708299693,6.917532093932076,0.11106765985005317,True
JR-SOURCE-r000,JR-DUAL-r000-R8-g0680,s-005,after_one_actual_history_call,53fab5487944c468dd9451c01bbb79055fdd330ecc663c3dae7cdfa516a531d8,44,42,True,False,False,2,2,809.1573708299693,6.917532093932076,0.11106765985005317,True
JR-SOURCE-r000,JR-DUAL-r000-R8-g0680,s-006,after_common_greedy_prefix,42d30d1527f86d7a964c717400544c4de5846e1280f9db6bf5aaab7be964012a,44,44,True,False,False,2,2,776.0395298859949,4.766580118458785,0.10652179371135559,True
JR-SOURCE-r000,JR-DUAL-r000-R8-g0680,s-007,after_one_actual_history_call,54906995c9bd51df1a391cebb3e9b2f28464045fd0c631f14392a3650db4fd64,44,42,True,False,False,2,2,776.0395298859949,4.5356933341713255,0.10652179371135559,True
JR-SOURCE-r000,JR-DUAL-r000-R8-g0680,s-008,after_common_greedy_prefix,11951b10e4423312474e6669afd599fb4348b912dee2fedabee36864fd2c0dcd,44,44,True,False,False,4,4,776.0395298859876,8.127213331965304,0.10652179371135459,True
JR-SOURCE-r000,JR-DUAL-r000-R8-g0680,s-009,after_one_actual_history_call,236355c2d288d02b05d4a157e284073201a0ab87cb372e995cc8de7027ba723c,44,42,True,False,False,3,3,776.0395298859876,8.127213331965304,0.10652179371135459,True
JR-SOURCE-r000,JR-DUAL-r000-R8-g0680,s-010,after_common_greedy_prefix,915357ca3d17a5016be024fe1043899af4597b7d0a004a93c8aa60b82a5b3993,44,44,True,False,False,4,4,809.157370829962,6.09571955500008,0.11106765985005217,True
JR-SOURCE-r000,JR-DUAL-r000-R8-g0680,s-011,after_one_actual_history_call,a18d714d86c350340cf623612cec223abaeaa10d72f32f63a8d85a187d206e98,44,42,True,False,False,4,4,809.157370829962,6.09571955500008,0.11106765985005217,True
JR-SOURCE-r001,JR-DUAL-r001-R12-g0170,s-000,after_common_greedy_prefix,0209f186dfbe5255852cebcc1247d69325241d59c0bece6290ccc04c90c7eb22,44,32,True,False,False,2,2,663.9702759998327,7.503910059009229,0.051017166621846195,True
JR-SOURCE-r001,JR-DUAL-r001-R12-g0170,s-001,after_one_actual_history_call,52909b894eda8682157d0996c397973ac96b1c008ff647ddd8021ab55dde3b8a,44,30,True,False,False,2,2,613.315868671838,4.308572070969524,0.04712505814621946,True
JR-SOURCE-r001,JR-DUAL-r001-R12-g0170,s-002,after_common_greedy_prefix,fc1bf7c1d80fa4f33dd94fcf3844296b4e737134a5af882dccb3d112699cbd2e,44,32,True,False,False,0,0,662.699306685834,2.3056540362467888,0.05091950976037619,True
JR-SOURCE-r001,JR-DUAL-r001-R12-g0170,s-003,after_one_actual_history_call,caf9589330a6d6b4c3c8c4db31a851bfd250f2a057c011467bd92e7d4726d8aa,44,30,True,False,False,0,0,662.699306685834,2.3056540362467888,0.05091950976037619,True
JR-SOURCE-r001,JR-DUAL-r001-R12-g0170,s-004,after_common_greedy_prefix,556d5acde4073bdf5ef859a59dae81941ec58a683f6132dcf2c5f2f1577dfe69,44,32,True,False,False,2,2,642.8615763618363,1.8956953457856949,0.04939524756081517,True
JR-SOURCE-r001,JR-DUAL-r001-R12-g0170,s-005,after_one_actual_history_call,64d2b5682f7d7544a0b7ae71fa91d3589038cfe4c7142e269b73abf58d1d96b1,44,32,True,False,False,2,2,642.8615763618363,1.8956953457856949,0.04939524756081517,True
JR-SOURCE-r001,JR-DUAL-r001-R12-g0170,s-006,after_common_greedy_prefix,4ce7d2ed81197c0969eae00e6eeb16e77aa74ed6dfcf5fb6592f47f41a39ccc4,44,32,True,False,False,0,0,677.763587273832,2.213052040211447,0.052076996684981114,True
JR-SOURCE-r001,JR-DUAL-r001-R12-g0170,s-007,after_one_actual_history_call,99e81c592eabd9bc933d329ab16532f9cb3323ea3f2c6e611df0c9f5c99c254d,44,30,True,False,False,0,0,677.763587273832,2.213052040211447,0.052076996684981114,True
JR-SOURCE-r001,JR-DUAL-r001-R12-g0170,s-008,after_common_greedy_prefix,b4ec01f1aaccc295747d5ae040fb0c19317826632c5662f009fcfdcee909f9d8,44,32,True,False,False,4,4,662.699306685834,1.939161777756477,0.05091950976037619,True
JR-SOURCE-r001,JR-DUAL-r001-R12-g0170,s-009,after_one_actual_history_call,54eb4b5b68fc5f004c19aab35f9c43d0211fbead2c47e33b176e61eb01629c58,44,30,True,False,False,4,4,662.699306685834,1.939161777756477,0.05091950976037619,True
JR-SOURCE-r001,JR-DUAL-r001-R12-g0170,s-010,after_common_greedy_prefix,171abcd2f103503971a9cf6506510ae40a3eba1d10e8b22d9da02c626808c786,44,32,True,False,False,4,4,661.3723478739557,2.780428079540037,0.05081755086062878,True
JR-SOURCE-r001,JR-DUAL-r001-R12-g0170,s-011,after_one_actual_history_call,16633eb55f0a90accce4933f25e1fd200d011e5131eb95abdd10ccaedf9a02a5,44,32,True,False,False,4,4,661.3723478739557,2.780428079540037,0.05081755086062878,True
JR-SOURCE-r001,JR-DUAL-r001-R8-g0170,s-000,after_common_greedy_prefix,d49610a5d6d68d06528683e9c0dcec856c60eefdec51f2d5fb1867022656307a,44,32,True,False,True,4,4,1317.231127751049,11.671905769906207,0.12406579209744595,True
JR-SOURCE-r001,JR-DUAL-r001-R8-g0170,s-001,after_one_actual_history_call,0982d698ef0a88337a4b2df1eabbf2b73a8ecd0b96972660c9b042ddf25f0c0e,44,30,True,False,True,4,4,1317.231127751049,7.774805595982567,0.12406579209744595,True
JR-SOURCE-r001,JR-DUAL-r001-R8-g0170,s-002,after_common_greedy_prefix,1ac347423f4743e8a9a7fd75d612a01218f2b081e1d1778aa01794bc9bb5df0e,44,32,True,False,False,4,4,1220.873749951963,7.663976902821703,0.11499019849111583,True
JR-SOURCE-r001,JR-DUAL-r001-R8-g0170,s-003,after_one_actual_history_call,8a8a6f3d92c667df7bc11f45d2a304b9c2a0f38f0f2fdf17a80433152ebb52c8,44,30,True,False,False,4,4,1220.873749951963,7.663976902821703,0.11499019849111583,True
JR-SOURCE-r001,JR-DUAL-r001-R8-g0170,s-004,after_common_greedy_prefix,b5c9ebcc7b61b507477987286e67315b1da42389213ea693387f23adabeb4097,44,32,True,False,False,2,2,887.5253820129583,7.324599511287544,0.08359318057873637,True
JR-SOURCE-r001,JR-DUAL-r001-R8-g0170,s-005,after_one_actual_history_call,d5d3f6d1d81bcc40c8bca93378e7a8ec653a700ec6107a5f13738550b76c2739,44,32,True,False,False,2,2,887.5253820129583,7.324599511287544,0.08359318057873637,True
JR-SOURCE-r001,JR-DUAL-r001-R8-g0170,s-006,after_common_greedy_prefix,be0cccc2941ec5f6bb542946f4b9e4d018485510f321c3f712ba645523148cd5,44,32,True,False,False,0,0,1037.7346045770537,6.862841995557558,0.0977409074166024,True
JR-SOURCE-r001,JR-DUAL-r001-R8-g0170,s-007,after_one_actual_history_call,78fab1558b751a04838779b1695e3784fcf316394f3dbea1d97b78d2f2ad0a90,44,30,True,False,False,0,0,1037.7346045770537,6.862841995557558,0.0977409074166024,True
JR-SOURCE-r001,JR-DUAL-r001-R8-g0170,s-008,after_common_greedy_prefix,814ed59618f35fd7e021a9ec61e7ffbbae87479b90778d767f356b1aab71af61,44,32,True,False,True,2,2,726.6788352109579,10.28964954327001,0.06844355815127381,True
JR-SOURCE-r001,JR-DUAL-r001-R8-g0170,s-009,after_one_actual_history_call,99f2d263f2017da957eae567242179a583c721255a4e05522d5b57901c2a2265,44,30,True,False,True,1,1,232.5040607330011,10.28964954327001,0.0218988147584713,True
JR-SOURCE-r001,JR-DUAL-r001-R8-g0170,s-010,after_common_greedy_prefix,cbbed7c7270e35a2950ed085111cb3c33c00f070684e19b90b9c31424ab0bd86,44,32,True,False,True,0,0,1256.1503507429588,11.046012149498084,0.11831278883037742,True
JR-SOURCE-r001,JR-DUAL-r001-R8-g0170,s-011,after_one_actual_history_call,ef4c36fb5cfc12b8b2a482cb1275dbddc12cd9c23d6acb22528bdd57941e93ea,44,32,True,False,True,0,0,1256.1503507429588,11.046012149498084,0.11831278883037742,True
JR-SOURCE-r001,JR-DUAL-r001-R12-g0340,s-000,after_common_greedy_prefix,7d8a2135c20b0f057a6842847e7cc9eddc520c16135a0f3c726ed5e629ab2f31,44,40,True,False,False,2,2,605.4529418848215,7.8001208778145745,0.050287561821679365,True
JR-SOURCE-r001,JR-DUAL-r001-R12-g0340,s-001,after_one_actual_history_call,f22f33b995c2d190d150c7a653980ee34dc1b402acefada8fcd5b4df9baef053,44,38,True,False,False,2,2,605.4529418848215,7.8001208778145745,0.050287561821679365,True
JR-SOURCE-r001,JR-DUAL-r001-R12-g0340,s-002,after_common_greedy_prefix,8558d10545b07a8b6dea495b1280876dba3498689ec341cbbcf2865509128ba7,44,40,True,False,False,0,0,1020.7397312298926,5.130503584352898,0.08478035002732298,True
JR-SOURCE-r001,JR-DUAL-r001-R12-g0340,s-003,after_one_actual_history_call,7b5b030737be929624deab120821d44b8daf017b6a66d8c53d958df19f5df42e,44,38,True,False,False,0,0,1020.7397312298926,5.130503584352898,0.08478035002732298,True
JR-SOURCE-r001,JR-DUAL-r001-R12-g0340,s-004,after_common_greedy_prefix,6f5db01fee0a2608e227faf5fd62906e4bb169c79a7422fd626237dd30aebc60,44,40,True,False,False,0,0,622.9844295749754,5.215249307772431,0.051743687822653255,True
JR-SOURCE-r001,JR-DUAL-r001-R12-g0340,s-005,after_one_actual_history_call,d61c8f15ecff57f63fbb926033b40efc24208b144b112831e61e6c093d3cc239,44,40,True,False,False,0,0,622.9844295749754,5.215249307772431,0.051743687822653255,True
JR-SOURCE-r001,JR-DUAL-r001-R12-g0340,s-006,after_common_greedy_prefix,5f3f5f20d7b2a768a01b6f1d2e5e4ceb58d80d012713cf5d67c139bbdedca0b7,44,40,True,False,False,0,0,771.1724942719193,3.9583163908603862,0.06405185572333913,True
JR-SOURCE-r001,JR-DUAL-r001-R12-g0340,s-007,after_one_actual_history_call,d610d92e9ad8e163dc976a830261f5b6b30deb8e05edeedf8945f6aa0c9cef40,44,38,True,False,False,0,0,771.1724942719193,3.9583163908603862,0.06405185572333913,True
JR-SOURCE-r001,JR-DUAL-r001-R12-g0340,s-008,after_common_greedy_prefix,d0d54b51eb8feb46e0d224047e5212103a0ea570c69038cab1ca567da316d360,44,40,True,False,False,0,0,605.4529418848215,5.348785246553701,0.050287561821679365,True
JR-SOURCE-r001,JR-DUAL-r001-R12-g0340,s-009,after_one_actual_history_call,166db399e0ce2378f912b4deb688d65b596db60482c5c979eaeabf4150f24211,44,38,True,False,False,0,0,605.4529418848215,5.348785246553701,0.050287561821679365,True
JR-SOURCE-r001,JR-DUAL-r001-R12-g0340,s-010,after_common_greedy_prefix,78755e8392d426538edfc866c520232f12ba49bd7eb557b266da20c11ab9bbe9,44,40,True,False,False,0,0,605.4529418848215,5.230533139843383,0.050287561821679365,True
JR-SOURCE-r001,JR-DUAL-r001-R12-g0340,s-011,after_one_actual_history_call,69d801eb3291a472e7f39972d0f63c35bc4d30785b388aec128c819ee96a98e7,44,38,True,False,False,0,0,605.4529418848215,5.230533139843383,0.050287561821679365,True
JR-SOURCE-r001,JR-DUAL-r001-R8-g0340,s-000,after_common_greedy_prefix,65b330a6676ff5d112657ad3e146253128c422c4e3ad4278bb4d1befda1ea454,44,36,True,False,False,0,0,1598.8261608410612,7.793827851728369,0.16635629464638207,True
JR-SOURCE-r001,JR-DUAL-r001-R8-g0340,s-001,after_one_actual_history_call,5e5ed15e3956e3a94c804d2991cb3212b68362f3b2e2c3c1008d7832547854d0,44,34,True,False,False,0,0,1598.8261608410612,7.793827851728369,0.16635629464638207,True
JR-SOURCE-r001,JR-DUAL-r001-R8-g0340,s-002,after_common_greedy_prefix,8eb297398f95605485ddec3ba1e804678b10c1cfe52aa09d4bfd8810286633dc,44,36,True,False,True,0,0,1448.1949787029735,5.898797396686151,0.1506832678143001,True
JR-SOURCE-r001,JR-DUAL-r001-R8-g0340,s-003,after_one_actual_history_call,d324eadb2a95328bb5ba4ff966a2499ed0ec1f1167813be0dbf423ab91ea2cea,44,34,True,False,False,0,0,1448.1949787029735,5.898797396686151,0.1506832678143001,True
JR-SOURCE-r001,JR-DUAL-r001-R8-g0340,s-004,after_common_greedy_prefix,9709f10955532589ad37195b904918af1abedde1c63238ef2571e81b6b0796b6,44,36,True,False,False,0,0,1715.586241903984,5.987092579567633,0.17850506661670135,True
JR-SOURCE-r001,JR-DUAL-r001-R8-g0340,s-005,after_one_actual_history_call,2c40c59b2cef849617d378edbfddddbf8cd7470dccfbcdcb74b499e370f4919c,44,36,True,False,False,0,0,1715.586241903984,5.987092579567633,0.17850506661670135,True
JR-SOURCE-r001,JR-DUAL-r001-R8-g0340,s-006,after_common_greedy_prefix,3e44ef16c355c6000efbed26295bcd1dc93607ea42dc07901982e9d0f672addd,44,36,True,False,False,0,0,1537.8198009409607,7.797728535324512,0.16000864270559473,True
JR-SOURCE-r001,JR-DUAL-r001-R8-g0340,s-007,after_one_actual_history_call,0ba7aef86c26fb1c5e45a5a2b97c3d0b5a62fa0e121f8e36c5512da6711ffbce,44,34,True,False,False,0,0,1211.4610000299654,4.697058551637333,0.12605132941255398,True
JR-SOURCE-r001,JR-DUAL-r001-R8-g0340,s-008,after_common_greedy_prefix,d623abe375dcde5d61bec5bd04751e8aeb8105b6f604ef4cbc9a254f02c7066e,44,36,True,False,False,0,0,1643.7832893500163,7.559403851325356,0.171034039794583,True
JR-SOURCE-r001,JR-DUAL-r001-R8-g0340,s-009,after_one_actual_history_call,4647b7dbb835a3da382cfa6c64bb6b3495d854dcf3853f6b6ddbf307fef05ec0,44,34,True,False,False,0,0,1334.8391579320014,7.559403851325356,0.1388887057900345,True
JR-SOURCE-r001,JR-DUAL-r001-R8-g0340,s-010,after_common_greedy_prefix,eeedb02635cd875f446ebc0de2e163bb7f2712f4ba30b7e4ce8d56352f321ab7,44,36,True,False,True,2,2,1607.253274989962,6.616963977208329,0.16723312761215978,True
JR-SOURCE-r001,JR-DUAL-r001-R8-g0340,s-011,after_one_actual_history_call,368e90e1ad881ebb862572a1e96c0c1396aad01005e1ed943d19d34f0edae51a,44,36,True,False,True,2,2,1607.253274989962,6.616963977208329,0.16723312761215978,True
JR-SOURCE-r001,JR-DUAL-r001-R12-g0680,s-000,after_common_greedy_prefix,aa61eb3f81de538de2acc620c41c81553896fd0d7baa3db7866d657956532f39,44,44,True,False,False,8,8,949.7775382689506,5.079568455577367,0.09530095662368852,True
JR-SOURCE-r001,JR-DUAL-r001-R12-g0680,s-001,after_one_actual_history_call,cbcd072b6ddded27b67d83f6ce2fd7a39b2d64dd32c02df920318d8a5219b7a1,44,42,True,False,False,8,8,949.7775382689506,5.079568455577367,0.09530095662368852,True
JR-SOURCE-r001,JR-DUAL-r001-R12-g0680,s-002,after_common_greedy_prefix,2e73890c5bbab94a13a119e0a1170581553cdf19e71f0eeb03a32e05576fd536,44,44,True,False,False,4,4,951.6714195369423,5.033269230443043,0.09549098922532305,True
JR-SOURCE-r001,JR-DUAL-r001-R12-g0680,s-003,after_one_actual_history_call,7a2cffa997954ea850e79dc514da02809e4a7bcc8562dfa514fe2c62fdf65fe0,44,42,True,False,False,4,4,951.6714195369423,5.033269230443043,0.09549098922532305,True
JR-SOURCE-r001,JR-DUAL-r001-R12-g0680,s-004,after_common_greedy_prefix,dc98195fe290938bc3e74cbeeb2e44b320ca37780e8703f0f9b3f9697939effd,44,44,True,False,False,4,4,767.2231728749612,5.171501296206945,0.0769833980829947,True
JR-SOURCE-r001,JR-DUAL-r001-R12-g0680,s-005,after_one_actual_history_call,4c2195adcecf16b188c46bd82ea9c491d58887f9f621263d69c30e34d91bbc2b,44,42,True,False,False,4,4,767.2231728749612,5.171501296206945,0.0769833980829947,True
JR-SOURCE-r001,JR-DUAL-r001-R12-g0680,s-006,after_common_greedy_prefix,8dd65a4c5bddd8ef8c50d7ba796b5951d892e76bd35a4d8f0ef93c4814be5bfa,44,44,True,False,False,0,0,624.4861965849486,4.626535497898394,0.0626611280377339,True
JR-SOURCE-r001,JR-DUAL-r001-R12-g0680,s-007,after_one_actual_history_call,70d3df374c02f9eaf7c2b4899794703ab9fb91cc0d414bb55fe1cb693fb26f78,44,42,True,False,False,0,0,263.06604720903124,4.626535497898394,0.02639612429656536,True
JR-SOURCE-r001,JR-DUAL-r001-R12-g0680,s-008,after_common_greedy_prefix,8153a2c6516c5dabccc0a83d65e851aa4987081edb924d41ebade61ec4ad9acb,44,44,True,False,False,0,0,631.0994499279986,5.314297999929144,0.06332470381689598,True
JR-SOURCE-r001,JR-DUAL-r001-R12-g0680,s-009,after_one_actual_history_call,571fdb8e46ca37e1afa4291f154bed00d938d0cf4a902858cad0c7f27dcc1708,44,42,True,False,False,0,0,631.0994499279986,5.314297999929144,0.06332470381689598,True
JR-SOURCE-r001,JR-DUAL-r001-R12-g0680,s-010,after_common_greedy_prefix,4ad6cd2dffaa6c8e3ec9d8015fc34580dfa402d749da2446d9d7a0928e8b14ce,44,44,True,False,False,2,2,588.2145640789458,5.079568455577367,0.059021621798804394,True
JR-SOURCE-r001,JR-DUAL-r001-R12-g0680,s-011,after_one_actual_history_call,37d7a4c702a3fd22153a492d910d77e368ac4f7ef87cf332dea3592369c85e28,44,42,True,False,False,2,2,588.2145640789458,5.079568455577367,0.059021621798804394,True
JR-SOURCE-r001,JR-DUAL-r001-R8-g0680,s-000,after_common_greedy_prefix,6823524dd3ea67ba2149480869e5f0ac5ac187336334e88baff6751673c4c094,44,40,True,False,False,2,2,1005.6514533819864,8.43473836902323,0.13896555109609185,True
JR-SOURCE-r001,JR-DUAL-r001-R8-g0680,s-001,after_one_actual_history_call,90975dec0314be67ed30bc8a8c0f470bac685f7a5a13e732d965892e78af192b,44,38,True,False,False,2,2,348.13643750804476,8.43473836902323,0.04810709687957795,True
JR-SOURCE-r001,JR-DUAL-r001-R8-g0680,s-002,after_common_greedy_prefix,b43bbd8b828677eac3afc5b6f3217d56b1a5674f6473d3522136fb85448824f4,44,40,True,False,False,2,2,1050.2581056250492,8.43473836902323,0.14512950381615458,True
JR-SOURCE-r001,JR-DUAL-r001-R8-g0680,s-003,after_one_actual_history_call,cb2dfbe8ced612a1251592bcb1d9c1cfe2665c0de3cfddca5a28e4aea54024b0,44,38,True,False,False,1,1,1050.2581056250492,8.43473836902323,0.14512950381615458,True
JR-SOURCE-r001,JR-DUAL-r001-R8-g0680,s-004,after_common_greedy_prefix,e93171c9635e8f5c704b5247cf8df0666b0e5d5844709f5bda66cbb9ebb85712,44,40,True,False,False,0,0,1050.2581056250492,10.456411803083776,0.14512950381615458,True
JR-SOURCE-r001,JR-DUAL-r001-R8-g0680,s-005,after_one_actual_history_call,d5703b2a0be609bed001bd3abfbe923b99b1daca25f4285f0616fe0d0c7349d8,44,40,True,False,False,0,0,1050.2581056250492,10.456411803083776,0.14512950381615458,True
JR-SOURCE-r001,JR-DUAL-r001-R8-g0680,s-006,after_common_greedy_prefix,fa3cf954a27456e1290a3bc504b0fd1513e8dc017a9c3ff233b946c39fb4b76e,44,40,True,False,False,0,0,1050.2581056250492,8.43473836902323,0.14512950381615458,True
JR-SOURCE-r001,JR-DUAL-r001-R8-g0680,s-007,after_one_actual_history_call,4f8f5a4484c3808dc606c5bd356ff424100910f38916d9582d5f7b12480b1b09,44,38,True,False,False,0,0,1050.2581056250492,8.43473836902323,0.14512950381615458,True
JR-SOURCE-r001,JR-DUAL-r001-R8-g0680,s-008,after_common_greedy_prefix,179f5620b08ff7bb3a2845641b40e970e051523b8543847e75bb3da45e4cc5ca,44,40,True,False,False,4,4,1050.2581056250492,11.966941940734392,0.14512950381615458,True
JR-SOURCE-r001,JR-DUAL-r001-R8-g0680,s-009,after_one_actual_history_call,d4e310dcdc87c4b3679bcda7acdb75087ed187615726adbf819f9d200bd9b938,44,38,True,False,False,2,2,865.6848071080167,11.966941940734392,0.11962431505539191,True
JR-SOURCE-r001,JR-DUAL-r001-R8-g0680,s-010,after_common_greedy_prefix,97100850536b17183abbde20066ba262b9c27df5e432d72f06b4fb4fdfe6d14d,44,40,True,False,False,2,2,1050.2581056250492,8.43473836902323,0.14512950381615458,True
JR-SOURCE-r001,JR-DUAL-r001-R8-g0680,s-011,after_one_actual_history_call,499f2fc6c393fa4df2b17ac85753cb3f2740ec2956e20027894c431c7c1e76bc,44,38,True,False,False,2,2,1050.2581056250492,8.43473836902323,0.14512950381615458,True
