source_group,graph_id,snapshot_id,workpoint_ms,left_action_index,right_action_index,left_scope_sha256,right_scope_sha256,left_repeats,right_repeats,exact_summary_at_1e_minus7,max_relative_summary_difference,left_mean_q_plus_recovery_seconds,right_mean_q_plus_recovery_seconds,right_minus_left_seconds,meaningful_result_difference,result_difference_threshold_seconds,left_local_cross_owner_edges,right_local_cross_owner_edges,left_local_edges,right_local_edges,left_repeat_recovery_range_seconds,right_repeat_recovery_range_seconds,graph_information_necessity_proved
JR-SOURCE-r000,JR-DUAL-r000-R8-g0170,s-000,200,7,10,cd5203488c6e75c28e4e102c0559e382a39f1cc2f5c4ab64fbfab5008c3bb84d,8b06de347c26fcfa8bad227c0d7fc737eed6595f5fb1108c6862bb92dc22e787,2,2,False,0.043475325944285034,2001.2915982680024,3721.1926415969974,1719.901043328995,True,33.964244224154,680,546,1213,875,0.0,0.0,False
JR-SOURCE-r000,JR-DUAL-r000-R8-g0170,s-000,1000,7,10,cd5203488c6e75c28e4e102c0559e382a39f1cc2f5c4ab64fbfab5008c3bb84d,8b06de347c26fcfa8bad227c0d7fc737eed6595f5fb1108c6862bb92dc22e787,2,2,False,0.043475325944285034,2010.7339937210018,3721.1926415969974,1710.4586478759957,True,33.964244224154,680,546,1213,875,0.0,0.0,False
JR-SOURCE-r000,JR-DUAL-r000-R8-g0170,s-001,1000,7,10,cd5203488c6e75c28e4e102c0559e382a39f1cc2f5c4ab64fbfab5008c3bb84d,8b06de347c26fcfa8bad227c0d7fc737eed6595f5fb1108c6862bb92dc22e787,2,2,False,0.043475325944285034,2010.7339937210018,3721.1926415969974,1710.4586478759957,True,33.964244224154,680,546,1213,875,0.0,0.0,False
JR-SOURCE-r000,JR-DUAL-r000-R8-g0170,s-001,200,7,10,cd5203488c6e75c28e4e102c0559e382a39f1cc2f5c4ab64fbfab5008c3bb84d,8b06de347c26fcfa8bad227c0d7fc737eed6595f5fb1108c6862bb92dc22e787,2,2,False,0.043475325944285034,2001.2915982680024,3721.1926415969974,1719.901043328995,True,33.964244224154,680,546,1213,875,0.0,0.0,False
JR-SOURCE-r000,JR-DUAL-r000-R8-g0170,s-002,200,1,4,5446e4145a04fda880c28f0e8d39c7b1592640068ab94e980cbcb4e6d6e265b9,13b3358f28dfdedb79abc5d2b09d99ebeec48ce49ea520529beae065d73e0383,2,2,False,0.034174990945327874,1488.0350907070024,1901.5323345099969,413.4972438029945,True,33.568188823151004,723,746,1173,1236,0.0,0.0,False
JR-SOURCE-r000,JR-DUAL-r000-R8-g0170,s-002,1000,1,4,5446e4145a04fda880c28f0e8d39c7b1592640068ab94e980cbcb4e6d6e265b9,13b3358f28dfdedb79abc5d2b09d99ebeec48ce49ea520529beae065d73e0383,2,2,False,0.034174990945327874,1488.0350907070024,1901.5323345099969,413.4972438029945,True,33.568188823151004,723,746,1173,1236,0.0,0.0,False
JR-SOURCE-r000,JR-DUAL-r000-R8-g0170,s-006,200,1,4,42337b7b028b722822a4d06535a67ca31459de7e03a86d55ca47b332149ae306,81f7530cf4991d73bd89a7937f853aa3eeeeb621b29eea975d5a974937bf0fcb,2,2,False,0.0393018913791499,1913.6883563280026,1729.6269129119974,-184.0614434160052,True,32.700705054665,728,766,1094,1268,0.0,0.0,False
JR-SOURCE-r000,JR-DUAL-r000-R8-g0170,s-006,1000,1,4,42337b7b028b722822a4d06535a67ca31459de7e03a86d55ca47b332149ae306,81f7530cf4991d73bd89a7937f853aa3eeeeb621b29eea975d5a974937bf0fcb,2,2,False,0.0393018913791499,1913.6883563280026,1729.6269129119974,-184.0614434160052,True,32.700705054665,728,766,1094,1268,0.0,0.0,False
JR-SOURCE-r000,JR-DUAL-r000-R8-g0170,s-007,200,1,4,42337b7b028b722822a4d06535a67ca31459de7e03a86d55ca47b332149ae306,81f7530cf4991d73bd89a7937f853aa3eeeeb621b29eea975d5a974937bf0fcb,2,2,False,0.0393018913791499,1913.6883563280026,1729.6269129119974,-184.0614434160052,True,32.700705054665,728,766,1094,1268,0.0,0.0,False
JR-SOURCE-r000,JR-DUAL-r000-R8-g0170,s-007,1000,1,4,42337b7b028b722822a4d06535a67ca31459de7e03a86d55ca47b332149ae306,81f7530cf4991d73bd89a7937f853aa3eeeeb621b29eea975d5a974937bf0fcb,2,2,False,0.0393018913791499,1913.6883563280026,1729.6269129119974,-184.0614434160052,True,32.700705054665,728,766,1094,1268,0.0,0.0,False
JR-SOURCE-r000,JR-DUAL-r000-R8-g0170,s-008,200,1,4,8ccf05694c1c0afeb997438eb8f2320b132897be3e9ac53d7725190f00ab254d,212692d8ffbd8b2e3a2730b2850278aa8918b5378350961d186bbfb483c03b97,2,2,False,0.04613063769865764,2179.6460693960034,1729.6269129119974,-450.0191564840061,True,32.7038894946,740,755,1146,1257,0.0,0.0,False
JR-SOURCE-r000,JR-DUAL-r000-R8-g0170,s-008,200,7,10,5cf8c9b4b97734a5b167fc5c5b4ea5bb24f25da8adbb1cc1c341d85a42e1a198,6f01c747dde6e1e4e5cfa8075585f2d0f5bf2609645244f2613cf1c689c1a158,2,2,False,0.046127339375303514,2099.860988591001,3573.4807004110007,1473.6197118199998,True,33.838934116862,690,582,1228,947,0.0,0.0,False
JR-SOURCE-r000,JR-DUAL-r000-R8-g0170,s-008,1000,1,4,8ccf05694c1c0afeb997438eb8f2320b132897be3e9ac53d7725190f00ab254d,212692d8ffbd8b2e3a2730b2850278aa8918b5378350961d186bbfb483c03b97,2,2,False,0.04613063769865764,2266.8065548960003,1729.6269129119974,-537.179641984003,True,32.7038894946,740,755,1146,1257,0.0,0.0,False
JR-SOURCE-r000,JR-DUAL-r000-R8-g0170,s-008,1000,7,10,5cf8c9b4b97734a5b167fc5c5b4ea5bb24f25da8adbb1cc1c341d85a42e1a198,6f01c747dde6e1e4e5cfa8075585f2d0f5bf2609645244f2613cf1c689c1a158,2,2,False,0.046127339375303514,2099.860988591001,3573.4807004110007,1473.6197118199998,True,33.838934116862,690,582,1228,947,0.0,0.0,False
JR-SOURCE-r000,JR-DUAL-r000-R8-g0170,s-009,200,7,10,5cf8c9b4b97734a5b167fc5c5b4ea5bb24f25da8adbb1cc1c341d85a42e1a198,6f01c747dde6e1e4e5cfa8075585f2d0f5bf2609645244f2613cf1c689c1a158,2,2,False,0.046127339375303514,2099.860988591001,3573.4807004110007,1473.6197118199998,True,33.838934116862,690,582,1228,947,0.0,0.0,False
JR-SOURCE-r000,JR-DUAL-r000-R8-g0170,s-009,1000,7,10,5cf8c9b4b97734a5b167fc5c5b4ea5bb24f25da8adbb1cc1c341d85a42e1a198,6f01c747dde6e1e4e5cfa8075585f2d0f5bf2609645244f2613cf1c689c1a158,2,2,False,0.046127339375303514,2099.860988591001,3573.4807004110007,1473.6197118199998,True,33.838934116862,690,582,1228,947,0.0,0.0,False
JR-SOURCE-r000,JR-DUAL-r000-R8-g0170,s-010,200,1,7,372b030d56ad49b5f9513a04019fe14ce8911cac66258acc2e56e5a559384b69,07ba20ddc588b891e4998765257da3cea7b17287cb59bc9d056b1574a1005085,2,2,False,0.045246190364949514,1316.5208534869998,2007.9905145770063,691.4696610900064,True,33.577512584228,737,690,1254,1221,0.0,0.0,False
JR-SOURCE-r000,JR-DUAL-r000-R8-g0170,s-010,1000,1,7,372b030d56ad49b5f9513a04019fe14ce8911cac66258acc2e56e5a559384b69,07ba20ddc588b891e4998765257da3cea7b17287cb59bc9d056b1574a1005085,2,2,False,0.045246190364949514,1316.5208534869998,2007.9905145770063,691.4696610900064,True,33.577512584228,737,690,1254,1221,0.0,0.0,False
JR-SOURCE-r000,JR-DUAL-r000-R8-g0170,s-011,200,1,7,372b030d56ad49b5f9513a04019fe14ce8911cac66258acc2e56e5a559384b69,07ba20ddc588b891e4998765257da3cea7b17287cb59bc9d056b1574a1005085,2,2,False,0.045246190364949514,1316.5208534869998,2007.9905145770063,691.4696610900064,True,33.577512584228,737,690,1254,1221,0.0,0.0,False
JR-SOURCE-r000,JR-DUAL-r000-R8-g0170,s-011,1000,1,7,372b030d56ad49b5f9513a04019fe14ce8911cac66258acc2e56e5a559384b69,07ba20ddc588b891e4998765257da3cea7b17287cb59bc9d056b1574a1005085,2,2,False,0.045246190364949514,1316.5208534869998,2007.9905145770063,691.4696610900064,True,33.577512584228,737,690,1254,1221,0.0,0.0,False
JR-SOURCE-r000,JR-DUAL-r000-R12-g0340,s-010,200,1,7,f34742abfb81ef1fe159ffde0a2ff089e024674e3876c1fa53c8ba0d432224a8,f80794dda054f38835d17dd7d2534e108161d01f52bf353220c9199d68fb34d9,2,2,False,0.047932521322948105,1755.7715409509983,859.6514601980016,-896.1200807529967,True,32.205792629398,729,607,1308,1192,0.0,0.0,False
JR-SOURCE-r000,JR-DUAL-r000-R12-g0340,s-010,1000,1,7,f34742abfb81ef1fe159ffde0a2ff089e024674e3876c1fa53c8ba0d432224a8,f80794dda054f38835d17dd7d2534e108161d01f52bf353220c9199d68fb34d9,2,2,False,0.047932521322948105,1755.7715409509983,859.6514601980016,-896.1200807529967,True,32.205792629398,729,607,1308,1192,0.0,0.0,False
JR-SOURCE-r000,JR-DUAL-r000-R12-g0340,s-011,200,1,7,f34742abfb81ef1fe159ffde0a2ff089e024674e3876c1fa53c8ba0d432224a8,f80794dda054f38835d17dd7d2534e108161d01f52bf353220c9199d68fb34d9,2,2,False,0.047932521322948105,1755.7715409509983,859.6514601980016,-896.1200807529967,True,32.205792629398,729,607,1308,1192,0.0,0.0,False
JR-SOURCE-r000,JR-DUAL-r000-R12-g0340,s-011,1000,1,7,f34742abfb81ef1fe159ffde0a2ff089e024674e3876c1fa53c8ba0d432224a8,f80794dda054f38835d17dd7d2534e108161d01f52bf353220c9199d68fb34d9,2,2,False,0.047932521322948105,1755.7715409509983,859.6514601980016,-896.1200807529967,True,32.205792629398,729,607,1308,1192,0.0,0.0,False
JR-SOURCE-r000,JR-DUAL-r000-R8-g0340,s-002,200,1,4,eeaac79466649c154d218cf70bf3b0d896ecac41dd77f18b163598d4f12eadd6,0a7b4d88996486f55377f4113d0b3b89376f1d0cf56fbabdb21a61d4fed3e7d6,2,2,False,0.0145462623668787,913.9255178929961,1601.5233341650019,687.5978162720057,True,36.41075171749,778,710,1270,1247,0.0,0.0,False
JR-SOURCE-r000,JR-DUAL-r000-R8-g0340,s-002,1000,1,4,eeaac79466649c154d218cf70bf3b0d896ecac41dd77f18b163598d4f12eadd6,0a7b4d88996486f55377f4113d0b3b89376f1d0cf56fbabdb21a61d4fed3e7d6,2,2,False,0.0145462623668787,913.9255178929961,1601.5233341650019,687.5978162720057,True,36.41075171749,778,710,1270,1247,0.0,0.0,False
JR-SOURCE-r000,JR-DUAL-r000-R8-g0340,s-003,1000,1,4,eeaac79466649c154d218cf70bf3b0d896ecac41dd77f18b163598d4f12eadd6,0a7b4d88996486f55377f4113d0b3b89376f1d0cf56fbabdb21a61d4fed3e7d6,2,2,False,0.011687843246731463,913.9255178929961,1601.5233341650019,687.5978162720057,True,36.41075171749,778,710,1270,1247,0.0,0.0,False
JR-SOURCE-r000,JR-DUAL-r000-R8-g0340,s-008,200,1,4,6d39a9210b5e1b703da67514613b8bafb8d164cfbe490ef47cfd3928862872c5,f82fbbfa2b39828ad90681480fbca953e713fe438048db735a5cd6799eb25f47,2,2,False,0.047357338294839214,968.5047188820026,1642.9760624840055,674.4713436020029,True,36.801368478944,722,709,1217,1253,0.0,0.0,False
JR-SOURCE-r000,JR-DUAL-r000-R8-g0340,s-008,200,1,7,6d39a9210b5e1b703da67514613b8bafb8d164cfbe490ef47cfd3928862872c5,ba8ba381dfb6bfaeff5db14aaed9565c72192a81e389197cd8e47a49a57fbc81,2,2,False,0.024022695826309216,968.5047188820026,2275.407659201992,1306.9029403199893,True,37.884977926173995,722,683,1217,1112,0.0,0.0,False
JR-SOURCE-r000,JR-DUAL-r000-R8-g0340,s-008,1000,1,4,6d39a9210b5e1b703da67514613b8bafb8d164cfbe490ef47cfd3928862872c5,f82fbbfa2b39828ad90681480fbca953e713fe438048db735a5cd6799eb25f47,2,2,False,0.047357338294839214,968.5047188820026,1642.9760624840055,674.4713436020029,True,36.801368478944,722,709,1217,1253,0.0,0.0,False
JR-SOURCE-r000,JR-DUAL-r000-R8-g0340,s-008,1000,1,7,6d39a9210b5e1b703da67514613b8bafb8d164cfbe490ef47cfd3928862872c5,ba8ba381dfb6bfaeff5db14aaed9565c72192a81e389197cd8e47a49a57fbc81,2,2,False,0.024022695826309216,968.5047188820026,2275.407659201992,1306.9029403199893,True,37.884977926173995,722,683,1217,1112,0.0,0.0,False
JR-SOURCE-r000,JR-DUAL-r000-R8-g0340,s-009,200,1,7,6d39a9210b5e1b703da67514613b8bafb8d164cfbe490ef47cfd3928862872c5,ba8ba381dfb6bfaeff5db14aaed9565c72192a81e389197cd8e47a49a57fbc81,2,2,False,0.024022695826309216,968.5047188820026,2275.407659201992,1306.9029403199893,True,37.884977926173995,722,683,1217,1112,0.0,0.0,False
JR-SOURCE-r000,JR-DUAL-r000-R8-g0340,s-009,1000,1,7,6d39a9210b5e1b703da67514613b8bafb8d164cfbe490ef47cfd3928862872c5,ba8ba381dfb6bfaeff5db14aaed9565c72192a81e389197cd8e47a49a57fbc81,2,2,False,0.024022695826309216,968.5047188820026,2275.407659201992,1306.9029403199893,True,37.884977926173995,722,683,1217,1112,0.0,0.0,False
JR-SOURCE-r000,JR-DUAL-r000-R12-g0680,s-000,200,4,7,d3ac614615a6d9d1cd405932f351bf528f2740269aaec52204fad42ccb7cf2cd,f94ba71f6f43de325a6b2b5735f94a4541678c7fd9026ba72646b82774d4efbd,2,2,False,0.028180799360749152,468.13815995599725,486.8396339019964,18.70147394599917,False,35.639625887786,792,729,1178,1117,0.0,0.0,False
JR-SOURCE-r000,JR-DUAL-r000-R12-g0680,s-000,200,6,9,e51565c4e25092026e79e0a3da71c36dca9a1cf35042dcf64cf08e2b788f0821,ce21d87e38791a99eb6896ced8c02fea5849bd30b3a079b2e111c518d1812e6d,2,2,False,0.00029094500987313917,592.6041978239991,590.1997539010008,-2.4044439229983254,False,8.854455339679,328,328,476,476,0.0,0.0,False
JR-SOURCE-r000,JR-DUAL-r000-R12-g0680,s-000,1000,4,7,d3ac614615a6d9d1cd405932f351bf528f2740269aaec52204fad42ccb7cf2cd,f94ba71f6f43de325a6b2b5735f94a4541678c7fd9026ba72646b82774d4efbd,2,2,False,0.028180799360749152,468.13815995599725,486.8396339019964,18.70147394599917,False,35.639625887786,792,729,1178,1117,0.0,0.0,False
JR-SOURCE-r000,JR-DUAL-r000-R12-g0680,s-000,1000,6,9,e51565c4e25092026e79e0a3da71c36dca9a1cf35042dcf64cf08e2b788f0821,ce21d87e38791a99eb6896ced8c02fea5849bd30b3a079b2e111c518d1812e6d,2,2,False,0.00029094500987313917,592.6041978239991,590.1997539010008,-2.4044439229983254,False,8.854455339679,328,328,476,476,0.0,0.0,False
JR-SOURCE-r000,JR-DUAL-r000-R12-g0680,s-001,1000,4,7,d3ac614615a6d9d1cd405932f351bf528f2740269aaec52204fad42ccb7cf2cd,f94ba71f6f43de325a6b2b5735f94a4541678c7fd9026ba72646b82774d4efbd,2,2,False,0.028180799360749152,468.13815995599725,486.8396339019964,18.70147394599917,False,35.639625887786,792,729,1178,1117,0.0,0.0,False
JR-SOURCE-r000,JR-DUAL-r000-R12-g0680,s-001,1000,6,9,e51565c4e25092026e79e0a3da71c36dca9a1cf35042dcf64cf08e2b788f0821,ce21d87e38791a99eb6896ced8c02fea5849bd30b3a079b2e111c518d1812e6d,2,2,False,0.00029094500987313917,592.6041978239991,590.1997539010008,-2.4044439229983254,False,8.854455339679,328,328,476,476,0.0,0.0,False
JR-SOURCE-r000,JR-DUAL-r000-R12-g0680,s-001,200,4,7,d3ac614615a6d9d1cd405932f351bf528f2740269aaec52204fad42ccb7cf2cd,f94ba71f6f43de325a6b2b5735f94a4541678c7fd9026ba72646b82774d4efbd,2,2,False,0.028180799360749152,468.13815995599725,486.8396339019964,18.70147394599917,False,35.639625887786,792,729,1178,1117,0.0,0.0,False
JR-SOURCE-r000,JR-DUAL-r000-R12-g0680,s-001,200,6,9,e51565c4e25092026e79e0a3da71c36dca9a1cf35042dcf64cf08e2b788f0821,ce21d87e38791a99eb6896ced8c02fea5849bd30b3a079b2e111c518d1812e6d,2,2,False,0.00029094500987313917,592.6041978239991,590.1997539010008,-2.4044439229983254,False,8.854455339679,328,328,476,476,0.0,0.0,False
JR-SOURCE-r000,JR-DUAL-r000-R12-g0680,s-002,200,6,9,e51565c4e25092026e79e0a3da71c36dca9a1cf35042dcf64cf08e2b788f0821,ce21d87e38791a99eb6896ced8c02fea5849bd30b3a079b2e111c518d1812e6d,2,2,False,0.00029094500987313917,592.6041978239991,590.1997539010008,-2.4044439229983254,False,8.854455339679,328,328,476,476,0.0,0.0,False
JR-SOURCE-r000,JR-DUAL-r000-R12-g0680,s-002,1000,6,9,e51565c4e25092026e79e0a3da71c36dca9a1cf35042dcf64cf08e2b788f0821,ce21d87e38791a99eb6896ced8c02fea5849bd30b3a079b2e111c518d1812e6d,2,2,False,0.00029094500987313917,592.6041978239991,590.1997539010008,-2.4044439229983254,False,8.854455339679,328,328,476,476,0.0,0.0,False
JR-SOURCE-r000,JR-DUAL-r000-R12-g0680,s-003,200,6,9,e51565c4e25092026e79e0a3da71c36dca9a1cf35042dcf64cf08e2b788f0821,ce21d87e38791a99eb6896ced8c02fea5849bd30b3a079b2e111c518d1812e6d,2,2,False,0.00029094500987313917,592.6041978239991,590.1997539010008,-2.4044439229983254,False,8.854455339679,328,328,476,476,0.0,0.0,False
JR-SOURCE-r000,JR-DUAL-r000-R12-g0680,s-003,1000,6,9,e51565c4e25092026e79e0a3da71c36dca9a1cf35042dcf64cf08e2b788f0821,ce21d87e38791a99eb6896ced8c02fea5849bd30b3a079b2e111c518d1812e6d,2,2,False,0.00029094500987313917,592.6041978239991,590.1997539010008,-2.4044439229983254,False,8.854455339679,328,328,476,476,0.0,0.0,False
JR-SOURCE-r000,JR-DUAL-r000-R12-g0680,s-004,200,4,7,2890dfc668c77d56f7a249a2ed111f91aa323203aea88dc1bc7b15fce6ec9b33,ae73a26238e1dce4b2ba86e38b7ecb4307b50d89e79ed1397197e7f2b1ccc1f8,2,2,False,0.04898632039291452,294.6665100730024,486.8396339019964,192.173123828994,True,35.350144243409,803,729,1191,1110,0.0,0.0,False
JR-SOURCE-r000,JR-DUAL-r000-R12-g0680,s-004,200,6,9,e51565c4e25092026e79e0a3da71c36dca9a1cf35042dcf64cf08e2b788f0821,ce21d87e38791a99eb6896ced8c02fea5849bd30b3a079b2e111c518d1812e6d,2,2,False,0.00029094500987313917,592.6041978239991,590.1997539010008,-2.4044439229983254,False,8.854455339679,328,328,476,476,0.0,0.0,False
JR-SOURCE-r000,JR-DUAL-r000-R12-g0680,s-004,1000,4,7,2890dfc668c77d56f7a249a2ed111f91aa323203aea88dc1bc7b15fce6ec9b33,ae73a26238e1dce4b2ba86e38b7ecb4307b50d89e79ed1397197e7f2b1ccc1f8,2,2,False,0.04898632039291452,294.6665100730024,486.8396339019964,192.173123828994,True,35.350144243409,803,729,1191,1110,0.0,0.0,False
JR-SOURCE-r000,JR-DUAL-r000-R12-g0680,s-004,1000,6,9,e51565c4e25092026e79e0a3da71c36dca9a1cf35042dcf64cf08e2b788f0821,ce21d87e38791a99eb6896ced8c02fea5849bd30b3a079b2e111c518d1812e6d,2,2,False,0.00029094500987313917,592.6041978239991,590.1997539010008,-2.4044439229983254,False,8.854455339679,328,328,476,476,0.0,0.0,False
JR-SOURCE-r000,JR-DUAL-r000-R12-g0680,s-005,200,4,7,2890dfc668c77d56f7a249a2ed111f91aa323203aea88dc1bc7b15fce6ec9b33,ae73a26238e1dce4b2ba86e38b7ecb4307b50d89e79ed1397197e7f2b1ccc1f8,2,2,False,0.04898632039291452,294.6665100730024,486.8396339019964,192.173123828994,True,35.350144243409,803,729,1191,1110,0.0,0.0,False
JR-SOURCE-r000,JR-DUAL-r000-R12-g0680,s-005,200,6,9,e51565c4e25092026e79e0a3da71c36dca9a1cf35042dcf64cf08e2b788f0821,ce21d87e38791a99eb6896ced8c02fea5849bd30b3a079b2e111c518d1812e6d,2,2,False,0.00029094500987313917,592.6041978239991,590.1997539010008,-2.4044439229983254,False,8.854455339679,328,328,476,476,0.0,0.0,False
JR-SOURCE-r000,JR-DUAL-r000-R12-g0680,s-005,1000,4,7,2890dfc668c77d56f7a249a2ed111f91aa323203aea88dc1bc7b15fce6ec9b33,ae73a26238e1dce4b2ba86e38b7ecb4307b50d89e79ed1397197e7f2b1ccc1f8,2,2,False,0.04898632039291452,294.6665100730024,486.8396339019964,192.173123828994,True,35.350144243409,803,729,1191,1110,0.0,0.0,False
JR-SOURCE-r000,JR-DUAL-r000-R12-g0680,s-005,1000,6,9,e51565c4e25092026e79e0a3da71c36dca9a1cf35042dcf64cf08e2b788f0821,ce21d87e38791a99eb6896ced8c02fea5849bd30b3a079b2e111c518d1812e6d,2,2,False,0.00029094500987313917,592.6041978239991,590.1997539010008,-2.4044439229983254,False,8.854455339679,328,328,476,476,0.0,0.0,False
JR-SOURCE-r000,JR-DUAL-r000-R12-g0680,s-006,200,6,9,e51565c4e25092026e79e0a3da71c36dca9a1cf35042dcf64cf08e2b788f0821,ce21d87e38791a99eb6896ced8c02fea5849bd30b3a079b2e111c518d1812e6d,2,2,False,0.00029094500987313917,592.6041978239991,590.1997539010008,-2.4044439229983254,False,8.854455339679,328,328,476,476,0.0,0.0,False
JR-SOURCE-r000,JR-DUAL-r000-R12-g0680,s-006,1000,6,9,e51565c4e25092026e79e0a3da71c36dca9a1cf35042dcf64cf08e2b788f0821,ce21d87e38791a99eb6896ced8c02fea5849bd30b3a079b2e111c518d1812e6d,2,2,False,0.00029094500987313917,592.6041978239991,590.1997539010008,-2.4044439229983254,False,8.854455339679,328,328,476,476,0.0,0.0,False
JR-SOURCE-r000,JR-DUAL-r000-R12-g0680,s-007,200,6,9,e51565c4e25092026e79e0a3da71c36dca9a1cf35042dcf64cf08e2b788f0821,ce21d87e38791a99eb6896ced8c02fea5849bd30b3a079b2e111c518d1812e6d,2,2,False,0.00029094500987313917,592.6041978239991,590.1997539010008,-2.4044439229983254,False,8.854455339679,328,328,476,476,0.0,0.0,False
JR-SOURCE-r000,JR-DUAL-r000-R12-g0680,s-007,1000,6,9,e51565c4e25092026e79e0a3da71c36dca9a1cf35042dcf64cf08e2b788f0821,ce21d87e38791a99eb6896ced8c02fea5849bd30b3a079b2e111c518d1812e6d,2,2,False,0.00029094500987313917,592.6041978239991,590.1997539010008,-2.4044439229983254,False,8.854455339679,328,328,476,476,0.0,0.0,False
JR-SOURCE-r000,JR-DUAL-r000-R12-g0680,s-008,200,4,7,b77426e336dad5f95be44e37d35f83393d4ef39ad200d59543c2dc5a8e0a4c00,82d839629158fe8c52b9bf308a6148b35437b58b2d09c7ef1ca5089cb532c8b2,2,2,False,0.04746570921138361,684.5851469170011,521.8315333849969,-162.75361353200424,True,35.379447781174,807,731,1178,1112,0.0,0.0,False
JR-SOURCE-r000,JR-DUAL-r000-R12-g0680,s-008,200,6,9,e51565c4e25092026e79e0a3da71c36dca9a1cf35042dcf64cf08e2b788f0821,ce21d87e38791a99eb6896ced8c02fea5849bd30b3a079b2e111c518d1812e6d,2,2,False,0.00029094500987313917,592.6041978239991,590.1997539010008,-2.4044439229983254,False,8.854455339679,328,328,476,476,0.0,0.0,False
JR-SOURCE-r000,JR-DUAL-r000-R12-g0680,s-008,1000,4,7,b77426e336dad5f95be44e37d35f83393d4ef39ad200d59543c2dc5a8e0a4c00,82d839629158fe8c52b9bf308a6148b35437b58b2d09c7ef1ca5089cb532c8b2,2,2,False,0.04746570921138361,684.5851469170011,521.8315333849969,-162.75361353200424,True,35.379447781174,807,731,1178,1112,0.0,0.0,False
JR-SOURCE-r000,JR-DUAL-r000-R12-g0680,s-008,1000,6,9,e51565c4e25092026e79e0a3da71c36dca9a1cf35042dcf64cf08e2b788f0821,ce21d87e38791a99eb6896ced8c02fea5849bd30b3a079b2e111c518d1812e6d,2,2,False,0.00029094500987313917,592.6041978239991,590.1997539010008,-2.4044439229983254,False,8.854455339679,328,328,476,476,0.0,0.0,False
JR-SOURCE-r000,JR-DUAL-r000-R12-g0680,s-009,200,6,9,e51565c4e25092026e79e0a3da71c36dca9a1cf35042dcf64cf08e2b788f0821,ce21d87e38791a99eb6896ced8c02fea5849bd30b3a079b2e111c518d1812e6d,2,2,False,0.00029094500987313917,592.6041978239991,590.1997539010008,-2.4044439229983254,False,8.854455339679,328,328,476,476,0.0,0.0,False
JR-SOURCE-r000,JR-DUAL-r000-R12-g0680,s-009,1000,4,7,b77426e336dad5f95be44e37d35f83393d4ef39ad200d59543c2dc5a8e0a4c00,82d839629158fe8c52b9bf308a6148b35437b58b2d09c7ef1ca5089cb532c8b2,2,2,False,0.04746570921138361,684.5851469170011,521.8315333849969,-162.75361353200424,True,35.379447781174,807,731,1178,1112,0.0,0.0,False
JR-SOURCE-r000,JR-DUAL-r000-R12-g0680,s-009,1000,6,9,e51565c4e25092026e79e0a3da71c36dca9a1cf35042dcf64cf08e2b788f0821,ce21d87e38791a99eb6896ced8c02fea5849bd30b3a079b2e111c518d1812e6d,2,2,False,0.00029094500987313917,592.6041978239991,590.1997539010008,-2.4044439229983254,False,8.854455339679,328,328,476,476,0.0,0.0,False
JR-SOURCE-r000,JR-DUAL-r000-R12-g0680,s-010,200,1,4,35caea83f3dea4ffafe8a9ef5ddd8fcfc6ef27b78052df6500e8ee46db9e86b6,4f649f8073548ff5e0d033f055b12ff0f8a70cc2a936d2308b90d6dfdb05c42f,2,2,False,0.03500976979007467,482.6661770639985,294.66651007299515,-187.99966699100332,True,34.48760845722,840,798,1393,1181,0.0,0.0,False
JR-SOURCE-r000,JR-DUAL-r000-R12-g0680,s-010,200,6,9,e51565c4e25092026e79e0a3da71c36dca9a1cf35042dcf64cf08e2b788f0821,ce21d87e38791a99eb6896ced8c02fea5849bd30b3a079b2e111c518d1812e6d,2,2,False,0.00029094500987313917,592.6041978239991,590.1997539010008,-2.4044439229983254,False,8.854455339679,328,328,476,476,0.0,0.0,False
JR-SOURCE-r000,JR-DUAL-r000-R12-g0680,s-010,1000,1,4,35caea83f3dea4ffafe8a9ef5ddd8fcfc6ef27b78052df6500e8ee46db9e86b6,4f649f8073548ff5e0d033f055b12ff0f8a70cc2a936d2308b90d6dfdb05c42f,2,2,False,0.03500976979007467,482.6661770639985,294.66651007299515,-187.99966699100332,True,34.48760845722,840,798,1393,1181,0.0,0.0,False
JR-SOURCE-r000,JR-DUAL-r000-R12-g0680,s-010,1000,6,9,e51565c4e25092026e79e0a3da71c36dca9a1cf35042dcf64cf08e2b788f0821,ce21d87e38791a99eb6896ced8c02fea5849bd30b3a079b2e111c518d1812e6d,2,2,False,0.00029094500987313917,592.6041978239991,590.1997539010008,-2.4044439229983254,False,8.854455339679,328,328,476,476,0.0,0.0,False
JR-SOURCE-r000,JR-DUAL-r000-R12-g0680,s-011,200,1,4,35caea83f3dea4ffafe8a9ef5ddd8fcfc6ef27b78052df6500e8ee46db9e86b6,4f649f8073548ff5e0d033f055b12ff0f8a70cc2a936d2308b90d6dfdb05c42f,2,2,False,0.03500976979007467,482.6661770639985,294.66651007299515,-187.99966699100332,True,34.48760845722,840,798,1393,1181,0.0,0.0,False
JR-SOURCE-r000,JR-DUAL-r000-R12-g0680,s-011,200,6,9,e51565c4e25092026e79e0a3da71c36dca9a1cf35042dcf64cf08e2b788f0821,ce21d87e38791a99eb6896ced8c02fea5849bd30b3a079b2e111c518d1812e6d,2,2,False,0.00029094500987313917,592.6041978239991,590.1997539010008,-2.4044439229983254,False,8.854455339679,328,328,476,476,0.0,0.0,False
JR-SOURCE-r000,JR-DUAL-r000-R12-g0680,s-011,1000,1,4,35caea83f3dea4ffafe8a9ef5ddd8fcfc6ef27b78052df6500e8ee46db9e86b6,4f649f8073548ff5e0d033f055b12ff0f8a70cc2a936d2308b90d6dfdb05c42f,2,2,False,0.03500976979007467,482.6661770639985,294.66651007299515,-187.99966699100332,True,34.48760845722,840,798,1393,1181,0.0,0.0,False
JR-SOURCE-r000,JR-DUAL-r000-R12-g0680,s-011,1000,6,9,e51565c4e25092026e79e0a3da71c36dca9a1cf35042dcf64cf08e2b788f0821,ce21d87e38791a99eb6896ced8c02fea5849bd30b3a079b2e111c518d1812e6d,2,2,False,0.00029094500987313917,592.6041978239991,590.1997539010008,-2.4044439229983254,False,8.854455339679,328,328,476,476,0.0,0.0,False
JR-SOURCE-r000,JR-DUAL-r000-R8-g0680,s-000,200,4,7,05e1868312b6b127a3f4ee01c718e2c1b00e946563ba4e118d7ed2ed1543ae7b,11106e19ecd423e3f616c6788b800b54882b6e4f9e8acee60f25ede700098d63,2,2,False,0.0443919511684205,1069.4484331090061,1009.9206599089957,-59.527773200010415,True,38.946484245802,846,766,1286,1079,0.0,0.0,False
JR-SOURCE-r000,JR-DUAL-r000-R8-g0680,s-000,1000,4,7,05e1868312b6b127a3f4ee01c718e2c1b00e946563ba4e118d7ed2ed1543ae7b,11106e19ecd423e3f616c6788b800b54882b6e4f9e8acee60f25ede700098d63,2,2,False,0.0443919511684205,1069.4484331090061,1009.9206599089957,-59.527773200010415,True,38.946484245802,846,766,1286,1079,0.0,0.0,False
JR-SOURCE-r000,JR-DUAL-r000-R8-g0680,s-001,1000,4,7,05e1868312b6b127a3f4ee01c718e2c1b00e946563ba4e118d7ed2ed1543ae7b,11106e19ecd423e3f616c6788b800b54882b6e4f9e8acee60f25ede700098d63,2,2,False,0.0443919511684205,1069.4484331090061,1009.9206599089957,-59.527773200010415,True,38.946484245802,846,766,1286,1079,0.0,0.0,False
JR-SOURCE-r000,JR-DUAL-r000-R8-g0680,s-001,200,4,7,05e1868312b6b127a3f4ee01c718e2c1b00e946563ba4e118d7ed2ed1543ae7b,11106e19ecd423e3f616c6788b800b54882b6e4f9e8acee60f25ede700098d63,2,2,False,0.0443919511684205,1069.4484331090061,1009.9206599089957,-59.527773200010415,True,38.946484245802,846,766,1286,1079,0.0,0.0,False
JR-SOURCE-r000,JR-DUAL-r000-R8-g0680,s-004,200,1,7,e893b353f4ab7e7a003bcbcde93d7ff190e6c5be51f33ab2aeb34739ee37de28,15d4b5e7c576ae7f33ccfdea4a1b47e40c90e9895d960c64c6d1a5893c147f2f,2,2,False,0.04868427697338202,295.88711960399814,1009.920659909003,714.0335403050049,True,39.084801892149,912,772,1389,1091,0.0,0.0,False
JR-SOURCE-r000,JR-DUAL-r000-R8-g0680,s-004,1000,1,7,e893b353f4ab7e7a003bcbcde93d7ff190e6c5be51f33ab2aeb34739ee37de28,15d4b5e7c576ae7f33ccfdea4a1b47e40c90e9895d960c64c6d1a5893c147f2f,2,2,False,0.04868427697338202,295.88711960399814,1009.920659909003,714.0335403050049,True,39.084801892149,912,772,1389,1091,0.0,0.0,False
JR-SOURCE-r000,JR-DUAL-r000-R8-g0680,s-005,200,1,7,e893b353f4ab7e7a003bcbcde93d7ff190e6c5be51f33ab2aeb34739ee37de28,15d4b5e7c576ae7f33ccfdea4a1b47e40c90e9895d960c64c6d1a5893c147f2f,2,2,False,0.04868427697338202,295.88711960399814,1009.920659909003,714.0335403050049,True,39.084801892149,912,772,1389,1091,0.0,0.0,False
JR-SOURCE-r000,JR-DUAL-r000-R8-g0680,s-005,1000,1,7,e893b353f4ab7e7a003bcbcde93d7ff190e6c5be51f33ab2aeb34739ee37de28,15d4b5e7c576ae7f33ccfdea4a1b47e40c90e9895d960c64c6d1a5893c147f2f,2,2,False,0.04868427697338202,295.88711960399814,1009.920659909003,714.0335403050049,True,39.084801892149,912,772,1389,1091,0.0,0.0,False
JR-SOURCE-r000,JR-DUAL-r000-R8-g0680,s-006,200,4,7,ca0496e0805b1eadac807b04388f59f0fa9ad3a2f80a14b6f24c58b0adccbd98,b8659181828c44cdd79e0eb27c9bacaf52b3dd3af6dc98322070a4eba320cc9e,2,2,False,0.039540221355386485,1495.812710490005,942.0757165809991,-553.7369939090058,True,39.047194216668004,837,785,1262,1127,0.0,0.0,False
JR-SOURCE-r000,JR-DUAL-r000-R8-g0680,s-006,1000,4,7,ca0496e0805b1eadac807b04388f59f0fa9ad3a2f80a14b6f24c58b0adccbd98,b8659181828c44cdd79e0eb27c9bacaf52b3dd3af6dc98322070a4eba320cc9e,2,2,False,0.039540221355386485,1495.812710490005,942.0757165809991,-553.7369939090058,True,39.047194216668004,837,785,1262,1127,0.0,0.0,False
JR-SOURCE-r000,JR-DUAL-r000-R8-g0680,s-007,200,4,7,ca0496e0805b1eadac807b04388f59f0fa9ad3a2f80a14b6f24c58b0adccbd98,b8659181828c44cdd79e0eb27c9bacaf52b3dd3af6dc98322070a4eba320cc9e,2,2,False,0.039540221355386485,1495.812710490005,942.0757165809991,-553.7369939090058,True,39.047194216668004,837,785,1262,1127,0.0,0.0,False
JR-SOURCE-r000,JR-DUAL-r000-R8-g0680,s-007,1000,4,7,ca0496e0805b1eadac807b04388f59f0fa9ad3a2f80a14b6f24c58b0adccbd98,b8659181828c44cdd79e0eb27c9bacaf52b3dd3af6dc98322070a4eba320cc9e,2,2,False,0.039540221355386485,1495.812710490005,942.0757165809991,-553.7369939090058,True,39.047194216668004,837,785,1262,1127,0.0,0.0,False
JR-SOURCE-r000,JR-DUAL-r000-R8-g0680,s-008,200,1,4,038a0260462b2cb3b7466290f940813fbb691ed50622c96fde0ad52a782f49c4,244d1d6aa71c593e885df933ab391b357b618ae2ba695ec4e40442ba5facf31b,2,2,False,0.020994395401911985,317.13065477499913,1378.4964252070058,1061.3657704320067,True,38.668777540053,908,841,1350,1265,0.0,0.0,False
JR-SOURCE-r000,JR-DUAL-r000-R8-g0680,s-008,200,1,7,038a0260462b2cb3b7466290f940813fbb691ed50622c96fde0ad52a782f49c4,56c5dbd69c82207523bde7c43dd782f58e9a385b110648ec631f9a2f86914e71,2,2,False,0.038266395162937145,317.13065477499913,964.4453037250059,647.3146489500068,True,39.188213811888005,908,794,1350,1138,0.0,0.0,False
JR-SOURCE-r000,JR-DUAL-r000-R8-g0680,s-008,1000,1,4,038a0260462b2cb3b7466290f940813fbb691ed50622c96fde0ad52a782f49c4,244d1d6aa71c593e885df933ab391b357b618ae2ba695ec4e40442ba5facf31b,2,2,False,0.020994395401911985,317.13065477499913,1378.4964252070058,1061.3657704320067,True,38.668777540053,908,841,1350,1265,0.0,0.0,False
JR-SOURCE-r000,JR-DUAL-r000-R8-g0680,s-008,1000,1,7,038a0260462b2cb3b7466290f940813fbb691ed50622c96fde0ad52a782f49c4,56c5dbd69c82207523bde7c43dd782f58e9a385b110648ec631f9a2f86914e71,2,2,False,0.038266395162937145,317.13065477499913,964.4453037250059,647.3146489500068,True,39.188213811888005,908,794,1350,1138,0.0,0.0,False
JR-SOURCE-r000,JR-DUAL-r000-R8-g0680,s-009,200,1,7,038a0260462b2cb3b7466290f940813fbb691ed50622c96fde0ad52a782f49c4,56c5dbd69c82207523bde7c43dd782f58e9a385b110648ec631f9a2f86914e71,2,2,False,0.038266395162937145,317.13065477499913,964.4453037250059,647.3146489500068,True,39.188213811888005,908,794,1350,1138,0.0,0.0,False
JR-SOURCE-r000,JR-DUAL-r000-R8-g0680,s-009,1000,1,4,038a0260462b2cb3b7466290f940813fbb691ed50622c96fde0ad52a782f49c4,244d1d6aa71c593e885df933ab391b357b618ae2ba695ec4e40442ba5facf31b,2,2,False,0.04933424285947537,317.13065477499913,1378.4964252070058,1061.3657704320067,True,38.668777540053,908,841,1350,1265,0.0,0.0,False
JR-SOURCE-r000,JR-DUAL-r000-R8-g0680,s-009,1000,1,7,038a0260462b2cb3b7466290f940813fbb691ed50622c96fde0ad52a782f49c4,56c5dbd69c82207523bde7c43dd782f58e9a385b110648ec631f9a2f86914e71,2,2,False,0.038266395162937145,317.13065477499913,964.4453037250059,647.3146489500068,True,39.188213811888005,908,794,1350,1138,0.0,0.0,False
JR-SOURCE-r000,JR-DUAL-r000-R8-g0680,s-010,200,1,7,7b18cfb8c0c43b06b3dbfb08d696935f80b32cbf091a3d1cdd1ce3bb30eff979,68b5a9c47488f6aa4c478f04f77b4cce14565879e3e1584b0329451cdf9c61b3,2,2,False,0.035501259205777944,74.12507697199908,1197.0455686610003,1122.9204916890012,True,38.649605325296,917,782,1400,1042,0.0,0.0,False
JR-SOURCE-r000,JR-DUAL-r000-R8-g0680,s-010,200,4,7,ca0496e0805b1eadac807b04388f59f0fa9ad3a2f80a14b6f24c58b0adccbd98,68b5a9c47488f6aa4c478f04f77b4cce14565879e3e1584b0329451cdf9c61b3,2,2,False,0.045208891123321715,1495.812710490005,1197.0455686610003,-298.7671418290047,True,38.70794280081601,837,782,1262,1042,0.0,0.0,False
JR-SOURCE-r000,JR-DUAL-r000-R8-g0680,s-010,1000,1,7,7b18cfb8c0c43b06b3dbfb08d696935f80b32cbf091a3d1cdd1ce3bb30eff979,68b5a9c47488f6aa4c478f04f77b4cce14565879e3e1584b0329451cdf9c61b3,2,2,False,0.035501259205777944,74.12507697199908,1197.0455686610003,1122.9204916890012,True,38.649605325296,917,782,1400,1042,0.0,0.0,False
JR-SOURCE-r000,JR-DUAL-r000-R8-g0680,s-010,1000,4,7,ca0496e0805b1eadac807b04388f59f0fa9ad3a2f80a14b6f24c58b0adccbd98,68b5a9c47488f6aa4c478f04f77b4cce14565879e3e1584b0329451cdf9c61b3,2,2,False,0.045208891123321715,1495.812710490005,1197.0455686610003,-298.7671418290047,True,38.70794280081601,837,782,1262,1042,0.0,0.0,False
JR-SOURCE-r000,JR-DUAL-r000-R8-g0680,s-011,200,1,7,7b18cfb8c0c43b06b3dbfb08d696935f80b32cbf091a3d1cdd1ce3bb30eff979,68b5a9c47488f6aa4c478f04f77b4cce14565879e3e1584b0329451cdf9c61b3,2,2,False,0.035501259205777944,74.12507697199908,1197.0455686610003,1122.9204916890012,True,38.649605325296,917,782,1400,1042,0.0,0.0,False
JR-SOURCE-r000,JR-DUAL-r000-R8-g0680,s-011,200,4,7,ca0496e0805b1eadac807b04388f59f0fa9ad3a2f80a14b6f24c58b0adccbd98,68b5a9c47488f6aa4c478f04f77b4cce14565879e3e1584b0329451cdf9c61b3,2,2,False,0.045208891123321715,1495.812710490005,1197.0455686610003,-298.7671418290047,True,38.70794280081601,837,782,1262,1042,0.0,0.0,False
JR-SOURCE-r000,JR-DUAL-r000-R8-g0680,s-011,1000,1,7,7b18cfb8c0c43b06b3dbfb08d696935f80b32cbf091a3d1cdd1ce3bb30eff979,68b5a9c47488f6aa4c478f04f77b4cce14565879e3e1584b0329451cdf9c61b3,2,2,False,0.035501259205777944,74.12507697199908,1197.0455686610003,1122.9204916890012,True,38.649605325296,917,782,1400,1042,0.0,0.0,False
JR-SOURCE-r000,JR-DUAL-r000-R8-g0680,s-011,1000,4,7,ca0496e0805b1eadac807b04388f59f0fa9ad3a2f80a14b6f24c58b0adccbd98,68b5a9c47488f6aa4c478f04f77b4cce14565879e3e1584b0329451cdf9c61b3,2,2,False,0.045208891123321715,1495.812710490005,1197.0455686610003,-298.7671418290047,True,38.70794280081601,837,782,1262,1042,0.0,0.0,False
JR-SOURCE-r001,JR-DUAL-r001-R12-g0170,s-000,200,1,4,d4bdf82ede6248c91c91e48fdbd1d25752ee5ecd38a882141261d25bb6de7331,7acf04c93c2628cb80266800c84e4f21d76ecc0db3798c1e06d43968d59be085,2,2,False,0.03843979366215347,1316.8998344290012,618.6177309609993,-698.2821034680019,True,31.881546606896002,609,594,1084,1123,0.0,0.0,False
JR-SOURCE-r001,JR-DUAL-r001-R12-g0170,s-000,1000,1,4,d4bdf82ede6248c91c91e48fdbd1d25752ee5ecd38a882141261d25bb6de7331,7acf04c93c2628cb80266800c84e4f21d76ecc0db3798c1e06d43968d59be085,2,2,False,0.03843979366215347,1316.8998344290012,618.6177309609993,-698.2821034680019,True,31.881546606896002,609,594,1084,1123,0.0,0.0,False
JR-SOURCE-r001,JR-DUAL-r001-R12-g0170,s-001,1000,1,4,d4bdf82ede6248c91c91e48fdbd1d25752ee5ecd38a882141261d25bb6de7331,7acf04c93c2628cb80266800c84e4f21d76ecc0db3798c1e06d43968d59be085,2,2,False,0.03843979366215347,1316.8998344290012,618.6177309609993,-698.2821034680019,True,31.881546606896002,609,594,1084,1123,0.0,0.0,False
JR-SOURCE-r001,JR-DUAL-r001-R12-g0170,s-001,200,1,4,d4bdf82ede6248c91c91e48fdbd1d25752ee5ecd38a882141261d25bb6de7331,7acf04c93c2628cb80266800c84e4f21d76ecc0db3798c1e06d43968d59be085,2,2,False,0.03843979366215347,1316.8998344290012,618.6177309609993,-698.2821034680019,True,31.881546606896002,609,594,1084,1123,0.0,0.0,False
JR-SOURCE-r001,JR-DUAL-r001-R12-g0170,s-004,200,6,9,a38ce43a399a547d31db1e9df0a01ceae21b06b172585a9227ab59f0ac1d7f32,f3aee5e9097ea8812bc27d33c80e7a80d23ea9403b42002368723a38ca9ab2d1,2,2,False,0.02752971603664482,515.5586695499996,926.4435727259988,410.88490317599917,True,8.484622447705,77,69,164,147,0.0,0.0,False
JR-SOURCE-r001,JR-DUAL-r001-R12-g0170,s-004,1000,6,9,a38ce43a399a547d31db1e9df0a01ceae21b06b172585a9227ab59f0ac1d7f32,f3aee5e9097ea8812bc27d33c80e7a80d23ea9403b42002368723a38ca9ab2d1,2,2,False,0.02752971603664482,515.5586695499996,926.4435727259988,410.88490317599917,True,8.484622447705,77,69,164,147,0.0,0.0,False
JR-SOURCE-r001,JR-DUAL-r001-R12-g0170,s-005,200,6,9,a38ce43a399a547d31db1e9df0a01ceae21b06b172585a9227ab59f0ac1d7f32,f3aee5e9097ea8812bc27d33c80e7a80d23ea9403b42002368723a38ca9ab2d1,2,2,False,0.02752971603664482,515.5586695499996,926.4435727259988,410.88490317599917,True,8.484622447705,77,69,164,147,0.0,0.0,False
JR-SOURCE-r001,JR-DUAL-r001-R12-g0170,s-005,1000,6,9,a38ce43a399a547d31db1e9df0a01ceae21b06b172585a9227ab59f0ac1d7f32,f3aee5e9097ea8812bc27d33c80e7a80d23ea9403b42002368723a38ca9ab2d1,2,2,False,0.02752971603664482,515.5586695499996,926.4435727259988,410.88490317599917,True,8.484622447705,77,69,164,147,0.0,0.0,False
JR-SOURCE-r001,JR-DUAL-r001-R12-g0170,s-008,200,3,6,be27d00c5e875dcfa570cb2cb1ae98c237ae28e3be5d777dafb778fe9134f1a1,714acb30f9a9c0bb13484e90f3cb5cdd87a034ae87205f31a995f53243e24037,2,2,False,0.04015726892145665,311.4655812809997,523.0534739770001,211.58789269600038,True,8.210111145514,83,80,175,171,0.0,0.0,False
JR-SOURCE-r001,JR-DUAL-r001-R12-g0170,s-008,200,3,9,be27d00c5e875dcfa570cb2cb1ae98c237ae28e3be5d777dafb778fe9134f1a1,09d675aea55c78d5e8a1206108b20a3f5a97743fb7ac411cebb34b0e44fd2280,2,2,False,0.04846158349769616,311.4655812809997,926.4435727259988,614.9779914449991,True,8.160264276712,83,89,175,193,0.0,0.0,False
JR-SOURCE-r001,JR-DUAL-r001-R12-g0170,s-008,1000,3,6,be27d00c5e875dcfa570cb2cb1ae98c237ae28e3be5d777dafb778fe9134f1a1,714acb30f9a9c0bb13484e90f3cb5cdd87a034ae87205f31a995f53243e24037,2,2,False,0.04015726892145665,311.4655812809997,523.0534739770001,211.58789269600038,True,8.210111145514,83,80,175,171,0.0,0.0,False
JR-SOURCE-r001,JR-DUAL-r001-R12-g0170,s-008,1000,3,9,be27d00c5e875dcfa570cb2cb1ae98c237ae28e3be5d777dafb778fe9134f1a1,09d675aea55c78d5e8a1206108b20a3f5a97743fb7ac411cebb34b0e44fd2280,2,2,False,0.04846158349769616,311.4655812809997,926.4435727259988,614.9779914449991,True,8.160264276712,83,89,175,193,0.0,0.0,False
JR-SOURCE-r001,JR-DUAL-r001-R12-g0170,s-009,200,3,6,be27d00c5e875dcfa570cb2cb1ae98c237ae28e3be5d777dafb778fe9134f1a1,714acb30f9a9c0bb13484e90f3cb5cdd87a034ae87205f31a995f53243e24037,2,2,False,0.04015726892145665,311.4655812809997,523.0534739770001,211.58789269600038,True,8.210111145514,83,80,175,171,0.0,0.0,False
JR-SOURCE-r001,JR-DUAL-r001-R12-g0170,s-009,200,3,9,be27d00c5e875dcfa570cb2cb1ae98c237ae28e3be5d777dafb778fe9134f1a1,09d675aea55c78d5e8a1206108b20a3f5a97743fb7ac411cebb34b0e44fd2280,2,2,False,0.04846158349769616,311.4655812809997,926.4435727259988,614.9779914449991,True,8.160264276712,83,89,175,193,0.0,0.0,False
JR-SOURCE-r001,JR-DUAL-r001-R12-g0170,s-009,1000,3,6,be27d00c5e875dcfa570cb2cb1ae98c237ae28e3be5d777dafb778fe9134f1a1,714acb30f9a9c0bb13484e90f3cb5cdd87a034ae87205f31a995f53243e24037,2,2,False,0.04015726892145665,311.4655812809997,523.0534739770001,211.58789269600038,True,8.210111145514,83,80,175,171,0.0,0.0,False
JR-SOURCE-r001,JR-DUAL-r001-R12-g0170,s-009,1000,3,9,be27d00c5e875dcfa570cb2cb1ae98c237ae28e3be5d777dafb778fe9134f1a1,09d675aea55c78d5e8a1206108b20a3f5a97743fb7ac411cebb34b0e44fd2280,2,2,False,0.04846158349769616,311.4655812809997,926.4435727259988,614.9779914449991,True,8.160264276712,83,89,175,193,0.0,0.0,False
JR-SOURCE-r001,JR-DUAL-r001-R12-g0170,s-010,200,4,7,a4f7015f2e1251a293e1c58488fbe7568ca14a58a0c802bcc8d903fc7aee1665,bbc74304f902c00ab02f053591f34afd8ea649f0802e1f1db4ec4cc4b91c6c31,2,2,False,0.045678234508451175,642.6751228139983,955.1592041240001,312.4840813100018,True,33.474650064426,585,466,1110,1019,0.0,0.0,False
JR-SOURCE-r001,JR-DUAL-r001-R12-g0170,s-010,200,6,9,528600574af40bffd29a179bd17b9ff2b73ec3a0072ecbde97faabb410493890,d294fd0985d486fd18022d6fd2d7f6eeb28e84d0ac7e01c4f975ca5c6594efcc,2,2,False,0.04208229716828439,523.053473977001,921.7355049409998,398.68203096399884,True,8.219006059167,83,87,175,185,0.0,0.0,False
JR-SOURCE-r001,JR-DUAL-r001-R12-g0170,s-010,1000,4,7,a4f7015f2e1251a293e1c58488fbe7568ca14a58a0c802bcc8d903fc7aee1665,bbc74304f902c00ab02f053591f34afd8ea649f0802e1f1db4ec4cc4b91c6c31,2,2,False,0.045678234508451175,642.6751228139983,955.1592041240001,312.4840813100018,True,33.474650064426,585,466,1110,1019,0.0,0.0,False
JR-SOURCE-r001,JR-DUAL-r001-R12-g0170,s-010,1000,6,9,528600574af40bffd29a179bd17b9ff2b73ec3a0072ecbde97faabb410493890,d294fd0985d486fd18022d6fd2d7f6eeb28e84d0ac7e01c4f975ca5c6594efcc,2,2,False,0.04208229716828439,523.053473977001,921.7355049409998,398.68203096399884,True,8.219006059167,83,87,175,185,0.0,0.0,False
JR-SOURCE-r001,JR-DUAL-r001-R12-g0170,s-011,200,4,7,a4f7015f2e1251a293e1c58488fbe7568ca14a58a0c802bcc8d903fc7aee1665,bbc74304f902c00ab02f053591f34afd8ea649f0802e1f1db4ec4cc4b91c6c31,2,2,False,0.045678234508451175,642.6751228139983,955.1592041240001,312.4840813100018,True,33.474650064426,585,466,1110,1019,0.0,0.0,False
JR-SOURCE-r001,JR-DUAL-r001-R12-g0170,s-011,200,6,9,528600574af40bffd29a179bd17b9ff2b73ec3a0072ecbde97faabb410493890,d294fd0985d486fd18022d6fd2d7f6eeb28e84d0ac7e01c4f975ca5c6594efcc,2,2,False,0.04208229716828439,523.053473977001,921.7355049409998,398.68203096399884,True,8.219006059167,83,87,175,185,0.0,0.0,False
JR-SOURCE-r001,JR-DUAL-r001-R12-g0170,s-011,1000,4,7,a4f7015f2e1251a293e1c58488fbe7568ca14a58a0c802bcc8d903fc7aee1665,bbc74304f902c00ab02f053591f34afd8ea649f0802e1f1db4ec4cc4b91c6c31,2,2,False,0.045678234508451175,642.6751228139983,955.1592041240001,312.4840813100018,True,33.474650064426,585,466,1110,1019,0.0,0.0,False
JR-SOURCE-r001,JR-DUAL-r001-R12-g0170,s-011,1000,6,9,528600574af40bffd29a179bd17b9ff2b73ec3a0072ecbde97faabb410493890,d294fd0985d486fd18022d6fd2d7f6eeb28e84d0ac7e01c4f975ca5c6594efcc,2,2,False,0.04208229716828439,523.053473977001,921.7355049409998,398.68203096399884,True,8.219006059167,83,87,175,185,0.0,0.0,False
JR-SOURCE-r001,JR-DUAL-r001-R8-g0170,s-000,200,1,4,b89a0934d9de82c0a7ab64d09ba4c27d4b4cd5df20419309c4a45ad44158ce62,7446a3686d57f9093ec70cb584c7aaca6bf17f3999b3086e5ede13a8a2664570,2,2,False,0.03472003928858934,2387.4736085640034,2590.867819363997,203.39421079999374,True,34.055372225752,722,713,1173,1197,0.0,0.0,False
JR-SOURCE-r001,JR-DUAL-r001-R8-g0170,s-000,200,7,10,3dc0aaa7a504e3260f8a919e4b0b881f0db61109d000fdf9900991e7ed840f37,5d2cd82b01c28d86b1c4aebe7e6691c1cee78c8d6a739c09076b15dd1062b934,2,2,False,0.02707816972806218,2794.7219971700033,2939.8724628439995,145.15046567399622,True,33.030587143987006,594,670,959,1135,0.0,0.0,False
JR-SOURCE-r001,JR-DUAL-r001-R8-g0170,s-000,1000,1,4,b89a0934d9de82c0a7ab64d09ba4c27d4b4cd5df20419309c4a45ad44158ce62,7446a3686d57f9093ec70cb584c7aaca6bf17f3999b3086e5ede13a8a2664570,2,2,False,0.03472003928858934,2400.0936162989965,2593.0461822519974,192.95256595300089,True,34.05755058864,722,713,1173,1197,0.0,0.0,False
JR-SOURCE-r001,JR-DUAL-r001-R8-g0170,s-000,1000,7,10,3dc0aaa7a504e3260f8a919e4b0b881f0db61109d000fdf9900991e7ed840f37,5d2cd82b01c28d86b1c4aebe7e6691c1cee78c8d6a739c09076b15dd1062b934,2,2,False,0.02707816972806218,2794.7219971700033,2939.8724628439995,145.15046567399622,True,33.030587143987006,594,670,959,1135,0.0,0.0,False
JR-SOURCE-r001,JR-DUAL-r001-R8-g0170,s-001,1000,1,4,b89a0934d9de82c0a7ab64d09ba4c27d4b4cd5df20419309c4a45ad44158ce62,7446a3686d57f9093ec70cb584c7aaca6bf17f3999b3086e5ede13a8a2664570,2,2,False,0.03472003928858934,2400.0936162989965,2593.0461822519974,192.95256595300089,True,34.05755058864,722,713,1173,1197,0.0,0.0,False
JR-SOURCE-r001,JR-DUAL-r001-R8-g0170,s-001,1000,7,10,3dc0aaa7a504e3260f8a919e4b0b881f0db61109d000fdf9900991e7ed840f37,5d2cd82b01c28d86b1c4aebe7e6691c1cee78c8d6a739c09076b15dd1062b934,2,2,False,0.02707816972806218,2794.7219971700033,2939.8724628439995,145.15046567399622,True,33.030587143987006,594,670,959,1135,0.0,0.0,False
JR-SOURCE-r001,JR-DUAL-r001-R8-g0170,s-001,200,1,4,b89a0934d9de82c0a7ab64d09ba4c27d4b4cd5df20419309c4a45ad44158ce62,7446a3686d57f9093ec70cb584c7aaca6bf17f3999b3086e5ede13a8a2664570,2,2,False,0.03472003928858934,2387.4736085640034,2590.867819363997,203.39421079999374,True,34.055372225752,722,713,1173,1197,0.0,0.0,False
JR-SOURCE-r001,JR-DUAL-r001-R8-g0170,s-001,200,7,10,3dc0aaa7a504e3260f8a919e4b0b881f0db61109d000fdf9900991e7ed840f37,5d2cd82b01c28d86b1c4aebe7e6691c1cee78c8d6a739c09076b15dd1062b934,2,2,False,0.02707816972806218,2794.7219971700033,2939.8724628439995,145.15046567399622,True,33.030587143987006,594,670,959,1135,0.0,0.0,False
JR-SOURCE-r001,JR-DUAL-r001-R8-g0170,s-002,200,4,10,100e5a47e0e2a634ff66de92f0e4c3a380b862c8f54f28b676d57cfbcce7068a,95ac4b81d706b514224e6091cb36805efae47a7c47d93a71beb27310a87c176b,2,2,False,0.04897559792996504,2611.0486650460043,2759.445396379,148.39673133299584,True,33.864385543563,709,676,1181,1151,0.0,0.0,False
JR-SOURCE-r001,JR-DUAL-r001-R8-g0170,s-002,200,7,10,e916084527277cd5ee243f49a2976f6a2da4f04d2fb6b188f3aee42062e99220,95ac4b81d706b514224e6091cb36805efae47a7c47d93a71beb27310a87c176b,2,2,False,0.03220600150447895,2395.849485316001,2759.445396379,363.5959110629992,True,32.897609591665,603,676,978,1151,0.0,0.0,False
JR-SOURCE-r001,JR-DUAL-r001-R8-g0170,s-002,1000,4,10,100e5a47e0e2a634ff66de92f0e4c3a380b862c8f54f28b676d57cfbcce7068a,95ac4b81d706b514224e6091cb36805efae47a7c47d93a71beb27310a87c176b,2,2,False,0.04897559792996504,2611.0486650460043,2759.445396379,148.39673133299584,True,33.864385543563,709,676,1181,1151,0.0,0.0,False
JR-SOURCE-r001,JR-DUAL-r001-R8-g0170,s-002,1000,7,10,e916084527277cd5ee243f49a2976f6a2da4f04d2fb6b188f3aee42062e99220,95ac4b81d706b514224e6091cb36805efae47a7c47d93a71beb27310a87c176b,2,2,False,0.03220600150447895,2395.849485316001,2759.445396379,363.5959110629992,True,32.897609591665,603,676,978,1151,0.0,0.0,False
JR-SOURCE-r001,JR-DUAL-r001-R8-g0170,s-003,200,4,10,100e5a47e0e2a634ff66de92f0e4c3a380b862c8f54f28b676d57cfbcce7068a,95ac4b81d706b514224e6091cb36805efae47a7c47d93a71beb27310a87c176b,2,2,False,0.04897559792996504,2611.0486650460043,2759.445396379,148.39673133299584,True,33.864385543563,709,676,1181,1151,0.0,0.0,False
JR-SOURCE-r001,JR-DUAL-r001-R8-g0170,s-003,200,7,10,e916084527277cd5ee243f49a2976f6a2da4f04d2fb6b188f3aee42062e99220,95ac4b81d706b514224e6091cb36805efae47a7c47d93a71beb27310a87c176b,2,2,False,0.03220600150447895,2395.849485316001,2759.445396379,363.5959110629992,True,32.897609591665,603,676,978,1151,0.0,0.0,False
JR-SOURCE-r001,JR-DUAL-r001-R8-g0170,s-003,1000,4,10,100e5a47e0e2a634ff66de92f0e4c3a380b862c8f54f28b676d57cfbcce7068a,95ac4b81d706b514224e6091cb36805efae47a7c47d93a71beb27310a87c176b,2,2,False,0.04897559792996504,2611.0486650460043,2759.445396379,148.39673133299584,True,33.864385543563,709,676,1181,1151,0.0,0.0,False
JR-SOURCE-r001,JR-DUAL-r001-R8-g0170,s-003,1000,7,10,e916084527277cd5ee243f49a2976f6a2da4f04d2fb6b188f3aee42062e99220,95ac4b81d706b514224e6091cb36805efae47a7c47d93a71beb27310a87c176b,2,2,False,0.03220600150447895,2395.849485316001,2759.445396379,363.5959110629992,True,32.897609591665,603,676,978,1151,0.0,0.0,False
JR-SOURCE-r001,JR-DUAL-r001-R8-g0170,s-004,200,1,7,202d81c0f8045141ebe518c08f0407d49fd03467026225bfdfa1e852e8972dbb,1cb9e7f5b60137c5fe7ba671c172e611d7529a7fa3528bccafb11dc6b86268db,2,2,False,0.041710904202714304,2301.5947160530013,2238.148062919001,-63.44665313400037,True,33.137298455402004,752,652,1169,1049,0.0,0.0,False
JR-SOURCE-r001,JR-DUAL-r001-R8-g0170,s-004,1000,1,7,202d81c0f8045141ebe518c08f0407d49fd03467026225bfdfa1e852e8972dbb,1cb9e7f5b60137c5fe7ba671c172e611d7529a7fa3528bccafb11dc6b86268db,2,2,False,0.041710904202714304,2301.5947160530013,2238.148062919001,-63.44665313400037,True,33.137298455402004,752,652,1169,1049,0.0,0.0,False
JR-SOURCE-r001,JR-DUAL-r001-R8-g0170,s-005,200,1,7,202d81c0f8045141ebe518c08f0407d49fd03467026225bfdfa1e852e8972dbb,1cb9e7f5b60137c5fe7ba671c172e611d7529a7fa3528bccafb11dc6b86268db,2,2,False,0.041710904202714304,2301.5947160530013,2238.148062919001,-63.44665313400037,True,33.137298455402004,752,652,1169,1049,0.0,0.0,False
JR-SOURCE-r001,JR-DUAL-r001-R8-g0170,s-005,1000,1,7,202d81c0f8045141ebe518c08f0407d49fd03467026225bfdfa1e852e8972dbb,1cb9e7f5b60137c5fe7ba671c172e611d7529a7fa3528bccafb11dc6b86268db,2,2,False,0.041710904202714304,2301.5947160530013,2238.148062919001,-63.44665313400037,True,33.137298455402004,752,652,1169,1049,0.0,0.0,False
JR-SOURCE-r001,JR-DUAL-r001-R8-g0170,s-008,200,4,10,408d79cb1cdf2416eab68aaec672832c48a365cbef89517076666006a3df3140,b4d029d104eda2857e6273259f936694b0b1f9dbba97c5dcfde2ca79ca312d87,2,2,False,0.03627910320780548,2611.0486650460007,2843.5527257789945,232.50406073299382,True,34.043614671712,711,673,1194,1156,0.0,0.0,False
JR-SOURCE-r001,JR-DUAL-r001-R8-g0170,s-008,1000,4,10,408d79cb1cdf2416eab68aaec672832c48a365cbef89517076666006a3df3140,b4d029d104eda2857e6273259f936694b0b1f9dbba97c5dcfde2ca79ca312d87,2,2,False,0.03627910320780548,2611.0486650460007,2843.5527257789945,232.50406073299382,True,34.043614671712,711,673,1194,1156,0.0,0.0,False
JR-SOURCE-r001,JR-DUAL-r001-R8-g0170,s-009,1000,4,10,408d79cb1cdf2416eab68aaec672832c48a365cbef89517076666006a3df3140,b4d029d104eda2857e6273259f936694b0b1f9dbba97c5dcfde2ca79ca312d87,2,2,False,0.04801253029332918,2611.0486650460007,2843.5527257789945,232.50406073299382,True,34.043614671712,711,673,1194,1156,0.0,0.0,False
JR-SOURCE-r001,JR-DUAL-r001-R12-g0340,s-000,200,4,7,2238cd2c68c6ee6a8944bfd0935b92dff0514ef275aa5017efbb28ab7999b955,ed87c1fa0e7978ac8d501ced370f9f971880fc8d02c303a5978b7c3418df1064,2,2,False,0.03554804663979292,478.5966179370007,2378.2533912340004,1899.6567732969997,True,31.930836720715,676,547,1252,987,0.0,0.0,False
JR-SOURCE-r001,JR-DUAL-r001-R12-g0340,s-000,1000,4,7,2238cd2c68c6ee6a8944bfd0935b92dff0514ef275aa5017efbb28ab7999b955,ed87c1fa0e7978ac8d501ced370f9f971880fc8d02c303a5978b7c3418df1064,2,2,False,0.03554804663979292,478.5966179370007,2378.2533912340004,1899.6567732969997,True,31.930836720715,676,547,1252,987,0.0,0.0,False
JR-SOURCE-r001,JR-DUAL-r001-R12-g0340,s-001,1000,4,7,2238cd2c68c6ee6a8944bfd0935b92dff0514ef275aa5017efbb28ab7999b955,ed87c1fa0e7978ac8d501ced370f9f971880fc8d02c303a5978b7c3418df1064,2,2,False,0.03554804663979292,478.5966179370007,2378.2533912340004,1899.6567732969997,True,31.930836720715,676,547,1252,987,0.0,0.0,False
JR-SOURCE-r001,JR-DUAL-r001-R12-g0340,s-001,200,4,7,2238cd2c68c6ee6a8944bfd0935b92dff0514ef275aa5017efbb28ab7999b955,ed87c1fa0e7978ac8d501ced370f9f971880fc8d02c303a5978b7c3418df1064,2,2,False,0.03554804663979292,478.5966179370007,2378.2533912340004,1899.6567732969997,True,31.930836720715,676,547,1252,987,0.0,0.0,False
JR-SOURCE-r001,JR-DUAL-r001-R8-g0340,s-010,200,3,6,12360a177000620e7a74c5097b405d6f35ca531f33f112f2f0d482aea9ae71d2,26c29af97beb11747e13a595236be78ac6c55bde861d09db225784dcf95d6f14,2,2,False,0.04888684216554665,1595.6344927400005,1416.9791843519997,-178.65530838800078,True,11.013557919385,138,162,218,241,0.0,0.0,False
JR-SOURCE-r001,JR-DUAL-r001-R8-g0340,s-010,1000,3,6,12360a177000620e7a74c5097b405d6f35ca531f33f112f2f0d482aea9ae71d2,26c29af97beb11747e13a595236be78ac6c55bde861d09db225784dcf95d6f14,2,2,False,0.04888684216554665,1595.6344927400005,1416.9791843519997,-178.65530838800078,True,11.013557919385,138,162,218,241,0.0,0.0,False
JR-SOURCE-r001,JR-DUAL-r001-R8-g0340,s-011,200,3,6,12360a177000620e7a74c5097b405d6f35ca531f33f112f2f0d482aea9ae71d2,26c29af97beb11747e13a595236be78ac6c55bde861d09db225784dcf95d6f14,2,2,False,0.04888684216554665,1595.6344927400005,1416.9791843519997,-178.65530838800078,True,11.013557919385,138,162,218,241,0.0,0.0,False
JR-SOURCE-r001,JR-DUAL-r001-R8-g0340,s-011,1000,3,6,12360a177000620e7a74c5097b405d6f35ca531f33f112f2f0d482aea9ae71d2,26c29af97beb11747e13a595236be78ac6c55bde861d09db225784dcf95d6f14,2,2,False,0.04888684216554665,1595.6344927400005,1416.9791843519997,-178.65530838800078,True,11.013557919385,138,162,218,241,0.0,0.0,False
JR-SOURCE-r001,JR-DUAL-r001-R12-g0680,s-000,200,1,4,f208d6cc7bd29f5c69a7abbc31f2325e62000f585d2daf1b9c7bc277c7326cef,80223906dd57ae152fc8743c350a998b9f93fa59b04b856464480065a1362e46,2,2,False,0.04746691111286908,539.4824975570009,852.1824966289932,312.69999907199235,True,33.40400096105,892,771,1647,1366,0.0,0.0,False
JR-SOURCE-r001,JR-DUAL-r001-R12-g0680,s-000,200,3,6,67556d48f1971e247a495382c48d5fdac935f7966be2c4282ebe8e9855488f4c,7ae5f30cffaa3063e3bb8dceff80555489d13cb211d1071266512b1718d27df2,2,2,False,0.0326467186792177,1443.8541956110003,1420.6430818410008,-23.21111376999943,True,9.334816825731002,292,290,403,392,0.0,0.0,False
JR-SOURCE-r001,JR-DUAL-r001-R12-g0680,s-000,200,3,9,67556d48f1971e247a495382c48d5fdac935f7966be2c4282ebe8e9855488f4c,5eaf93f0a4dbb505dd335828546bbee6eedc1f3f039adda173ffca4c589857f6,2,2,False,0.018367355350346563,1443.8541956110003,1542.8949546439999,99.04075903299963,True,9.334816825731002,292,264,403,369,0.0,0.0,False
JR-SOURCE-r001,JR-DUAL-r001-R12-g0680,s-000,200,6,9,7ae5f30cffaa3063e3bb8dceff80555489d13cb211d1071266512b1718d27df2,5eaf93f0a4dbb505dd335828546bbee6eedc1f3f039adda173ffca4c589857f6,2,2,False,0.037644276944224786,1420.6430818410008,1542.8949546439999,122.25187280299906,True,9.303530601356,290,264,392,369,0.0,0.0,False
JR-SOURCE-r001,JR-DUAL-r001-R12-g0680,s-000,1000,1,4,f208d6cc7bd29f5c69a7abbc31f2325e62000f585d2daf1b9c7bc277c7326cef,80223906dd57ae152fc8743c350a998b9f93fa59b04b856464480065a1362e46,2,2,False,0.04746691111286908,539.4824975570009,852.1824966289932,312.69999907199235,True,33.40400096105,892,771,1647,1366,0.0,0.0,False
JR-SOURCE-r001,JR-DUAL-r001-R12-g0680,s-000,1000,3,6,67556d48f1971e247a495382c48d5fdac935f7966be2c4282ebe8e9855488f4c,7ae5f30cffaa3063e3bb8dceff80555489d13cb211d1071266512b1718d27df2,2,2,False,0.0326467186792177,1443.8541956110003,1420.6430818410008,-23.21111376999943,True,9.334816825731002,292,290,403,392,0.0,0.0,False
JR-SOURCE-r001,JR-DUAL-r001-R12-g0680,s-000,1000,3,9,67556d48f1971e247a495382c48d5fdac935f7966be2c4282ebe8e9855488f4c,5eaf93f0a4dbb505dd335828546bbee6eedc1f3f039adda173ffca4c589857f6,2,2,False,0.018367355350346563,1443.8541956110003,1542.8949546439999,99.04075903299963,True,9.334816825731002,292,264,403,369,0.0,0.0,False
JR-SOURCE-r001,JR-DUAL-r001-R12-g0680,s-000,1000,6,9,7ae5f30cffaa3063e3bb8dceff80555489d13cb211d1071266512b1718d27df2,5eaf93f0a4dbb505dd335828546bbee6eedc1f3f039adda173ffca4c589857f6,2,2,False,0.037644276944224786,1420.6430818410008,1542.8949546439999,122.25187280299906,True,9.303530601356,290,264,392,369,0.0,0.0,False
JR-SOURCE-r001,JR-DUAL-r001-R12-g0680,s-001,1000,1,4,f208d6cc7bd29f5c69a7abbc31f2325e62000f585d2daf1b9c7bc277c7326cef,80223906dd57ae152fc8743c350a998b9f93fa59b04b856464480065a1362e46,2,2,False,0.04746691111286908,539.4824975570009,852.1824966289932,312.69999907199235,True,33.40400096105,892,771,1647,1366,0.0,0.0,False
JR-SOURCE-r001,JR-DUAL-r001-R12-g0680,s-001,1000,3,6,67556d48f1971e247a495382c48d5fdac935f7966be2c4282ebe8e9855488f4c,7ae5f30cffaa3063e3bb8dceff80555489d13cb211d1071266512b1718d27df2,2,2,False,0.0326467186792177,1443.8541956110003,1420.6430818410008,-23.21111376999943,True,9.334816825731002,292,290,403,392,0.0,0.0,False
JR-SOURCE-r001,JR-DUAL-r001-R12-g0680,s-001,1000,3,9,67556d48f1971e247a495382c48d5fdac935f7966be2c4282ebe8e9855488f4c,5eaf93f0a4dbb505dd335828546bbee6eedc1f3f039adda173ffca4c589857f6,2,2,False,0.018367355350346563,1443.8541956110003,1542.8949546439999,99.04075903299963,True,9.334816825731002,292,264,403,369,0.0,0.0,False
JR-SOURCE-r001,JR-DUAL-r001-R12-g0680,s-001,1000,6,9,7ae5f30cffaa3063e3bb8dceff80555489d13cb211d1071266512b1718d27df2,5eaf93f0a4dbb505dd335828546bbee6eedc1f3f039adda173ffca4c589857f6,2,2,False,0.037644276944224786,1420.6430818410008,1542.8949546439999,122.25187280299906,True,9.303530601356,290,264,392,369,0.0,0.0,False
JR-SOURCE-r001,JR-DUAL-r001-R12-g0680,s-001,200,1,4,f208d6cc7bd29f5c69a7abbc31f2325e62000f585d2daf1b9c7bc277c7326cef,80223906dd57ae152fc8743c350a998b9f93fa59b04b856464480065a1362e46,2,2,False,0.04746691111286908,539.4824975570009,852.1824966289932,312.69999907199235,True,33.40400096105,892,771,1647,1366,0.0,0.0,False
JR-SOURCE-r001,JR-DUAL-r001-R12-g0680,s-001,200,3,6,67556d48f1971e247a495382c48d5fdac935f7966be2c4282ebe8e9855488f4c,7ae5f30cffaa3063e3bb8dceff80555489d13cb211d1071266512b1718d27df2,2,2,False,0.0326467186792177,1443.8541956110003,1420.6430818410008,-23.21111376999943,True,9.334816825731002,292,290,403,392,0.0,0.0,False
JR-SOURCE-r001,JR-DUAL-r001-R12-g0680,s-001,200,3,9,67556d48f1971e247a495382c48d5fdac935f7966be2c4282ebe8e9855488f4c,5eaf93f0a4dbb505dd335828546bbee6eedc1f3f039adda173ffca4c589857f6,2,2,False,0.018367355350346563,1443.8541956110003,1542.8949546439999,99.04075903299963,True,9.334816825731002,292,264,403,369,0.0,0.0,False
JR-SOURCE-r001,JR-DUAL-r001-R12-g0680,s-001,200,6,9,7ae5f30cffaa3063e3bb8dceff80555489d13cb211d1071266512b1718d27df2,5eaf93f0a4dbb505dd335828546bbee6eedc1f3f039adda173ffca4c589857f6,2,2,False,0.037644276944224786,1420.6430818410008,1542.8949546439999,122.25187280299906,True,9.303530601356,290,264,392,369,0.0,0.0,False
JR-SOURCE-r001,JR-DUAL-r001-R12-g0680,s-002,200,3,9,b8250b1bacebe387a4c47b39c193abd850ea90e5352bdf0b994d7c95460b119a,bfbbdd6fbc453fe3398af39bb1423bda777fdf0c00c443c3b3da3b5496cd4cf9,2,2,False,0.04050202986031166,1579.7514585730005,1542.8949546439999,-36.85650392900061,True,9.581866669673,281,259,387,361,0.0,0.0,False
JR-SOURCE-r001,JR-DUAL-r001-R12-g0680,s-002,200,6,9,eca91008aa669da49098bb8706d8adb9197495f15a44e0e51d7bd9c6bed0c323,bfbbdd6fbc453fe3398af39bb1423bda777fdf0c00c443c3b3da3b5496cd4cf9,2,2,False,0.03348974779107389,1373.1576278730008,1542.8949546439999,169.73732677099906,True,9.281092346422,262,259,366,361,0.0,0.0,False
JR-SOURCE-r001,JR-DUAL-r001-R12-g0680,s-002,1000,3,9,b8250b1bacebe387a4c47b39c193abd850ea90e5352bdf0b994d7c95460b119a,bfbbdd6fbc453fe3398af39bb1423bda777fdf0c00c443c3b3da3b5496cd4cf9,2,2,False,0.04050202986031166,1579.7514585730005,1542.8949546439999,-36.85650392900061,True,9.581866669673,281,259,387,361,0.0,0.0,False
JR-SOURCE-r001,JR-DUAL-r001-R12-g0680,s-002,1000,6,9,eca91008aa669da49098bb8706d8adb9197495f15a44e0e51d7bd9c6bed0c323,bfbbdd6fbc453fe3398af39bb1423bda777fdf0c00c443c3b3da3b5496cd4cf9,2,2,False,0.03348974779107389,1373.1576278730008,1542.8949546439999,169.73732677099906,True,9.281092346422,262,259,366,361,0.0,0.0,False
JR-SOURCE-r001,JR-DUAL-r001-R12-g0680,s-003,200,3,9,b8250b1bacebe387a4c47b39c193abd850ea90e5352bdf0b994d7c95460b119a,bfbbdd6fbc453fe3398af39bb1423bda777fdf0c00c443c3b3da3b5496cd4cf9,2,2,False,0.04050202986031166,1579.7514585730005,1542.8949546439999,-36.85650392900061,True,9.581866669673,281,259,387,361,0.0,0.0,False
JR-SOURCE-r001,JR-DUAL-r001-R12-g0680,s-003,200,6,9,eca91008aa669da49098bb8706d8adb9197495f15a44e0e51d7bd9c6bed0c323,bfbbdd6fbc453fe3398af39bb1423bda777fdf0c00c443c3b3da3b5496cd4cf9,2,2,False,0.03348974779107389,1373.1576278730008,1542.8949546439999,169.73732677099906,True,9.281092346422,262,259,366,361,0.0,0.0,False
JR-SOURCE-r001,JR-DUAL-r001-R12-g0680,s-003,1000,3,9,b8250b1bacebe387a4c47b39c193abd850ea90e5352bdf0b994d7c95460b119a,bfbbdd6fbc453fe3398af39bb1423bda777fdf0c00c443c3b3da3b5496cd4cf9,2,2,False,0.04050202986031166,1579.7514585730005,1542.8949546439999,-36.85650392900061,True,9.581866669673,281,259,387,361,0.0,0.0,False
JR-SOURCE-r001,JR-DUAL-r001-R12-g0680,s-003,1000,6,9,eca91008aa669da49098bb8706d8adb9197495f15a44e0e51d7bd9c6bed0c323,bfbbdd6fbc453fe3398af39bb1423bda777fdf0c00c443c3b3da3b5496cd4cf9,2,2,False,0.03348974779107389,1373.1576278730008,1542.8949546439999,169.73732677099906,True,9.281092346422,262,259,366,361,0.0,0.0,False
JR-SOURCE-r001,JR-DUAL-r001-R12-g0680,s-004,200,3,6,b28f8a25c8ebe3892b4e840c09ecfb7e8e21f904053910a56d4781fac7291835,7ecb45be690fa0f05c01febaeaf79243c1e26786cb93b7a3df8f7b31dc6e2904,2,2,False,0.0430444314625362,1230.6327892509998,1373.1576278730008,142.52483862200097,True,9.197056209536001,245,257,347,360,0.0,0.0,False
JR-SOURCE-r001,JR-DUAL-r001-R12-g0680,s-004,200,6,9,7ecb45be690fa0f05c01febaeaf79243c1e26786cb93b7a3df8f7b31dc6e2904,af7402e7e71bb8d555029fb2113f5fd1c0fdf6e864618c263a3113bbc00bf86c,2,2,False,0.028058975011352922,1373.1576278730008,1645.6172367049985,272.4596088319977,True,9.055222522199,257,255,360,356,0.0,0.0,False
JR-SOURCE-r001,JR-DUAL-r001-R12-g0680,s-004,1000,3,6,b28f8a25c8ebe3892b4e840c09ecfb7e8e21f904053910a56d4781fac7291835,7ecb45be690fa0f05c01febaeaf79243c1e26786cb93b7a3df8f7b31dc6e2904,2,2,False,0.0430444314625362,1230.6327892509998,1373.1576278730008,142.52483862200097,True,9.197056209536001,245,257,347,360,0.0,0.0,False
JR-SOURCE-r001,JR-DUAL-r001-R12-g0680,s-004,1000,6,9,7ecb45be690fa0f05c01febaeaf79243c1e26786cb93b7a3df8f7b31dc6e2904,af7402e7e71bb8d555029fb2113f5fd1c0fdf6e864618c263a3113bbc00bf86c,2,2,False,0.028058975011352922,1373.1576278730008,1645.6172367049985,272.4596088319977,True,9.055222522199,257,255,360,356,0.0,0.0,False
JR-SOURCE-r001,JR-DUAL-r001-R12-g0680,s-005,200,3,6,b28f8a25c8ebe3892b4e840c09ecfb7e8e21f904053910a56d4781fac7291835,7ecb45be690fa0f05c01febaeaf79243c1e26786cb93b7a3df8f7b31dc6e2904,2,2,False,0.0430444314625362,1230.6327892509998,1373.1576278730008,142.52483862200097,True,9.197056209536001,245,257,347,360,0.0,0.0,False
JR-SOURCE-r001,JR-DUAL-r001-R12-g0680,s-005,200,6,9,7ecb45be690fa0f05c01febaeaf79243c1e26786cb93b7a3df8f7b31dc6e2904,af7402e7e71bb8d555029fb2113f5fd1c0fdf6e864618c263a3113bbc00bf86c,2,2,False,0.028058975011352922,1373.1576278730008,1645.6172367049985,272.4596088319977,True,9.055222522199,257,255,360,356,0.0,0.0,False
JR-SOURCE-r001,JR-DUAL-r001-R12-g0680,s-005,1000,3,6,b28f8a25c8ebe3892b4e840c09ecfb7e8e21f904053910a56d4781fac7291835,7ecb45be690fa0f05c01febaeaf79243c1e26786cb93b7a3df8f7b31dc6e2904,2,2,False,0.0430444314625362,1230.6327892509998,1373.1576278730008,142.52483862200097,True,9.197056209536001,245,257,347,360,0.0,0.0,False
JR-SOURCE-r001,JR-DUAL-r001-R12-g0680,s-005,1000,6,9,7ecb45be690fa0f05c01febaeaf79243c1e26786cb93b7a3df8f7b31dc6e2904,af7402e7e71bb8d555029fb2113f5fd1c0fdf6e864618c263a3113bbc00bf86c,2,2,False,0.028058975011352922,1373.1576278730008,1645.6172367049985,272.4596088319977,True,9.055222522199,257,255,360,356,0.0,0.0,False
JR-SOURCE-r001,JR-DUAL-r001-R12-g0680,s-010,200,7,10,3a7bfd6e093719fd75a8a27df365de6dc1658a3d78e15f9348236fcbf37b250f,bfb7d61e54d114e7550e8df77dabeb642d1a35bf46d33ae94db7d0e991153334,2,2,False,0.0448665453090102,1653.9674133960034,1788.5676899379978,134.6002765419944,True,35.074846522703005,848,725,1357,992,0.0,0.0,False
JR-SOURCE-r001,JR-DUAL-r001-R12-g0680,s-010,1000,7,10,3a7bfd6e093719fd75a8a27df365de6dc1658a3d78e15f9348236fcbf37b250f,bfb7d61e54d114e7550e8df77dabeb642d1a35bf46d33ae94db7d0e991153334,2,2,False,0.0448665453090102,1653.9674133960034,1788.5676899379978,134.6002765419944,True,35.074846522703005,848,725,1357,992,0.0,0.0,False
JR-SOURCE-r001,JR-DUAL-r001-R12-g0680,s-011,200,7,10,3a7bfd6e093719fd75a8a27df365de6dc1658a3d78e15f9348236fcbf37b250f,bfb7d61e54d114e7550e8df77dabeb642d1a35bf46d33ae94db7d0e991153334,2,2,False,0.0448665453090102,1653.9674133960034,1788.5676899379978,134.6002765419944,True,35.074846522703005,848,725,1357,992,0.0,0.0,False
JR-SOURCE-r001,JR-DUAL-r001-R12-g0680,s-011,1000,7,10,3a7bfd6e093719fd75a8a27df365de6dc1658a3d78e15f9348236fcbf37b250f,bfb7d61e54d114e7550e8df77dabeb642d1a35bf46d33ae94db7d0e991153334,2,2,False,0.0448665453090102,1653.9674133960034,1788.5676899379978,134.6002765419944,True,35.074846522703005,848,725,1357,992,0.0,0.0,False
JR-SOURCE-r001,JR-DUAL-r001-R8-g0680,s-000,200,1,10,f8e43d4518725ff17436cc7c326108b9d4e2323c7d34cb12cdcd907df4b77586,f8689f8dfba4eb123c0eba91a004808f102ad7839d00c4b8f04d99b8b0659c33,2,2,False,0.049542280040806096,799.4201505029996,1810.6945401109988,1011.2743896079992,True,38.281621792569,898,787,1356,1021,0.0,0.0,False
JR-SOURCE-r001,JR-DUAL-r001-R8-g0680,s-000,1000,1,10,f8e43d4518725ff17436cc7c326108b9d4e2323c7d34cb12cdcd907df4b77586,f8689f8dfba4eb123c0eba91a004808f102ad7839d00c4b8f04d99b8b0659c33,2,2,False,0.049542280040806096,799.4201505029996,1810.6945401109988,1011.2743896079992,True,38.281621792569,898,787,1356,1021,0.0,0.0,False
JR-SOURCE-r001,JR-DUAL-r001-R8-g0680,s-001,1000,1,10,f8e43d4518725ff17436cc7c326108b9d4e2323c7d34cb12cdcd907df4b77586,f8689f8dfba4eb123c0eba91a004808f102ad7839d00c4b8f04d99b8b0659c33,2,2,False,0.049542280040806096,799.4201505029996,1810.6945401109988,1011.2743896079992,True,38.281621792569,898,787,1356,1021,0.0,0.0,False
JR-SOURCE-r001,JR-DUAL-r001-R8-g0680,s-001,200,1,10,f8e43d4518725ff17436cc7c326108b9d4e2323c7d34cb12cdcd907df4b77586,f8689f8dfba4eb123c0eba91a004808f102ad7839d00c4b8f04d99b8b0659c33,2,2,False,0.049542280040806096,799.4201505029996,1810.6945401109988,1011.2743896079992,True,38.281621792569,898,787,1356,1021,0.0,0.0,False
JR-SOURCE-r001,JR-DUAL-r001-R8-g0680,s-002,200,1,7,d7686d073a2f5be2caca47ca44caff883d164e2bc7e73d8a3276fbb229f1874d,943062decdf94d6df75fb99081a3c6b268931d95b2b8f6e97ed320231e6eb0b0,2,2,False,0.0446742757236509,479.6733649430025,828.8323481929983,349.1589832499958,True,39.050627817482,900,779,1345,1192,0.0,0.0,False
JR-SOURCE-r001,JR-DUAL-r001-R8-g0680,s-002,1000,1,7,d7686d073a2f5be2caca47ca44caff883d164e2bc7e73d8a3276fbb229f1874d,943062decdf94d6df75fb99081a3c6b268931d95b2b8f6e97ed320231e6eb0b0,2,2,False,0.0446742757236509,479.6733649430025,828.8323481929983,349.1589832499958,True,39.050627817482,900,779,1345,1192,0.0,0.0,False
JR-SOURCE-r001,JR-DUAL-r001-R8-g0680,s-003,1000,1,7,d7686d073a2f5be2caca47ca44caff883d164e2bc7e73d8a3276fbb229f1874d,943062decdf94d6df75fb99081a3c6b268931d95b2b8f6e97ed320231e6eb0b0,2,2,False,0.0446742757236509,479.6733649430025,828.8323481929983,349.1589832499958,True,39.050627817482,900,779,1345,1192,0.0,0.0,False
JR-SOURCE-r001,JR-DUAL-r001-R8-g0680,s-008,200,1,4,f4c76b4765cb235ea472e63342d0f73ef3609fa7b35b3f349d94fe5daba09321,8eefd479c3dc17be139bdb7bf9a1f7a97bacfe093c7a96d16d4bbc41750fb17a,2,2,False,0.035752071159490244,670.0034681950056,945.0097330029967,275.0062648079911,True,39.073304402668995,914,865,1376,1370,0.0,0.0,False
JR-SOURCE-r001,JR-DUAL-r001-R8-g0680,s-008,200,1,7,f4c76b4765cb235ea472e63342d0f73ef3609fa7b35b3f349d94fe5daba09321,3cccf0864552def8c85a80c9ff06ad1bc594db6a4a207099db66f4e18829dd3a,2,2,False,0.037333914046370174,670.0034681950056,828.8323481929983,158.82887999799277,True,39.049833170038,914,786,1376,1188,0.0,0.0,False
JR-SOURCE-r001,JR-DUAL-r001-R8-g0680,s-008,1000,1,4,f4c76b4765cb235ea472e63342d0f73ef3609fa7b35b3f349d94fe5daba09321,8eefd479c3dc17be139bdb7bf9a1f7a97bacfe093c7a96d16d4bbc41750fb17a,2,2,False,0.035752071159490244,670.0034681950056,945.0097330029967,275.0062648079911,True,39.073304402668995,914,865,1376,1370,0.0,0.0,False
JR-SOURCE-r001,JR-DUAL-r001-R8-g0680,s-008,1000,1,7,f4c76b4765cb235ea472e63342d0f73ef3609fa7b35b3f349d94fe5daba09321,3cccf0864552def8c85a80c9ff06ad1bc594db6a4a207099db66f4e18829dd3a,2,2,False,0.037333914046370174,670.0034681950056,828.8323481929983,158.82887999799277,True,39.049833170038,914,786,1376,1188,0.0,0.0,False
JR-SOURCE-r001,JR-DUAL-r001-R8-g0680,s-009,200,1,7,f4c76b4765cb235ea472e63342d0f73ef3609fa7b35b3f349d94fe5daba09321,3cccf0864552def8c85a80c9ff06ad1bc594db6a4a207099db66f4e18829dd3a,2,2,False,0.037333914046370174,670.0034681950056,828.8323481929983,158.82887999799277,True,39.049833170038,914,786,1376,1188,0.0,0.0,False
JR-SOURCE-r001,JR-DUAL-r001-R8-g0680,s-009,1000,1,7,f4c76b4765cb235ea472e63342d0f73ef3609fa7b35b3f349d94fe5daba09321,3cccf0864552def8c85a80c9ff06ad1bc594db6a4a207099db66f4e18829dd3a,2,2,False,0.037333914046370174,670.0034681950056,828.8323481929983,158.82887999799277,True,39.049833170038,914,786,1376,1188,0.0,0.0,False
JR-SOURCE-r001,JR-DUAL-r001-R8-g0680,s-010,200,1,7,6d1dcab32bc7a7e08f428ebebb8f7830315579ff67c2b53fd19be53039a82d36,943062decdf94d6df75fb99081a3c6b268931d95b2b8f6e97ed320231e6eb0b0,2,2,False,0.035276146059538674,477.88949499299633,828.8323481929983,350.942853200002,True,39.050627817482,904,779,1347,1192,0.0,0.0,False
JR-SOURCE-r001,JR-DUAL-r001-R8-g0680,s-010,1000,1,7,6d1dcab32bc7a7e08f428ebebb8f7830315579ff67c2b53fd19be53039a82d36,943062decdf94d6df75fb99081a3c6b268931d95b2b8f6e97ed320231e6eb0b0,2,2,False,0.035276146059538674,477.88949499299633,828.8323481929983,350.942853200002,True,39.050627817482,904,779,1347,1192,0.0,0.0,False
JR-SOURCE-r001,JR-DUAL-r001-R8-g0680,s-011,200,1,7,6d1dcab32bc7a7e08f428ebebb8f7830315579ff67c2b53fd19be53039a82d36,943062decdf94d6df75fb99081a3c6b268931d95b2b8f6e97ed320231e6eb0b0,2,2,False,0.035276146059538674,477.88949499299633,828.8323481929983,350.942853200002,True,39.050627817482,904,779,1347,1192,0.0,0.0,False
JR-SOURCE-r001,JR-DUAL-r001-R8-g0680,s-011,1000,1,7,6d1dcab32bc7a7e08f428ebebb8f7830315579ff67c2b53fd19be53039a82d36,943062decdf94d6df75fb99081a3c6b268931d95b2b8f6e97ed320231e6eb0b0,2,2,False,0.035276146059538674,477.88949499299633,828.8323481929983,350.942853200002,True,39.050627817482,904,779,1347,1192,0.0,0.0,False
