method,deadline_seconds,original_graphs,retained_units,failed_units,strict_return_relative_gain,source_available_relative_gain,common_prefix_relative_gain,source_extra_above_prefix_relative_gain,returned_prefix_component_relative_gain,returned_extra_above_prefix_relative_gain,recorded_deadline_miss_rate,failed_rate,unavailable_rate,mean_actual_native_calls,mean_source_admitted_native_calls,mean_valid_native_returns,mean_native_returns_above_actual_warm,observed_latency_graph_mass,mean_actual_caller_latency_seconds,observed_actual_caller_latency_mean_seconds,menu_strict_return_relative_gain,menu_returned_extra_above_prefix_relative_gain,resource_strict_return_relative_gain,resource_returned_extra_above_prefix_relative_gain
ResidualCapacity,0.139,24,72,0,0.748874547436898,2.3426581299144567,2.3426581299144567,0.0,0.748874547436898,0.0,0.861111111111111,0.0,0.0,0.6574074074074073,0.0,0.6574074074074073,0.0,1.0,0.24016535240742895,0.24016535240742895,1.4977490948737961,0.0,0.0,0.0
ResidualFreeOccupancy,0.139,24,72,0,0.7675927101941012,2.3426581299144567,2.3426581299144567,0.0,0.7675927101941012,0.0,0.861111111111111,0.0,0.0,0.6666666666666666,0.0,0.6666666666666666,0.0,1.0,0.23996274587180877,0.23996274587180877,1.5351854203882027,0.0,0.0,0.0
ResidualNoAux,0.139,24,72,0,0.8040584524195414,2.3426581299144567,2.3426581299144567,0.0,0.8040584524195414,0.0,0.8518518518518519,0.0,0.0,0.6574074074074073,0.0,0.6574074074074073,0.0,1.0,0.2399673090074901,0.2399673090074901,1.6081169048390829,0.0,0.0,0.0
ResidualNoWarmMembership,0.139,24,72,0,0.7193947164688538,2.3426581299144567,2.3426581299144567,0.0,0.7193947164688538,0.0,0.8703703703703703,0.0,0.0,0.6481481481481481,0.0,0.6481481481481481,0.0,1.0,0.23841211789598066,0.23841211789598066,1.4387894329377076,0.0,0.0,0.0
ResidualCheapSummary,0.139,24,72,0,0.7383375024350287,2.3426581299144567,2.3426581299144567,0.0,0.7383375024350287,0.0,0.861111111111111,0.0,0.0,0.6666666666666666,0.0,0.6666666666666666,0.0,1.0,0.2298079726320726,0.2298079726320726,1.4766750048700574,0.0,0.0,0.0
Immediate,0.139,24,24,0,0.21106778106264482,2.3426581299144567,2.3426581299144567,0.0,0.21106778106264482,0.0,0.9444444444444444,0.0,0.0,1.25,0.3055555555555555,1.25,0.0,1.0,0.2321828477498558,0.2321828477498558,0.42213556212528963,0.0,0.0,0.0
Upper,0.139,24,24,0,1.0804013932344478,2.3426581299144567,2.3426581299144567,0.0,1.0804013932344478,0.0,0.7777777777777777,0.0,0.0,0.6666666666666666,0.0,0.6666666666666666,0.0,1.0,0.21750210256626207,0.21750210256626207,2.1608027864688957,0.0,0.0,0.0
P1,0.139,24,24,0,0.783098098284836,2.3426581299144567,2.3426581299144567,0.0,0.783098098284836,0.0,0.861111111111111,0.0,0.0,0.6666666666666666,0.0,0.6666666666666666,0.0,1.0,0.2304590031918552,0.2304590031918552,1.5661961965696722,0.0,0.0,0.0
Lower,0.139,24,24,0,0.21106778106264482,2.3426581299144567,2.3426581299144567,0.0,0.21106778106264482,0.0,0.9444444444444444,0.0,0.0,1.1388888888888888,0.19444444444444442,1.1388888888888888,0.0,1.0,0.23443833117683727,0.23443833117683727,0.42213556212528963,0.0,0.0,0.0
RoundRobin,0.139,24,24,0,0.21106778106264482,2.3426581299144567,2.3426581299144567,0.0,0.21106778106264482,0.0,0.9444444444444444,0.0,0.0,1.1388888888888888,0.19444444444444442,1.1388888888888888,0.0,1.0,0.23092114428679147,0.23092114428679147,0.42213556212528963,0.0,0.0,0.0
AnytimeGreedyPortfolio,0.139,24,24,0,2.3426581299144567,2.3426581299144567,2.3426581299144567,0.0,2.3426581299144567,0.0,0.0,0.0,0.0,0.0,0.0,0.0,0.0,1.0,0.035020994436409734,0.035020994436409734,4.5254070927638095,0.0,0.15990916706510463,0.0
ResidualCapacity,0.556,24,72,0,0.5754242284148059,2.3426581299144567,2.3426581299144567,0.0,0.5754242284148059,0.0,0.8333333333333333,0.0,0.0,2.75,1.9166666666666665,2.75,0.0,1.0,0.6417736897796944,0.6417736897796944,1.1439461802787145,0.0,0.006902276550897383,0.0
ResidualFreeOccupancy,0.556,24,72,0,0.4309932403187887,2.3430737918769045,2.3426581299144567,0.00041566196244766573,0.4309932403187887,0.0,0.8888888888888888,0.0,0.0,2.814814814814815,1.9259259259259258,2.814814814814815,0.05555555555555555,1.0,0.6502247819056113,0.6502247819056113,0.8619864806375775,0.0,0.0,0.0
ResidualNoAux,0.556,24,72,0,0.5179925275291308,2.3426581299144567,2.3426581299144567,0.0,0.5179925275291308,0.0,0.8425925925925926,0.0,0.0,2.75,1.9074074074074072,2.75,0.0,1.0,0.6424031719841339,0.6424031719841339,1.0239516501725276,0.0,0.012033404885734088,0.0
ResidualNoWarmMembership,0.556,24,72,0,0.6931763245112278,2.3426581299144567,2.3426581299144567,0.0,0.6931763245112278,0.0,0.8333333333333333,0.0,0.0,2.75,1.9166666666666665,2.75,0.0,1.0,0.641765385693698,0.641765385693698,1.3863526490224558,0.0,0.0,0.0
ResidualCheapSummary,0.556,24,72,0,0.9466481285151892,2.3426581299144567,2.3426581299144567,0.0,0.9466481285151892,0.0,0.8055555555555555,0.0,0.0,2.824074074074074,2.0370370370370368,2.824074074074074,0.0,1.0,0.644545739930537,0.644545739930537,1.8932962570303786,0.0,0.0,0.0
Immediate,0.556,24,24,0,0.21106778106264482,2.3426581299144567,2.3426581299144567,0.0,0.21106778106264482,0.0,0.9444444444444444,0.0,0.0,3.8611111111111107,2.9166666666666665,3.8611111111111107,0.0,1.0,0.6343611826499302,0.6343611826499302,0.42213556212528963,0.0,0.0,0.0
Upper,0.556,24,24,0,0.43078243334209343,2.3426581299144567,2.3426581299144567,0.0,0.43078243334209343,0.0,0.8888888888888888,0.0,0.0,3.0277777777777777,2.138888888888889,3.0277777777777777,0.0,1.0,0.6418101876560185,0.6418101876560185,0.8615648666841869,0.0,0.0,0.0
P1,0.556,24,24,0,0.5690898673681981,2.3426581299144567,2.3426581299144567,0.0,0.5690898673681981,0.0,0.8888888888888888,0.0,0.0,3.6666666666666665,2.8055555555555554,3.6666666666666665,0.0,1.0,0.6478099811615216,0.6478099811615216,1.1381797347363962,0.0,0.0,0.0
Lower,0.556,24,24,0,0.0,2.3426581299144567,2.3426581299144567,0.0,0.0,0.0,1.0,0.0,0.0,3.194444444444444,2.194444444444444,3.194444444444444,0.0,1.0,0.6505978147809703,0.6505978147809703,0.0,0.0,0.0,0.0
RoundRobin,0.556,24,24,0,0.13347913839248166,2.3426581299144567,2.3426581299144567,0.0,0.13347913839248166,0.0,0.9722222222222222,0.0,0.0,3.583333333333333,2.611111111111111,3.583333333333333,0.0,1.0,0.6356217908776468,0.6356217908776468,0.2669582767849633,0.0,0.0,0.0
AnytimeGreedyPortfolio,0.556,24,24,0,2.3426581299144567,2.3426581299144567,2.3426581299144567,0.0,2.3426581299144567,0.0,0.0,0.0,0.0,0.0,0.0,0.0,0.0,1.0,0.03503022332572275,0.03503022332572275,4.5254070927638095,0.0,0.15990916706510463,0.0
ResidualCapacity,2.221,24,72,0,2.363336756511967,2.363336756511967,2.3426581299144567,0.02067862659751043,2.3426581299144567,0.02067862659751043,0.0,0.0,0.0,8.0,8.0,8.0,0.25925925925925924,1.0,1.7252300327850711,1.7252300327850711,4.564225457383287,0.038818364619478185,0.16244805564064732,0.00253888857554267
ResidualFreeOccupancy,2.221,24,72,0,2.370068367638293,2.370068367638293,2.3426581299144567,0.027410237723836117,2.3426581299144567,0.027410237723836117,0.0,0.0,0.0,8.0,8.0,8.0,0.3611111111111111,1.0,1.6963204151295401,1.6963204151295401,4.575931770691109,0.05052467792729965,0.1642049645854772,0.004295797520372585
ResidualNoAux,2.221,24,72,0,2.3691561192661696,2.3691561192661696,2.3426581299144567,0.0264979893517129,2.3426581299144567,0.0264979893517129,0.0,0.0,0.0,8.0,8.0,8.0,0.16666666666666666,1.0,1.7260728621579429,1.7260728621579429,4.57773676064944,0.05232966788563108,0.16057547788289936,0.0006663108177947244
ResidualNoWarmMembership,2.221,24,72,0,2.368914910221087,2.368914910221087,2.3426581299144567,0.026256780306630492,2.3426581299144567,0.026256780306630492,0.0,0.0,0.0,8.0,8.0,8.0,0.23148148148148145,1.0,1.7205935859431822,1.7205935859431822,4.574986848474985,0.04957975571117631,0.1628429719671893,0.002933804902084681
ResidualCheapSummary,2.221,24,72,0,2.383554889873934,2.383554889873934,2.3426581299144567,0.04089675995947718,2.3426581299144567,0.04089675995947718,0.0,0.0,0.0,8.0,8.0,8.0,0.37037037037037035,1.0,1.67418771509633,1.67418771509633,4.6037338758612965,0.0783267830974869,0.1633759038865721,0.0034667368214674654
Immediate,2.221,24,24,0,2.346243308792812,2.346243308792812,2.3426581299144567,0.0035851788783553334,2.3426581299144567,0.0035851788783553334,0.0,0.0,0.0,8.0,8.0,8.0,0.1111111111111111,1.0,1.4285694009934862,1.4285694009934862,4.532577450520519,0.007170357756710667,0.15990916706510463,0.0
Upper,2.221,24,24,0,2.3426581299144567,2.3426581299144567,2.3426581299144567,0.0,2.3426581299144567,0.0,0.0,0.0,0.0,8.0,8.0,8.0,0.0,1.0,1.6062192624020906,1.6062192624020906,4.5254070927638095,0.0,0.15990916706510463,0.0
P1,2.221,24,24,0,2.362181701376089,2.362181701376089,2.3426581299144567,0.01952357146163218,2.3426581299144567,0.01952357146163218,0.0,0.0,0.0,8.0,8.0,8.0,0.05555555555555555,1.0,1.4744493273190324,1.4744493273190324,4.564454235687074,0.03904714292326436,0.15990916706510463,0.0
Lower,2.221,24,24,0,2.3439344257959522,2.3439344257959522,2.3426581299144567,0.0012762958814955862,2.3426581299144567,0.0012762958814955862,0.0,0.0,0.0,8.0,8.0,8.0,0.16666666666666666,1.0,1.6020618678174083,1.6020618678174083,4.5254070927638095,0.0,0.1624617588280958,0.0025525917629911723
RoundRobin,2.221,24,24,0,2.3426581299144567,2.3426581299144567,2.3426581299144567,0.0,2.3426581299144567,0.0,0.0,0.0,0.0,8.0,8.0,8.0,0.0,1.0,1.4802010006581743,1.4802010006581743,4.5254070927638095,0.0,0.15990916706510463,0.0
AnytimeGreedyPortfolio,2.221,24,24,0,2.3426581299144567,2.3426581299144567,2.3426581299144567,0.0,2.3426581299144567,0.0,0.0,0.0,0.0,0.0,0.0,0.0,0.0,1.0,0.03528782238976823,0.03528782238976823,4.5254070927638095,0.0,0.15990916706510463,0.0
