config,workpoint_ms,physical_sources,states,source_equal_observed_extra_opportunity_fraction,source_equal_mean_state_empirical_best_extra_seconds,source_equal_mean_state_best_extra_global_fraction
R12-g0170,10,6,72,1.0,551.7774999837884,0.00042363745562625215
R12-g0170,50,6,72,1.0,553.4700871180243,0.00042493829882745446
R12-g0170,200,6,72,1.0,553.4760060953437,0.0004249428334167767
R12-g0170,1000,6,72,1.0,553.4760060953437,0.0004249428334167767
R12-g0340,10,6,72,1.0,925.1755249207928,0.0007676203240801704
R12-g0340,50,6,72,1.0,925.1914607081817,0.000767633563659662
R12-g0340,200,6,72,1.0,925.1914607081817,0.000767633563659662
R12-g0340,1000,6,72,1.0,925.1914607081817,0.000767633563659662
R12-g0680,10,6,72,1.0,827.9657813009397,0.0008293658440091264
R12-g0680,50,6,72,1.0,836.9515992385508,0.0008383584261637986
R12-g0680,200,6,72,1.0,840.7568807458841,0.0008421729453971694
R12-g0680,1000,6,72,1.0,840.7568807458841,0.0008421729453971694
R8-g0170,10,6,72,0.986111111111111,1274.0209317754282,0.0011961990587244099
R8-g0170,50,6,72,0.986111111111111,1274.9448360294837,0.0011970688712116182
R8-g0170,200,6,72,0.986111111111111,1283.0530085846783,0.0012046857696159994
R8-g0170,1000,6,72,0.986111111111111,1283.4615376441227,0.0012050671725590283
R8-g0340,10,6,72,1.0,1324.9103218108492,0.0013779684770857902
R8-g0340,50,6,72,1.0,1324.9103218108492,0.0013779684770857902
R8-g0340,200,6,72,1.0,1324.9103218108492,0.0013779684770857902
R8-g0340,1000,6,72,1.0,1324.9103218108492,0.0013779684770857902
R8-g0680,10,6,72,0.9861111111111112,670.6418323942152,0.000923378372583947
R8-g0680,50,6,72,0.9861111111111112,670.6418323942152,0.000923378372583947
R8-g0680,200,6,72,0.9861111111111112,671.1453893803263,0.0009240712996246422
R8-g0680,1000,6,72,0.9861111111111112,672.1525033525485,0.0009254571537060328
