source,source_group,workpoint_ms,configs,states,failed_repeat_rows,unavailable_repeat_mean_labels,config_equal_observed_extra_opportunity_fraction,config_equal_mean_state_empirical_best_extra_seconds,config_equal_mean_state_best_extra_global_fraction
r000,JR-SOURCE-r000,10,6,72,0,0,1.0,980.4998367053848,0.0010002592579812077
r000,JR-SOURCE-r000,50,6,72,0,0,1.0,980.8274053641761,0.001000510211695388
r000,JR-SOURCE-r000,200,6,72,0,36,1.0,980.8333243414953,0.0010005147462847106
r000,JR-SOURCE-r000,1000,6,72,0,0,1.0,980.8333243414953,0.0010005147462847106
r001,JR-SOURCE-r001,10,6,72,0,0,1.0,932.5767694471757,0.0009502901563932008
r001,JR-SOURCE-r001,50,6,72,0,0,1.0,932.5767694471757,0.0009502901563932008
r001,JR-SOURCE-r001,200,6,72,0,36,1.0,938.2742697893701,0.0009556564499618676
r001,JR-SOURCE-r001,1000,6,72,0,0,1.0,938.2742697893701,0.0009556564499618676
r002,JR-SOURCE-r002,10,6,72,0,0,0.986111111111111,1091.0581786954904,0.0010632158519851905
r002,JR-SOURCE-r002,50,6,72,0,0,0.986111111111111,1093.2777458011014,0.0010650822762902675
r002,JR-SOURCE-r002,200,6,72,0,36,0.986111111111111,1093.2777458011014,0.0010650822762902675
r002,JR-SOURCE-r002,1000,6,72,0,0,0.986111111111111,1093.2777458011014,0.0010650822762902675
r003,JR-SOURCE-r003,10,6,72,0,0,1.0,847.8708670379375,0.0008549135684180099
r003,JR-SOURCE-r003,50,6,72,0,0,1.0,856.8566849755485,0.0008639061505726821
r003,JR-SOURCE-r003,200,6,72,0,36,1.0,859.2673571885488,0.0008661567554083968
r003,JR-SOURCE-r003,1000,6,72,0,0,1.0,859.6758862479933,0.0008665381583514254
r004,JR-SOURCE-r004,10,6,72,0,0,0.9861111111111112,954.9786647162917,0.0009037234563725907
r004,JR-SOURCE-r004,50,6,72,0,0,0.9861111111111112,954.9946005036808,0.0009037366959520823
r004,JR-SOURCE-r004,200,6,72,0,36,0.9861111111111112,954.9946005036805,0.0009037366959520821
r004,JR-SOURCE-r004,1000,6,72,0,0,0.9861111111111112,954.9946005036808,0.0009037366959520823
r005,JR-SOURCE-r005,10,6,72,0,0,1.0,767.5075755837333,0.000745767240959496
r005,JR-SOURCE-r005,50,6,72,0,0,1.0,767.5769312076222,0.0007458205186286489
r005,JR-SOURCE-r005,200,6,72,0,36,1.0,771.8857697010668,0.0007503279649027152
r005,JR-SOURCE-r005,1000,6,72,0,0,1.0,772.8928836732888,0.0007517138189841056
