source,source_group,config,low_workpoint_ms,high_workpoint_ms,adjacent_pair,states,comparable_states,comparable_ranking_states,states_with_any_completed_value_change,states_with_any_delivered_extra_change,states_with_repeat_same_direction_change,states_with_strict_delivered_ranking_reversal,states_with_delivered_relation_change,states_with_top_set_change,states_with_disjoint_top_sets,strict_delivered_reversal_fraction,completed_value_change_fraction,delivered_extra_change_fraction,mean_best_extra_difference_seconds,maximum_absolute_best_extra_difference_seconds
r000,JR-SOURCE-r000,R12-g0170,10,50,True,12,12,12,10,10,9,2,2,2,2,0.16666666666666666,0.8333333333333334,0.8333333333333334,1.9654119527476723,5.535368099997868
r000,JR-SOURCE-r000,R12-g0170,10,200,False,12,12,12,12,10,12,2,2,2,2,0.16666666666666666,1.0,0.8333333333333334,2.000925816664221,5.535368099997868
r000,JR-SOURCE-r000,R12-g0170,10,1000,False,12,12,12,12,10,12,2,2,2,2,0.16666666666666666,1.0,0.8333333333333334,2.000925816664221,5.535368099997868
r000,JR-SOURCE-r000,R12-g0170,50,200,True,12,12,12,4,1,4,0,0,0,0,0.0,0.3333333333333333,0.08333333333333333,0.03551386391654887,0.42616636699858645
r000,JR-SOURCE-r000,R12-g0170,50,1000,False,12,12,12,6,1,6,0,0,0,0,0.0,0.5,0.08333333333333333,0.03551386391654887,0.42616636699858645
r000,JR-SOURCE-r000,R12-g0170,200,1000,True,12,12,12,2,0,2,0,0,0,0,0.0,0.16666666666666666,0.0,0.0,0.0
r000,JR-SOURCE-r000,R12-g0340,10,50,True,12,12,12,3,0,3,0,0,0,0,0.0,0.25,0.0,0.0,0.0
r000,JR-SOURCE-r000,R12-g0340,10,200,False,12,12,12,3,0,3,0,0,0,0,0.0,0.25,0.0,0.0,0.0
r000,JR-SOURCE-r000,R12-g0340,10,1000,False,12,12,12,3,0,3,0,0,0,0,0.0,0.25,0.0,0.0,0.0
r000,JR-SOURCE-r000,R12-g0340,50,200,True,12,12,12,0,0,0,0,0,0,0,0.0,0.0,0.0,0.0,0.0
r000,JR-SOURCE-r000,R12-g0340,50,1000,False,12,12,12,2,0,2,0,0,0,0,0.0,0.16666666666666666,0.0,0.0,0.0
r000,JR-SOURCE-r000,R12-g0340,200,1000,True,12,12,12,2,0,2,0,0,0,0,0.0,0.16666666666666666,0.0,0.0,0.0
r000,JR-SOURCE-r000,R12-g0680,10,50,True,12,12,12,2,1,2,1,1,0,0,0.08333333333333333,0.16666666666666666,0.08333333333333333,0.0,0.0
r000,JR-SOURCE-r000,R12-g0680,10,200,False,12,12,12,2,1,2,1,1,0,0,0.08333333333333333,0.16666666666666666,0.08333333333333333,0.0,0.0
r000,JR-SOURCE-r000,R12-g0680,10,1000,False,12,12,12,2,1,2,1,1,0,0,0.08333333333333333,0.16666666666666666,0.08333333333333333,0.0,0.0
r000,JR-SOURCE-r000,R12-g0680,50,200,True,12,12,12,0,0,0,0,0,0,0,0.0,0.0,0.0,0.0,0.0
r000,JR-SOURCE-r000,R12-g0680,50,1000,False,12,12,12,0,0,0,0,0,0,0,0.0,0.0,0.0,0.0,0.0
r000,JR-SOURCE-r000,R12-g0680,200,1000,True,12,12,12,0,0,0,0,0,0,0,0.0,0.0,0.0,0.0,0.0
r000,JR-SOURCE-r000,R8-g0170,10,50,True,12,12,12,10,0,10,0,0,0,0,0.0,0.8333333333333334,0.0,0.0,0.0
r000,JR-SOURCE-r000,R8-g0170,10,200,False,12,12,12,12,0,12,0,0,0,0,0.0,1.0,0.0,0.0,0.0
r000,JR-SOURCE-r000,R8-g0170,10,1000,False,12,12,12,12,0,12,0,0,0,0,0.0,1.0,0.0,0.0,0.0
r000,JR-SOURCE-r000,R8-g0170,50,200,True,12,12,12,7,0,7,0,0,0,0,0.0,0.5833333333333334,0.0,0.0,0.0
r000,JR-SOURCE-r000,R8-g0170,50,1000,False,12,12,12,10,0,10,0,0,0,0,0.0,0.8333333333333334,0.0,0.0,0.0
r000,JR-SOURCE-r000,R8-g0170,200,1000,True,12,12,12,6,0,6,0,0,0,0,0.0,0.5,0.0,0.0,0.0
r000,JR-SOURCE-r000,R8-g0340,10,50,True,12,12,12,4,0,4,0,0,0,0,0.0,0.3333333333333333,0.0,0.0,0.0
r000,JR-SOURCE-r000,R8-g0340,10,200,False,12,12,12,6,0,6,0,0,0,0,0.0,0.5,0.0,0.0,0.0
r000,JR-SOURCE-r000,R8-g0340,10,1000,False,12,12,12,6,0,6,0,0,0,0,0.0,0.5,0.0,0.0,0.0
r000,JR-SOURCE-r000,R8-g0340,50,200,True,12,12,12,2,0,2,0,0,0,0,0.0,0.16666666666666666,0.0,0.0,0.0
r000,JR-SOURCE-r000,R8-g0340,50,1000,False,12,12,12,2,0,2,0,0,0,0,0.0,0.16666666666666666,0.0,0.0,0.0
r000,JR-SOURCE-r000,R8-g0340,200,1000,True,12,12,12,0,0,0,0,0,0,0,0.0,0.0,0.0,0.0,0.0
r000,JR-SOURCE-r000,R8-g0680,10,50,True,12,12,12,3,0,3,0,0,0,0,0.0,0.25,0.0,0.0,0.0
r000,JR-SOURCE-r000,R8-g0680,10,200,False,12,12,12,5,0,5,0,0,0,0,0.0,0.4166666666666667,0.0,0.0,0.0
r000,JR-SOURCE-r000,R8-g0680,10,1000,False,12,12,12,6,0,6,0,0,0,0,0.0,0.5,0.0,0.0,0.0
r000,JR-SOURCE-r000,R8-g0680,50,200,True,12,12,12,2,0,2,0,0,0,0,0.0,0.16666666666666666,0.0,0.0,0.0
r000,JR-SOURCE-r000,R8-g0680,50,1000,False,12,12,12,4,0,4,0,0,0,0,0.0,0.3333333333333333,0.0,0.0,0.0
r000,JR-SOURCE-r000,R8-g0680,200,1000,True,12,12,12,1,0,1,0,0,0,0,0.0,0.08333333333333333,0.0,0.0,0.0
r001,JR-SOURCE-r001,R12-g0170,10,50,True,12,12,12,8,2,8,0,0,0,0,0.0,0.6666666666666666,0.16666666666666666,0.0,0.0
r001,JR-SOURCE-r001,R12-g0170,10,200,False,12,12,12,8,2,8,0,0,0,0,0.0,0.6666666666666666,0.16666666666666666,0.0,0.0
r001,JR-SOURCE-r001,R12-g0170,10,1000,False,12,12,12,8,2,8,0,0,0,0,0.0,0.6666666666666666,0.16666666666666666,0.0,0.0
r001,JR-SOURCE-r001,R12-g0170,50,200,True,12,12,12,4,0,4,0,0,0,0,0.0,0.3333333333333333,0.0,0.0,0.0
r001,JR-SOURCE-r001,R12-g0170,50,1000,False,12,12,12,4,0,4,0,0,0,0,0.0,0.3333333333333333,0.0,0.0,0.0
r001,JR-SOURCE-r001,R12-g0170,200,1000,True,12,12,12,0,0,0,0,0,0,0,0.0,0.0,0.0,0.0,0.0
r001,JR-SOURCE-r001,R12-g0340,10,50,True,12,12,12,4,0,4,0,0,0,0,0.0,0.3333333333333333,0.0,0.0,0.0
r001,JR-SOURCE-r001,R12-g0340,10,200,False,12,12,12,6,0,6,0,0,0,0,0.0,0.5,0.0,0.0,0.0
r001,JR-SOURCE-r001,R12-g0340,10,1000,False,12,12,12,6,0,6,0,0,0,0,0.0,0.5,0.0,0.0,0.0
r001,JR-SOURCE-r001,R12-g0340,50,200,True,12,12,12,2,0,2,0,0,0,0,0.0,0.16666666666666666,0.0,0.0,0.0
r001,JR-SOURCE-r001,R12-g0340,50,1000,False,12,12,12,2,0,2,0,0,0,0,0.0,0.16666666666666666,0.0,0.0,0.0
r001,JR-SOURCE-r001,R12-g0340,200,1000,True,12,12,12,0,0,0,0,0,0,0,0.0,0.0,0.0,0.0,0.0
r001,JR-SOURCE-r001,R12-g0680,10,50,True,12,12,12,2,0,2,0,0,0,0,0.0,0.16666666666666666,0.0,0.0,0.0
r001,JR-SOURCE-r001,R12-g0680,10,200,False,12,12,12,8,2,8,0,2,0,0,0.0,0.6666666666666666,0.16666666666666666,0.0,0.0
r001,JR-SOURCE-r001,R12-g0680,10,1000,False,12,12,12,8,2,8,0,2,0,0,0.0,0.6666666666666666,0.16666666666666666,0.0,0.0
r001,JR-SOURCE-r001,R12-g0680,50,200,True,12,12,12,6,2,6,0,2,0,0,0.0,0.5,0.16666666666666666,0.0,0.0
r001,JR-SOURCE-r001,R12-g0680,50,1000,False,12,12,12,6,2,6,0,2,0,0,0.0,0.5,0.16666666666666666,0.0,0.0
r001,JR-SOURCE-r001,R12-g0680,200,1000,True,12,12,12,0,0,0,0,0,0,0,0.0,0.0,0.0,0.0,0.0
r001,JR-SOURCE-r001,R8-g0170,10,50,True,12,12,12,6,2,6,0,0,0,0,0.0,0.5,0.16666666666666666,0.0,0.0
r001,JR-SOURCE-r001,R8-g0170,10,200,False,12,12,12,12,10,12,2,2,0,0,0.16666666666666666,1.0,0.8333333333333334,34.185002053166194,132.49715723199915
r001,JR-SOURCE-r001,R8-g0170,10,1000,False,12,12,12,12,11,12,2,3,0,0,0.16666666666666666,1.0,0.9166666666666666,34.185002053166194,132.49715723199915
r001,JR-SOURCE-r001,R8-g0170,50,200,True,12,12,12,9,8,9,2,2,0,0,0.16666666666666666,0.75,0.6666666666666666,34.185002053166194,132.49715723199915
r001,JR-SOURCE-r001,R8-g0170,50,1000,False,12,12,12,11,9,11,2,3,0,0,0.16666666666666666,0.9166666666666666,0.75,34.185002053166194,132.49715723199915
r001,JR-SOURCE-r001,R8-g0170,200,1000,True,12,12,12,6,5,6,0,1,0,0,0.0,0.5,0.4166666666666667,0.0,0.0
r001,JR-SOURCE-r001,R8-g0340,10,50,True,12,12,12,7,2,6,2,2,0,0,0.16666666666666666,0.5833333333333334,0.16666666666666666,0.0,0.0
r001,JR-SOURCE-r001,R8-g0340,10,200,False,12,12,12,7,2,7,2,2,0,0,0.16666666666666666,0.5833333333333334,0.16666666666666666,0.0,0.0
r001,JR-SOURCE-r001,R8-g0340,10,1000,False,12,12,12,7,2,7,2,2,0,0,0.16666666666666666,0.5833333333333334,0.16666666666666666,0.0,0.0
r001,JR-SOURCE-r001,R8-g0340,50,200,True,12,12,12,4,2,4,2,2,0,0,0.16666666666666666,0.3333333333333333,0.16666666666666666,0.0,0.0
r001,JR-SOURCE-r001,R8-g0340,50,1000,False,12,12,12,5,2,5,2,2,0,0,0.16666666666666666,0.4166666666666667,0.16666666666666666,0.0,0.0
r001,JR-SOURCE-r001,R8-g0340,200,1000,True,12,12,12,3,2,3,0,0,0,0,0.0,0.25,0.16666666666666666,0.0,0.0
r001,JR-SOURCE-r001,R8-g0680,10,50,True,12,12,12,6,3,6,3,3,0,0,0.25,0.5,0.25,0.0,0.0
r001,JR-SOURCE-r001,R8-g0680,10,200,False,12,12,12,6,3,6,3,3,0,0,0.25,0.5,0.25,0.0,0.0
r001,JR-SOURCE-r001,R8-g0680,10,1000,False,12,12,12,6,3,6,3,3,0,0,0.25,0.5,0.25,0.0,0.0
r001,JR-SOURCE-r001,R8-g0680,50,200,True,12,12,12,0,0,0,0,0,0,0,0.0,0.0,0.0,0.0,0.0
r001,JR-SOURCE-r001,R8-g0680,50,1000,False,12,12,12,0,0,0,0,0,0,0,0.0,0.0,0.0,0.0,0.0
r001,JR-SOURCE-r001,R8-g0680,200,1000,True,12,12,12,0,0,0,0,0,0,0,0.0,0.0,0.0,0.0,0.0
r002,JR-SOURCE-r002,R12-g0170,10,50,True,12,12,12,6,4,6,0,0,0,0,0.0,0.5,0.3333333333333333,7.773977109333525,23.321931328002393
r002,JR-SOURCE-r002,R12-g0170,10,200,False,12,12,12,6,4,6,0,0,0,0,0.0,0.5,0.3333333333333333,7.773977109333525,23.321931328002393
r002,JR-SOURCE-r002,R12-g0170,10,1000,False,12,12,12,6,4,6,0,0,0,0,0.0,0.5,0.3333333333333333,7.773977109333525,23.321931328002393
r002,JR-SOURCE-r002,R12-g0170,50,200,True,12,12,12,1,0,1,0,0,0,0,0.0,0.08333333333333333,0.0,0.0,0.0
r002,JR-SOURCE-r002,R12-g0170,50,1000,False,12,12,12,1,0,1,0,0,0,0,0.0,0.08333333333333333,0.0,0.0,0.0
r002,JR-SOURCE-r002,R12-g0170,200,1000,True,12,12,12,0,0,0,0,0,0,0,0.0,0.0,0.0,0.0,0.0
r002,JR-SOURCE-r002,R12-g0340,10,50,True,12,12,12,6,4,6,0,0,0,0,0.0,0.5,0.3333333333333333,0.0,0.0
r002,JR-SOURCE-r002,R12-g0340,10,200,False,12,12,12,6,4,6,0,0,0,0,0.0,0.5,0.3333333333333333,0.0,0.0
r002,JR-SOURCE-r002,R12-g0340,10,1000,False,12,12,12,6,4,6,0,0,0,0,0.0,0.5,0.3333333333333333,0.0,0.0
r002,JR-SOURCE-r002,R12-g0340,50,200,True,12,12,12,0,0,0,0,0,0,0,0.0,0.0,0.0,0.0,0.0
r002,JR-SOURCE-r002,R12-g0340,50,1000,False,12,12,12,2,0,2,0,0,0,0,0.0,0.16666666666666666,0.0,0.0,0.0
r002,JR-SOURCE-r002,R12-g0340,200,1000,True,12,12,12,2,0,2,0,0,0,0,0.0,0.16666666666666666,0.0,0.0,0.0
r002,JR-SOURCE-r002,R12-g0680,10,50,True,12,12,12,10,0,10,0,0,0,0,0.0,0.8333333333333334,0.0,0.0,0.0
r002,JR-SOURCE-r002,R12-g0680,10,200,False,12,12,12,10,0,10,0,0,0,0,0.0,0.8333333333333334,0.0,0.0,0.0
r002,JR-SOURCE-r002,R12-g0680,10,1000,False,12,12,12,10,0,10,0,0,0,0,0.0,0.8333333333333334,0.0,0.0,0.0
r002,JR-SOURCE-r002,R12-g0680,50,200,True,12,12,12,4,0,4,0,0,0,0,0.0,0.3333333333333333,0.0,0.0,0.0
r002,JR-SOURCE-r002,R12-g0680,50,1000,False,12,12,12,6,0,6,0,0,0,0,0.0,0.5,0.0,0.0,0.0
r002,JR-SOURCE-r002,R12-g0680,200,1000,True,12,12,12,2,0,2,0,0,0,0,0.0,0.16666666666666666,0.0,0.0,0.0
r002,JR-SOURCE-r002,R8-g0170,10,50,True,12,12,12,5,4,4,0,0,0,0,0.0,0.4166666666666667,0.3333333333333333,5.54342552433324,16.63027657299972
r002,JR-SOURCE-r002,R8-g0170,10,200,False,12,12,12,5,4,4,0,0,0,0,0.0,0.4166666666666667,0.3333333333333333,5.54342552433324,16.63027657299972
r002,JR-SOURCE-r002,R8-g0170,10,1000,False,12,12,12,7,6,6,2,2,0,0,0.16666666666666666,0.5833333333333334,0.5,5.54342552433324,16.63027657299972
r002,JR-SOURCE-r002,R8-g0170,50,200,True,12,12,12,0,0,0,0,0,0,0,0.0,0.0,0.0,0.0,0.0
r002,JR-SOURCE-r002,R8-g0170,50,1000,False,12,12,12,2,2,2,2,2,0,0,0.16666666666666666,0.16666666666666666,0.16666666666666666,0.0,0.0
r002,JR-SOURCE-r002,R8-g0170,200,1000,True,12,12,12,1,1,1,1,1,0,0,0.08333333333333333,0.08333333333333333,0.08333333333333333,0.0,0.0
r002,JR-SOURCE-r002,R8-g0340,10,50,True,12,12,12,8,2,8,0,0,0,0,0.0,0.6666666666666666,0.16666666666666666,0.0,0.0
r002,JR-SOURCE-r002,R8-g0340,10,200,False,12,12,12,8,2,8,0,0,0,0,0.0,0.6666666666666666,0.16666666666666666,0.0,0.0
r002,JR-SOURCE-r002,R8-g0340,10,1000,False,12,12,12,8,2,8,0,0,0,0,0.0,0.6666666666666666,0.16666666666666666,0.0,0.0
r002,JR-SOURCE-r002,R8-g0340,50,200,True,12,12,12,3,0,3,0,0,0,0,0.0,0.25,0.0,0.0,0.0
r002,JR-SOURCE-r002,R8-g0340,50,1000,False,12,12,12,5,2,5,0,0,0,0,0.0,0.4166666666666667,0.16666666666666666,0.0,0.0
r002,JR-SOURCE-r002,R8-g0340,200,1000,True,12,12,12,2,2,2,0,0,0,0,0.0,0.16666666666666666,0.16666666666666666,0.0,0.0
r002,JR-SOURCE-r002,R8-g0680,10,50,True,12,12,12,2,2,2,2,2,0,0,0.16666666666666666,0.16666666666666666,0.16666666666666666,0.0,0.0
r002,JR-SOURCE-r002,R8-g0680,10,200,False,12,12,12,7,5,7,5,5,0,0,0.4166666666666667,0.5833333333333334,0.4166666666666667,0.0,0.0
r002,JR-SOURCE-r002,R8-g0680,10,1000,False,12,12,12,7,5,7,5,5,0,0,0.4166666666666667,0.5833333333333334,0.4166666666666667,0.0,0.0
r002,JR-SOURCE-r002,R8-g0680,50,200,True,12,12,12,5,3,5,3,3,0,0,0.25,0.4166666666666667,0.25,0.0,0.0
r002,JR-SOURCE-r002,R8-g0680,50,1000,False,12,12,12,5,3,5,3,3,0,0,0.25,0.4166666666666667,0.25,0.0,0.0
r002,JR-SOURCE-r002,R8-g0680,200,1000,True,12,12,12,0,0,0,0,0,0,0,0.0,0.0,0.0,0.0,0.0
r003,JR-SOURCE-r003,R12-g0170,10,50,True,12,12,12,9,0,8,0,0,0,0,0.0,0.75,0.0,0.0,0.0
r003,JR-SOURCE-r003,R12-g0170,10,200,False,12,12,12,9,0,8,0,0,0,0,0.0,0.75,0.0,0.0,0.0
r003,JR-SOURCE-r003,R12-g0170,10,1000,False,12,12,12,11,0,10,0,0,0,0,0.0,0.9166666666666666,0.0,0.0,0.0
r003,JR-SOURCE-r003,R12-g0170,50,200,True,12,12,12,0,0,0,0,0,0,0,0.0,0.0,0.0,0.0,0.0
r003,JR-SOURCE-r003,R12-g0170,50,1000,False,12,12,12,6,0,6,0,0,0,0,0.0,0.5,0.0,0.0,0.0
r003,JR-SOURCE-r003,R12-g0170,200,1000,True,12,12,12,5,0,5,0,0,0,0,0.0,0.4166666666666667,0.0,0.0,0.0
r003,JR-SOURCE-r003,R12-g0340,10,50,True,12,12,12,0,0,0,0,0,0,0,0.0,0.0,0.0,0.0,0.0
r003,JR-SOURCE-r003,R12-g0340,10,200,False,12,12,12,4,0,4,0,0,0,0,0.0,0.3333333333333333,0.0,0.0,0.0
r003,JR-SOURCE-r003,R12-g0340,10,1000,False,12,12,12,4,0,4,0,0,0,0,0.0,0.3333333333333333,0.0,0.0,0.0
r003,JR-SOURCE-r003,R12-g0340,50,200,True,12,12,12,4,0,4,0,0,0,0,0.0,0.3333333333333333,0.0,0.0,0.0
r003,JR-SOURCE-r003,R12-g0340,50,1000,False,12,12,12,4,0,4,0,0,0,0,0.0,0.3333333333333333,0.0,0.0,0.0
r003,JR-SOURCE-r003,R12-g0340,200,1000,True,12,12,12,0,0,0,0,0,0,0,0.0,0.0,0.0,0.0,0.0
r003,JR-SOURCE-r003,R12-g0680,10,50,True,12,12,12,4,4,4,0,0,0,0,0.0,0.3333333333333333,0.3333333333333333,53.91490762566658,161.74472287700337
r003,JR-SOURCE-r003,R12-g0680,10,200,False,12,12,12,6,6,6,0,0,0,0,0.0,0.5,0.5,53.91490762566658,161.74472287700337
r003,JR-SOURCE-r003,R12-g0680,10,1000,False,12,12,12,8,8,8,0,0,0,0,0.0,0.6666666666666666,0.6666666666666666,53.91490762566658,161.74472287700337
r003,JR-SOURCE-r003,R12-g0680,50,200,True,12,12,12,4,4,4,0,0,0,0,0.0,0.3333333333333333,0.3333333333333333,0.0,0.0
r003,JR-SOURCE-r003,R12-g0680,50,1000,False,12,12,12,8,8,8,0,0,0,0,0.0,0.6666666666666666,0.6666666666666666,0.0,0.0
r003,JR-SOURCE-r003,R12-g0680,200,1000,True,12,12,12,4,4,4,0,0,0,0,0.0,0.3333333333333333,0.3333333333333333,0.0,0.0
r003,JR-SOURCE-r003,R8-g0170,10,50,True,12,12,12,3,2,2,0,0,0,0,0.0,0.25,0.16666666666666666,0.0,0.0
r003,JR-SOURCE-r003,R8-g0170,10,200,False,12,12,12,9,4,8,0,0,0,0,0.0,0.75,0.3333333333333333,14.464033278001201,43.3920998340036
r003,JR-SOURCE-r003,R8-g0170,10,1000,False,12,12,12,9,4,8,0,0,0,0,0.0,0.75,0.3333333333333333,16.915207634667848,50.74562290400354
r003,JR-SOURCE-r003,R8-g0170,50,200,True,12,12,12,8,4,8,0,0,0,0,0.0,0.6666666666666666,0.3333333333333333,14.464033278001201,43.3920998340036
r003,JR-SOURCE-r003,R8-g0170,50,1000,False,12,12,12,8,4,8,0,0,0,0,0.0,0.6666666666666666,0.3333333333333333,16.915207634667848,50.74562290400354
r003,JR-SOURCE-r003,R8-g0170,200,1000,True,12,12,12,4,4,4,0,0,0,0,0.0,0.3333333333333333,0.3333333333333333,2.451174356666646,7.353523069999937
r003,JR-SOURCE-r003,R8-g0340,10,50,True,12,12,12,4,0,4,0,0,0,0,0.0,0.3333333333333333,0.0,0.0,0.0
r003,JR-SOURCE-r003,R8-g0340,10,200,False,12,12,12,4,0,4,0,0,0,0,0.0,0.3333333333333333,0.0,0.0,0.0
r003,JR-SOURCE-r003,R8-g0340,10,1000,False,12,12,12,4,0,4,0,0,0,0,0.0,0.3333333333333333,0.0,0.0,0.0
r003,JR-SOURCE-r003,R8-g0340,50,200,True,12,12,12,0,0,0,0,0,0,0,0.0,0.0,0.0,0.0,0.0
r003,JR-SOURCE-r003,R8-g0340,50,1000,False,12,12,12,0,0,0,0,0,0,0,0.0,0.0,0.0,0.0,0.0
r003,JR-SOURCE-r003,R8-g0340,200,1000,True,12,12,12,0,0,0,0,0,0,0,0.0,0.0,0.0,0.0,0.0
r003,JR-SOURCE-r003,R8-g0680,10,50,True,12,12,12,2,0,2,0,0,0,0,0.0,0.16666666666666666,0.0,0.0,0.0
r003,JR-SOURCE-r003,R8-g0680,10,200,False,12,12,12,4,0,4,0,0,0,0,0.0,0.3333333333333333,0.0,0.0,0.0
r003,JR-SOURCE-r003,R8-g0680,10,1000,False,12,12,12,6,1,6,0,0,0,0,0.0,0.5,0.08333333333333333,0.0,0.0
r003,JR-SOURCE-r003,R8-g0680,50,200,True,12,12,12,2,0,2,0,0,0,0,0.0,0.16666666666666666,0.0,0.0,0.0
r003,JR-SOURCE-r003,R8-g0680,50,1000,False,12,12,12,4,1,4,0,0,0,0,0.0,0.3333333333333333,0.08333333333333333,0.0,0.0
r003,JR-SOURCE-r003,R8-g0680,200,1000,True,12,12,12,2,1,2,0,0,0,0,0.0,0.16666666666666666,0.08333333333333333,0.0,0.0
r004,JR-SOURCE-r004,R12-g0170,10,50,True,12,12,12,5,3,5,0,1,0,0,0.0,0.4166666666666667,0.25,0.0,0.0
r004,JR-SOURCE-r004,R12-g0170,10,200,False,12,12,12,5,3,5,0,1,0,0,0.0,0.4166666666666667,0.25,0.0,0.0
r004,JR-SOURCE-r004,R12-g0170,10,1000,False,12,12,12,6,3,6,0,1,0,0,0.0,0.5,0.25,0.0,0.0
r004,JR-SOURCE-r004,R12-g0170,50,200,True,12,12,12,0,0,0,0,0,0,0,0.0,0.0,0.0,0.0,0.0
r004,JR-SOURCE-r004,R12-g0170,50,1000,False,12,12,12,2,0,2,0,0,0,0,0.0,0.16666666666666666,0.0,0.0,0.0
r004,JR-SOURCE-r004,R12-g0170,200,1000,True,12,12,12,1,0,1,0,0,0,0,0.0,0.08333333333333333,0.0,0.0,0.0
r004,JR-SOURCE-r004,R12-g0340,10,50,True,12,12,12,4,2,4,0,0,0,0,0.0,0.3333333333333333,0.16666666666666666,0.09561472433354841,0.5736883460012905
r004,JR-SOURCE-r004,R12-g0340,10,200,False,12,12,12,6,2,6,0,0,0,0,0.0,0.5,0.16666666666666666,0.09561472433354841,0.5736883460012905
r004,JR-SOURCE-r004,R12-g0340,10,1000,False,12,12,12,6,2,6,0,0,0,0,0.0,0.5,0.16666666666666666,0.09561472433354841,0.5736883460012905
r004,JR-SOURCE-r004,R12-g0340,50,200,True,12,12,12,2,0,2,0,0,0,0,0.0,0.16666666666666666,0.0,0.0,0.0
r004,JR-SOURCE-r004,R12-g0340,50,1000,False,12,12,12,2,0,2,0,0,0,0,0.0,0.16666666666666666,0.0,0.0,0.0
r004,JR-SOURCE-r004,R12-g0340,200,1000,True,12,12,12,0,0,0,0,0,0,0,0.0,0.0,0.0,0.0,0.0
r004,JR-SOURCE-r004,R12-g0680,10,50,True,12,12,12,10,0,10,0,0,0,0,0.0,0.8333333333333334,0.0,0.0,0.0
r004,JR-SOURCE-r004,R12-g0680,10,200,False,12,12,12,10,0,10,0,0,0,0,0.0,0.8333333333333334,0.0,0.0,0.0
r004,JR-SOURCE-r004,R12-g0680,10,1000,False,12,12,12,12,0,12,0,0,0,0,0.0,1.0,0.0,0.0,0.0
r004,JR-SOURCE-r004,R12-g0680,50,200,True,12,12,12,1,0,1,0,0,0,0,0.0,0.08333333333333333,0.0,0.0,0.0
r004,JR-SOURCE-r004,R12-g0680,50,1000,False,12,12,12,5,0,5,0,0,0,0,0.0,0.4166666666666667,0.0,0.0,0.0
r004,JR-SOURCE-r004,R12-g0680,200,1000,True,12,12,12,4,0,4,0,0,0,0,0.0,0.3333333333333333,0.0,0.0,0.0
r004,JR-SOURCE-r004,R8-g0170,10,50,True,12,12,12,8,7,8,0,0,0,0,0.0,0.6666666666666666,0.5833333333333334,0.0,0.0
r004,JR-SOURCE-r004,R8-g0170,10,200,False,12,12,12,8,7,8,0,0,0,0,0.0,0.6666666666666666,0.5833333333333334,0.0,0.0
r004,JR-SOURCE-r004,R8-g0170,10,1000,False,12,12,12,8,7,8,0,2,0,0,0.0,0.6666666666666666,0.5833333333333334,0.0,0.0
r004,JR-SOURCE-r004,R8-g0170,50,200,True,12,12,12,2,0,2,0,0,0,0,0.0,0.16666666666666666,0.0,0.0,0.0
r004,JR-SOURCE-r004,R8-g0170,50,1000,False,12,12,12,4,2,4,0,2,0,0,0.0,0.3333333333333333,0.16666666666666666,0.0,0.0
r004,JR-SOURCE-r004,R8-g0170,200,1000,True,12,12,12,3,2,3,0,2,0,0,0.0,0.25,0.16666666666666666,0.0,0.0
r004,JR-SOURCE-r004,R8-g0340,10,50,True,12,12,12,6,2,6,0,0,0,0,0.0,0.5,0.16666666666666666,0.0,0.0
r004,JR-SOURCE-r004,R8-g0340,10,200,False,12,12,12,6,2,6,0,0,0,0,0.0,0.5,0.16666666666666666,0.0,0.0
r004,JR-SOURCE-r004,R8-g0340,10,1000,False,12,12,12,6,2,6,0,0,0,0,0.0,0.5,0.16666666666666666,0.0,0.0
r004,JR-SOURCE-r004,R8-g0340,50,200,True,12,12,12,0,0,0,0,0,0,0,0.0,0.0,0.0,0.0,0.0
r004,JR-SOURCE-r004,R8-g0340,50,1000,False,12,12,12,0,0,0,0,0,0,0,0.0,0.0,0.0,0.0,0.0
r004,JR-SOURCE-r004,R8-g0340,200,1000,True,12,12,12,0,0,0,0,0,0,0,0.0,0.0,0.0,0.0,0.0
r004,JR-SOURCE-r004,R8-g0680,10,50,True,12,12,12,2,2,2,1,2,0,0,0.08333333333333333,0.16666666666666666,0.16666666666666666,0.0,0.0
r004,JR-SOURCE-r004,R8-g0680,10,200,False,12,12,12,2,2,2,1,2,0,0,0.08333333333333333,0.16666666666666666,0.16666666666666666,0.0,0.0
r004,JR-SOURCE-r004,R8-g0680,10,1000,False,12,12,12,2,2,2,1,2,0,0,0.08333333333333333,0.16666666666666666,0.16666666666666666,0.0,0.0
r004,JR-SOURCE-r004,R8-g0680,50,200,True,12,12,12,0,0,0,0,0,0,0,0.0,0.0,0.0,0.0,0.0
r004,JR-SOURCE-r004,R8-g0680,50,1000,False,12,12,12,0,0,0,0,0,0,0,0.0,0.0,0.0,0.0,0.0
r004,JR-SOURCE-r004,R8-g0680,200,1000,True,12,12,12,0,0,0,0,0,0,0,0.0,0.0,0.0,0.0,0.0
r005,JR-SOURCE-r005,R12-g0170,10,50,True,12,12,12,8,8,8,0,0,0,0,0.0,0.6666666666666666,0.6666666666666666,0.41613374333367875,0.6242006150023371
r005,JR-SOURCE-r005,R12-g0170,10,200,False,12,12,12,8,8,8,0,0,0,0,0.0,0.6666666666666666,0.6666666666666666,0.41613374333367875,0.6242006150023371
r005,JR-SOURCE-r005,R12-g0170,10,1000,False,12,12,12,8,8,8,0,0,0,0,0.0,0.6666666666666666,0.6666666666666666,0.41613374333367875,0.6242006150023371
r005,JR-SOURCE-r005,R12-g0170,50,200,True,12,12,12,3,0,3,0,0,0,0,0.0,0.25,0.0,0.0,0.0
r005,JR-SOURCE-r005,R12-g0170,50,1000,False,12,12,12,3,0,3,0,0,0,0,0.0,0.25,0.0,0.0,0.0
r005,JR-SOURCE-r005,R12-g0170,200,1000,True,12,12,12,0,0,0,0,0,0,0,0.0,0.0,0.0,0.0,0.0
r005,JR-SOURCE-r005,R12-g0340,10,50,True,12,12,12,6,0,6,0,0,0,0,0.0,0.5,0.0,0.0,0.0
r005,JR-SOURCE-r005,R12-g0340,10,200,False,12,12,12,8,0,8,0,0,0,0,0.0,0.6666666666666666,0.0,0.0,0.0
r005,JR-SOURCE-r005,R12-g0340,10,1000,False,12,12,12,8,0,8,0,0,0,0,0.0,0.6666666666666666,0.0,0.0,0.0
r005,JR-SOURCE-r005,R12-g0340,50,200,True,12,12,12,4,0,4,0,0,0,0,0.0,0.3333333333333333,0.0,0.0,0.0
r005,JR-SOURCE-r005,R12-g0340,50,1000,False,12,12,12,4,0,4,0,0,0,0,0.0,0.3333333333333333,0.0,0.0,0.0
r005,JR-SOURCE-r005,R12-g0340,200,1000,True,12,12,12,2,0,2,0,0,0,0,0.0,0.16666666666666666,0.0,0.0,0.0
r005,JR-SOURCE-r005,R12-g0680,10,50,True,12,12,12,3,0,3,0,0,0,0,0.0,0.25,0.0,0.0,0.0
r005,JR-SOURCE-r005,R12-g0680,10,200,False,12,12,12,7,4,7,0,0,0,0,0.0,0.5833333333333334,0.3333333333333333,22.831689044000086,136.99013426400052
r005,JR-SOURCE-r005,R12-g0680,10,1000,False,12,12,12,7,4,7,0,0,0,0,0.0,0.5833333333333334,0.3333333333333333,22.831689044000086,136.99013426400052
r005,JR-SOURCE-r005,R12-g0680,50,200,True,12,12,12,6,4,6,0,0,0,0,0.0,0.5,0.3333333333333333,22.831689044000086,136.99013426400052
r005,JR-SOURCE-r005,R12-g0680,50,1000,False,12,12,12,6,4,6,0,0,0,0,0.0,0.5,0.3333333333333333,22.831689044000086,136.99013426400052
r005,JR-SOURCE-r005,R12-g0680,200,1000,True,12,12,12,0,0,0,0,0,0,0,0.0,0.0,0.0,0.0,0.0
r005,JR-SOURCE-r005,R8-g0170,10,50,True,12,12,12,10,10,10,0,1,0,0,0.0,0.8333333333333334,0.8333333333333334,0.0,0.0
r005,JR-SOURCE-r005,R8-g0170,10,200,False,12,12,12,12,12,12,1,3,0,0,0.08333333333333333,1.0,1.0,0.0,0.0
r005,JR-SOURCE-r005,R8-g0170,10,1000,False,12,12,12,12,12,12,1,3,0,0,0.08333333333333333,1.0,1.0,0.0,0.0
r005,JR-SOURCE-r005,R8-g0170,50,200,True,12,12,12,10,10,10,1,2,0,0,0.08333333333333333,0.8333333333333334,0.8333333333333334,0.0,0.0
r005,JR-SOURCE-r005,R8-g0170,50,1000,False,12,12,12,10,10,10,1,2,0,0,0.08333333333333333,0.8333333333333334,0.8333333333333334,0.0,0.0
r005,JR-SOURCE-r005,R8-g0170,200,1000,True,12,12,12,4,2,4,0,0,0,0,0.0,0.3333333333333333,0.16666666666666666,0.0,0.0
r005,JR-SOURCE-r005,R8-g0340,10,50,True,12,12,12,6,6,6,4,4,0,0,0.3333333333333333,0.5,0.5,0.0,0.0
r005,JR-SOURCE-r005,R8-g0340,10,200,False,12,12,12,6,6,6,4,6,0,0,0.3333333333333333,0.5,0.5,0.0,0.0
r005,JR-SOURCE-r005,R8-g0340,10,1000,False,12,12,12,6,6,6,4,6,0,0,0.3333333333333333,0.5,0.5,0.0,0.0
r005,JR-SOURCE-r005,R8-g0340,50,200,True,12,12,12,4,4,4,0,2,0,0,0.0,0.3333333333333333,0.3333333333333333,0.0,0.0
r005,JR-SOURCE-r005,R8-g0340,50,1000,False,12,12,12,6,6,6,0,2,0,0,0.0,0.5,0.5,0.0,0.0
r005,JR-SOURCE-r005,R8-g0340,200,1000,True,12,12,12,6,6,6,0,0,0,0,0.0,0.5,0.5,0.0,0.0
r005,JR-SOURCE-r005,R8-g0680,10,50,True,12,12,12,0,0,0,0,0,0,0,0.0,0.0,0.0,0.0,0.0
r005,JR-SOURCE-r005,R8-g0680,10,200,False,12,12,12,2,2,2,2,2,0,0,0.16666666666666666,0.16666666666666666,0.16666666666666666,3.021341916667249,18.128051500003494
r005,JR-SOURCE-r005,R8-g0680,10,1000,False,12,12,12,6,6,6,2,2,0,0,0.16666666666666666,0.5,0.5,9.064025749999322,18.128051500003494
r005,JR-SOURCE-r005,R8-g0680,50,200,True,12,12,12,2,2,2,2,2,0,0,0.16666666666666666,0.16666666666666666,0.16666666666666666,3.021341916667249,18.128051500003494
r005,JR-SOURCE-r005,R8-g0680,50,1000,False,12,12,12,6,6,6,2,2,0,0,0.16666666666666666,0.5,0.5,9.064025749999322,18.128051500003494
r005,JR-SOURCE-r005,R8-g0680,200,1000,True,12,12,12,4,4,4,0,0,0,0,0.0,0.3333333333333333,0.3333333333333333,6.042683833332073,18.128051499996218
