accepted_value,bibtex_key,cold_wall_seconds,cold_wall_soft_search_unknown,cold_wall_within_requested_soft_search,diagnostic_raw_available_seeds,failure_or_no_return,fallbacks,family,feasible_raw_value,method,once_only_setup_parent_seconds,once_only_setup_worker_seconds,original_graphs,published_reference,raw_available_seeds,raw_incomplete_graphs,relative_gain,resident_parent_seconds,resource_configuration,seeds_per_graph,soft_seconds,successful_raw_value,timing_scope,worker_load_solve_write_seconds
25.5625,grossmann2025chils,0.5650986282465359,0,0,48,0,0,DIMACS,25.5625,CHILS-p1,,,16,https://doi.org/10.4230/LIPIcs.SEA.2025.22,48,0,0.5678870432697873,,one CPU,3,0.5,25.5625,native cold parent wall vs requested soft search,
569.7777777777778,grossmann2025chils,0.5356284902189618,0,0,54,0,0,SATLIB-UF,569.7777777777778,CHILS-p1,,,18,https://doi.org/10.4230/LIPIcs.SEA.2025.22,54,0,0.0793222536591132,,one CPU,3,0.5,569.7777777777778,native cold parent wall vs requested soft search,
401.8888888888889,grossmann2025chils,0.535655288439658,0,0,18,0,0,SATLIB-CBS,401.8888888888889,CHILS-p1,,,6,https://doi.org/10.4230/LIPIcs.SEA.2025.22,18,0,0.08178482823726858,,one CPU,3,0.5,401.8888888888889,native cold parent wall vs requested soft search,
332.40972222222223,grossmann2025chils,0.5454608023017186,0,0,120,0,0,overall_equal_family,332.40972222222223,CHILS-p1,,,40,https://doi.org/10.4230/LIPIcs.SEA.2025.22,120,0,0.24299804172205638,,one CPU,,0.5,332.40972222222223,native cold parent wall vs requested soft search,
25.625,grossmann2025chils,2.0605874573035785,0,0,48,0,0,DIMACS,25.625,CHILS-p1,,,16,https://doi.org/10.4230/LIPIcs.SEA.2025.22,48,0,0.5723532742066065,,one CPU,3,2.0,25.625,native cold parent wall vs requested soft search,
569.962962962963,grossmann2025chils,2.0352801646071454,0,0,54,0,0,SATLIB-UF,569.962962962963,CHILS-p1,,,18,https://doi.org/10.4230/LIPIcs.SEA.2025.22,54,0,0.07960811161317764,,one CPU,3,2.0,569.962962962963,native cold parent wall vs requested soft search,
402.0,grossmann2025chils,2.0356309891988835,0,0,18,0,0,SATLIB-CBS,402.0,CHILS-p1,,,6,https://doi.org/10.4230/LIPIcs.SEA.2025.22,18,0,0.08208763951405953,,one CPU,3,2.0,402.0,native cold parent wall vs requested soft search,
332.52932098765433,grossmann2025chils,2.043832870369869,0,0,120,0,0,overall_equal_family,332.52932098765433,CHILS-p1,,,40,https://doi.org/10.4230/LIPIcs.SEA.2025.22,120,0,0.24468300844461457,,one CPU,,2.0,332.52932098765433,native cold parent wall vs requested soft search,
25.854166666666668,grossmann2025chils,0.571211102961873,0,0,48,0,0,DIMACS,25.854166666666668,CHILS-p16-c16,,,16,https://doi.org/10.4230/LIPIcs.SEA.2025.22,48,0,0.5873817642350966,,16 CPU threads; separate multicore workpoint,3,0.5,25.854166666666668,native cold parent wall vs requested soft search,
570.5740740740741,grossmann2025chils,0.5399911465054309,0,0,54,0,0,SATLIB-UF,570.5740740740741,CHILS-p16-c16,,,18,https://doi.org/10.4230/LIPIcs.SEA.2025.22,54,0,0.08085292065039325,,16 CPU threads; separate multicore workpoint,3,0.5,570.5740740740741,native cold parent wall vs requested soft search,
402.9444444444444,grossmann2025chils,0.5403867997229099,0,0,18,0,0,SATLIB-CBS,402.9444444444444,CHILS-p16-c16,,,6,https://doi.org/10.4230/LIPIcs.SEA.2025.22,18,0,0.08463080964284814,,16 CPU threads; separate multicore workpoint,3,0.5,402.9444444444444,native cold parent wall vs requested soft search,
333.1242283950617,grossmann2025chils,0.5505296830634047,0,0,120,0,0,overall_equal_family,333.1242283950617,CHILS-p16-c16,,,40,https://doi.org/10.4230/LIPIcs.SEA.2025.22,120,0,0.2509551648427793,,16 CPU threads; separate multicore workpoint,,0.5,333.1242283950617,native cold parent wall vs requested soft search,
25.854166666666668,grossmann2025chils,2.0690575428307056,0,0,48,0,0,DIMACS,25.854166666666668,CHILS-p16-c16,,,16,https://doi.org/10.4230/LIPIcs.SEA.2025.22,48,0,0.5873817642350966,,16 CPU threads; separate multicore workpoint,3,2.0,25.854166666666668,native cold parent wall vs requested soft search,
570.7592592592592,grossmann2025chils,2.039302595994539,0,0,54,0,0,SATLIB-UF,570.7592592592592,CHILS-p16-c16,,,18,https://doi.org/10.4230/LIPIcs.SEA.2025.22,54,0,0.08112573774040925,,16 CPU threads; separate multicore workpoint,3,2.0,570.7592592592592,native cold parent wall vs requested soft search,
403.0,grossmann2025chils,2.0399393118504023,0,0,18,0,0,SATLIB-CBS,403.0,CHILS-p16-c16,,,6,https://doi.org/10.4230/LIPIcs.SEA.2025.22,18,0,0.08478427802836071,,16 CPU threads; separate multicore workpoint,3,2.0,403.0,native cold parent wall vs requested soft search,
333.204475308642,grossmann2025chils,2.0494331502252154,0,0,120,0,0,overall_equal_family,333.204475308642,CHILS-p16-c16,,,40,https://doi.org/10.4230/LIPIcs.SEA.2025.22,120,0,0.25109726000128885,,16 CPU threads; separate multicore workpoint,,2.0,333.204475308642,native cold parent wall vs requested soft search,
20.166666666666668,grossmann2024mwis,10.600750013720244,0,0,21,27,27,DIMACS,,M2WIS,,,16,https://doi.org/10.7155/jgaa.v28i1.2997,21,9,0.2542808394909688,,one CPU,3,0.5,,native cold parent wall vs requested soft search,
565.3148148148148,grossmann2024mwis,1.0497803375538852,0,0,54,0,0,SATLIB-UF,565.3148148148148,M2WIS,,,18,https://doi.org/10.7155/jgaa.v28i1.2997,54,0,0.07383332978277922,,one CPU,3,0.5,565.3148148148148,native cold parent wall vs requested soft search,
400.6111111111111,grossmann2024mwis,0.9064033755825626,0,0,18,0,0,SATLIB-CBS,400.6111111111111,M2WIS,,,6,https://doi.org/10.7155/jgaa.v28i1.2997,18,0,0.07833485018489261,,one CPU,3,0.5,400.6111111111111,native cold parent wall vs requested soft search,
328.6975308641975,grossmann2024mwis,4.185644575618897,0,0,93,27,27,overall_equal_family,,M2WIS,,,40,https://doi.org/10.7155/jgaa.v28i1.2997,93,9,0.13548300648621356,,one CPU,,0.5,,native cold parent wall vs requested soft search,
20.166666666666668,grossmann2024mwis,11.828990811482072,0,0,21,27,27,DIMACS,,M2WIS,,,16,https://doi.org/10.7155/jgaa.v28i1.2997,21,9,0.2542808394909688,,one CPU,3,2.0,,native cold parent wall vs requested soft search,
565.3148148148148,grossmann2024mwis,2.5585122368539923,0,0,54,0,0,SATLIB-UF,565.3148148148148,M2WIS,,,18,https://doi.org/10.7155/jgaa.v28i1.2997,54,0,0.07383332978277922,,one CPU,3,2.0,565.3148148148148,native cold parent wall vs requested soft search,
400.6111111111111,grossmann2024mwis,2.4062994105948343,0,0,18,0,0,SATLIB-CBS,400.6111111111111,M2WIS,,,6,https://doi.org/10.7155/jgaa.v28i1.2997,18,0,0.07833485018489261,,one CPU,3,2.0,400.6111111111111,native cold parent wall vs requested soft search,
328.6975308641975,grossmann2024mwis,5.597934152976966,0,0,93,27,27,overall_equal_family,,M2WIS,,,40,https://doi.org/10.7155/jgaa.v28i1.2997,93,9,0.13548300648621356,,one CPU,,2.0,,native cold parent wall vs requested soft search,
20.166666666666668,grossmann2024mwis,10.604180102158958,0,0,21,27,27,DIMACS,,M2WIS+s,,,16,https://doi.org/10.7155/jgaa.v28i1.2997,21,9,0.2542808394909688,,one CPU,3,0.5,,native cold parent wall vs requested soft search,
564.8518518518518,grossmann2024mwis,1.0287584283699591,0,0,54,0,0,SATLIB-UF,564.8518518518518,M2WIS+s,,,18,https://doi.org/10.7155/jgaa.v28i1.2997,54,0,0.07162018330869555,,one CPU,3,0.5,564.8518518518518,native cold parent wall vs requested soft search,
399.3333333333333,grossmann2024mwis,0.886455055947105,0,0,18,0,0,SATLIB-CBS,399.3333333333333,M2WIS+s,,,6,https://doi.org/10.7155/jgaa.v28i1.2997,18,0,0.07491271793563371,,one CPU,3,0.5,399.3333333333333,native cold parent wall vs requested soft search,
328.11728395061726,grossmann2024mwis,4.173131195492007,0,0,93,27,27,overall_equal_family,,M2WIS+s,,,40,https://doi.org/10.7155/jgaa.v28i1.2997,93,9,0.13360458024509936,,one CPU,,0.5,,native cold parent wall vs requested soft search,
20.166666666666668,grossmann2024mwis,11.821713593866056,0,0,21,27,27,DIMACS,,M2WIS+s,,,16,https://doi.org/10.7155/jgaa.v28i1.2997,21,9,0.2542808394909688,,one CPU,3,2.0,,native cold parent wall vs requested soft search,
562.6481481481482,grossmann2024mwis,2.509788905856786,0,0,54,0,0,SATLIB-UF,562.6481481481482,M2WIS+s,,,18,https://doi.org/10.7155/jgaa.v28i1.2997,54,0,0.06967439604283494,,one CPU,3,2.0,562.6481481481482,native cold parent wall vs requested soft search,
399.6111111111111,grossmann2024mwis,2.388179770981272,0,0,18,0,0,SATLIB-CBS,399.6111111111111,M2WIS+s,,,6,https://doi.org/10.7155/jgaa.v28i1.2997,18,0,0.0756594521538853,,one CPU,3,2.0,399.6111111111111,native cold parent wall vs requested soft search,
327.4753086419753,grossmann2024mwis,5.573227423568038,0,0,93,27,27,overall_equal_family,,M2WIS+s,,,40,https://doi.org/10.7155/jgaa.v28i1.2997,93,9,0.13320489589589635,,one CPU,,2.0,,native cold parent wall vs requested soft search,
19.8125,gellner2021struction,0.5716930558749785,0,0,48,0,7,DIMACS,19.145833333333332,Struction-fast,,,16,https://doi.org/10.1137/1.9781611976472.10,48,0,0.2536734342093749,,one CPU,3,0.5,19.145833333333332,native cold parent wall vs requested soft search,
532.6296296296297,gellner2021struction,0.5433474411429079,0,0,54,0,21,SATLIB-UF,529.5555555555555,Struction-fast,,,18,https://doi.org/10.1137/1.9781611976472.10,54,0,0.015570497982151698,,one CPU,3,0.5,529.5555555555555,native cold parent wall vs requested soft search,
380.5,gellner2021struction,0.5405868333246973,0,0,18,0,0,SATLIB-CBS,380.5,Struction-fast,,,6,https://doi.org/10.1137/1.9781611976472.10,18,0,0.02417996292918927,,one CPU,3,0.5,380.5,native cold parent wall vs requested soft search,
310.98070987654324,gellner2021struction,0.5518757767808612,0,0,120,0,28,overall_equal_family,309.7337962962963,Struction-fast,,,40,https://doi.org/10.1137/1.9781611976472.10,120,0,0.09780796504023863,,one CPU,,0.5,309.7337962962963,native cold parent wall vs requested soft search,
21.166666666666668,gellner2021struction,2.0636407990629473,0,0,48,0,3,DIMACS,20.9375,Struction-fast,,,16,https://doi.org/10.1137/1.9781611976472.10,48,0,0.36260187006573924,,one CPU,3,2.0,20.9375,native cold parent wall vs requested soft search,
534.8518518518518,gellner2021struction,2.0413185481533964,0,0,54,0,9,SATLIB-UF,534.0740740740741,Struction-fast,,,18,https://doi.org/10.1137/1.9781611976472.10,54,0,0.019147483657814473,,one CPU,3,2.0,534.0740740740741,native cold parent wall vs requested soft search,
381.3333333333333,gellner2021struction,2.0399612616747618,0,0,18,0,0,SATLIB-CBS,381.3333333333333,Struction-fast,,,6,https://doi.org/10.1137/1.9781611976472.10,18,0,0.0264471836850898,,one CPU,3,2.0,381.3333333333333,native cold parent wall vs requested soft search,
312.45061728395063,gellner2021struction,2.0483068696303683,0,0,120,0,12,overall_equal_family,312.1149691358025,Struction-fast,,,40,https://doi.org/10.1137/1.9781611976472.10,120,0,0.13606551246954784,,one CPU,,2.0,312.1149691358025,native cold parent wall vs requested soft search,
19.854166666666668,gellner2021struction,0.5616947655410817,0,0,48,0,6,DIMACS,19.1875,Struction-strong,,,16,https://doi.org/10.1137/1.9781611976472.10,48,0,0.2589644395003802,,one CPU,3,0.5,19.1875,native cold parent wall vs requested soft search,
532.6296296296297,gellner2021struction,0.5417099232888885,0,0,54,0,21,SATLIB-UF,529.5555555555555,Struction-strong,,,18,https://doi.org/10.1137/1.9781611976472.10,54,0,0.015570497982151698,,one CPU,3,0.5,529.5555555555555,native cold parent wall vs requested soft search,
380.5,gellner2021struction,0.5411134724401765,0,0,18,0,0,SATLIB-CBS,380.5,Struction-strong,,,6,https://doi.org/10.1137/1.9781611976472.10,18,0,0.02417996292918927,,one CPU,3,0.5,380.5,native cold parent wall vs requested soft search,
310.9945987654321,gellner2021struction,0.5481727204233823,0,0,120,0,27,overall_equal_family,309.74768518518516,Struction-strong,,,40,https://doi.org/10.1137/1.9781611976472.10,120,0,0.09957163347057373,,one CPU,,0.5,309.74768518518516,native cold parent wall vs requested soft search,
21.145833333333332,gellner2021struction,2.062184910988435,0,0,48,0,3,DIMACS,20.916666666666668,Struction-strong,,,16,https://doi.org/10.1137/1.9781611976472.10,48,0,0.3617685367324059,,one CPU,3,2.0,20.916666666666668,native cold parent wall vs requested soft search,
534.8703703703703,gellner2021struction,2.0415960984925428,0,0,54,0,9,SATLIB-UF,534.0925925925926,Struction-strong,,,18,https://doi.org/10.1137/1.9781611976472.10,54,0,0.01923781789449017,,one CPU,3,2.0,534.0925925925926,native cold parent wall vs requested soft search,
381.3333333333333,gellner2021struction,2.0405718164725437,0,0,18,0,0,SATLIB-CBS,381.3333333333333,Struction-strong,,,6,https://doi.org/10.1137/1.9781611976472.10,18,0,0.0264471836850898,,one CPU,3,2.0,381.3333333333333,native cold parent wall vs requested soft search,
312.4498456790123,gellner2021struction,2.048117608651174,0,0,120,0,12,overall_equal_family,312.1141975308642,Struction-strong,,,40,https://doi.org/10.1137/1.9781611976472.10,120,0,0.13581784610399528,,one CPU,,2.0,312.1141975308642,native cold parent wall vs requested soft search,
18.833333333333332,lamm2019exact,10.43754249314467,0,0,21,27,35,DIMACS,,WeightedBR,,,16,https://doi.org/10.1137/1.9781611975499.12,21,9,0.13375542082438632,,one CPU,3,0.5,,native cold parent wall vs requested soft search,
547.8518518518518,lamm2019exact,0.543567158833698,0,0,54,0,0,SATLIB-UF,547.8518518518518,WeightedBR,,,18,https://doi.org/10.1137/1.9781611975499.12,54,0,0.049750029465551626,,one CPU,3,0.5,547.8518518518518,native cold parent wall vs requested soft search,
394.3333333333333,lamm2019exact,0.5391764495935705,0,0,18,0,0,SATLIB-CBS,394.3333333333333,WeightedBR,,,6,https://doi.org/10.1137/1.9781611975499.12,18,0,0.06146699296166025,,one CPU,3,0.5,394.3333333333333,native cold parent wall vs requested soft search,
320.3395061728395,lamm2019exact,3.840095367190646,0,0,93,27,35,overall_equal_family,,WeightedBR,,,40,https://doi.org/10.1137/1.9781611975499.12,93,9,0.08165748108386607,,one CPU,,0.5,,native cold parent wall vs requested soft search,
18.895833333333332,lamm2019exact,11.533072715935608,0,0,21,27,35,DIMACS,,WeightedBR,,,16,https://doi.org/10.1137/1.9781611975499.12,21,9,0.1390209885899541,,one CPU,3,2.0,,native cold parent wall vs requested soft search,
559.3703703703703,lamm2019exact,2.0454775277111263,0,0,54,0,0,SATLIB-UF,559.3703703703703,WeightedBR,,,18,https://doi.org/10.1137/1.9781611975499.12,54,0,0.0672266414140793,,one CPU,3,2.0,559.3703703703703,native cold parent wall vs requested soft search,
400.0555555555556,lamm2019exact,2.039309511995978,0,0,18,0,0,SATLIB-CBS,400.0555555555556,WeightedBR,,,6,https://doi.org/10.1137/1.9781611975499.12,18,0,0.07685607685174604,,one CPU,3,2.0,400.0555555555556,native cold parent wall vs requested soft search,
326.10725308641975,lamm2019exact,5.205953251880904,0,0,93,27,35,overall_equal_family,,WeightedBR,,,40,https://doi.org/10.1137/1.9781611975499.12,93,9,0.09436790228525982,,one CPU,,2.0,,native cold parent wall vs requested soft search,
18.145833333333332,sun2023difusco,,0,0,48,0,19,DIMACS,17.875,DIFUSCO-SAT-50x1,5.948015999048948,5.7851234041154385,16,https://proceedings.neurips.cc/paper_files/paper/2023/hash/0ba520d93c3df592c83a611961314c98-Abstract-Conference.html,48,0,0.10219681797711716,2.9139379343638816,one resident CUDA worker; fixed released SAT workpoint,3,,17.875,resident parent query; once-only model setup separately,2.890481198361764
569.2962962962963,sun2023difusco,,0,0,54,0,0,SATLIB-UF,569.2962962962963,DIFUSCO-SAT-50x1,5.948015999048948,5.7851234041154385,18,https://proceedings.neurips.cc/paper_files/paper/2023/hash/0ba520d93c3df592c83a611961314c98-Abstract-Conference.html,54,0,0.07863996964070852,0.7645278891755475,one resident CUDA worker; fixed released SAT workpoint,3,,569.2962962962963,resident parent query; once-only model setup separately,0.7469641413125727
401.5555555555556,sun2023difusco,,0,0,18,0,0,SATLIB-CBS,401.5555555555556,DIFUSCO-SAT-50x1,5.948015999048948,5.7851234041154385,6,https://proceedings.neurips.cc/paper_files/paper/2023/hash/0ba520d93c3df592c83a611961314c98-Abstract-Conference.html,18,0,0.08089599184110498,0.5842002762688531,one resident CUDA worker; fixed released SAT workpoint,3,,401.5555555555556,resident parent query; once-only model setup separately,0.56788105227881
329.6658950617284,sun2023difusco,,0,0,120,0,19,overall_equal_family,329.57561728395063,DIFUSCO-SAT-50x1,5.948015999048948,5.7851234041154385,40,https://proceedings.neurips.cc/paper_files/paper/2023/hash/0ba520d93c3df592c83a611961314c98-Abstract-Conference.html,120,0,0.08724425981964355,1.420888699936094,one resident CUDA worker; fixed released SAT workpoint,,,329.57561728395063,resident parent query; once-only model setup separately,1.4017754639843822
19.708333333333332,sun2023difusco,,0,0,48,0,7,DIMACS,19.625,DIFUSCO-SAT-50x4,5.945562440901995,5.827865839004517,16,https://proceedings.neurips.cc/paper_files/paper/2023/hash/0ba520d93c3df592c83a611961314c98-Abstract-Conference.html,48,0,0.2083549381058487,11.42678205599077,one resident CUDA worker; fixed released SAT workpoint,3,,19.625,resident parent query; once-only model setup separately,11.403502018811801
569.6851851851852,sun2023difusco,,0,0,54,0,0,SATLIB-UF,569.6851851851852,DIFUSCO-SAT-50x4,5.945562440901995,5.827865839004517,18,https://proceedings.neurips.cc/paper_files/paper/2023/hash/0ba520d93c3df592c83a611961314c98-Abstract-Conference.html,54,0,0.07922937724999689,3.003041456694956,one resident CUDA worker; fixed released SAT workpoint,3,,569.6851851851852,resident parent query; once-only model setup separately,2.985452458952312
401.8888888888889,sun2023difusco,,0,0,18,0,0,SATLIB-CBS,401.8888888888889,DIFUSCO-SAT-50x4,5.945562440901995,5.827865839004517,6,https://proceedings.neurips.cc/paper_files/paper/2023/hash/0ba520d93c3df592c83a611961314c98-Abstract-Conference.html,18,0,0.08179782388294325,2.291153379405538,one resident CUDA worker; fixed released SAT workpoint,3,,401.8888888888889,resident parent query; once-only model setup separately,2.2756076866967807
330.4274691358025,sun2023difusco,,0,0,120,0,7,overall_equal_family,330.3996913580247,DIFUSCO-SAT-50x4,5.945562440901995,5.827865839004517,40,https://proceedings.neurips.cc/paper_files/paper/2023/hash/0ba520d93c3df592c83a611961314c98-Abstract-Conference.html,120,0,0.12312737974626294,5.573658964030422,one resident CUDA worker; fixed released SAT workpoint,,,330.3996913580247,resident parent query; once-only model setup separately,5.554854054820297
17.645833333333332,ma2025coexpander,,0,0,48,0,28,DIMACS,16.895833333333332,COExpander-SAT-CM-1x1,7.237710848450661,7.12460096180439,16,https://proceedings.mlr.press/v267/ma25r.html,48,0,0.07552673220776669,0.12283300088408093,one resident CUDA worker; fixed released SAT workpoint,3,,16.895833333333332,resident parent query; once-only model setup separately,0.10233076188402872
557.3333333333334,ma2025coexpander,,0,0,54,0,0,SATLIB-UF,557.3333333333334,COExpander-SAT-CM-1x1,7.237710848450661,7.12460096180439,18,https://proceedings.mlr.press/v267/ma25r.html,54,0,0.056444531779787775,0.06438257062324772,one resident CUDA worker; fixed released SAT workpoint,3,,557.3333333333334,resident parent query; once-only model setup separately,0.05326316471177119
393.22222222222223,ma2025coexpander,,0,0,18,0,0,SATLIB-CBS,393.22222222222223,COExpander-SAT-CM-1x1,7.237710848450661,7.12460096180439,6,https://proceedings.mlr.press/v267/ma25r.html,18,0,0.058442809084168525,0.031922626619537674,one resident CUDA worker; fixed released SAT workpoint,3,,393.22222222222223,resident parent query; once-only model setup separately,0.02409178742931949
322.7337962962963,ma2025coexpander,,0,0,120,0,28,overall_equal_family,322.4837962962963,COExpander-SAT-CM-1x1,7.237710848450661,7.12460096180439,40,https://proceedings.mlr.press/v267/ma25r.html,120,0,0.06347135769057433,0.07304606604228878,one resident CUDA worker; fixed released SAT workpoint,,,322.4837962962963,resident parent query; once-only model setup separately,0.05989523800837313
