run_id,source,source_group,graph_id,policy_label,budget_id,deadline_seconds,is_primary_quality_allowance,external_caller_observed_return_seconds,controller_return_sample_seconds,missed_return_sample,actual_gain_seconds,paid_shared_prefix_gain_seconds,actual_gain_beyond_paid_shared_prefix_seconds,strict_on_time_gain_seconds,returned_value_seconds,initial_value_seconds,stop_reason,initial_mask_sha256,strict_on_time_gain_beyond_paid_shared_prefix_seconds,completed_requests,actual_native_calls,observed_completed_native_calls,requests_without_observed_completed_response,solver_procedure_finished,native_complete_output_produced,native_complete_output_count,native_complete_output_value_seconds,complete_result_produced,solution_quality_value_seconds,legit_no_native_required,no_native_required_reason,failed_completed_requests,observed_verified_native_responses,initial_membership_full_graph_valid,returned_membership_full_graph_valid,completion_failure_reasons,complete_result_gain_seconds,report_usable,failure_or_unknown_outcome,strict_delivered_gain_including_failed_runs_seconds,whole_cli_wall_seconds_including_resident_setup
JR-DUAL-r004-R12-g0170__quality-60s__FullCapacity-seed17,4,JR-SOURCE-r004,JR-DUAL-r004-R12-g0170,FullCapacity-seed17,quality,60.0,False,5.502235189080238,5.5017324313521385,False,1541.267797199078,936.5329986889847,604.7347985100932,1541.267797199078,1304973.069273544,1303431.801476345,finished,fbe3542bc10d6e29f34c92f7f683e589b949a922799ab11d476bfdc684e673b1,604.7347985100932,8,4,4,0,True,False,0,,True,1304973.069273544,False,,0,4,True,True,[],1541.267797199078,True,False,1541.267797199078,15.01094377040863
JR-DUAL-r004-R12-g0170__quality-60s__FullCapacity-seed29,4,JR-SOURCE-r004,JR-DUAL-r004-R12-g0170,FullCapacity-seed29,quality,60.0,False,5.27003613486886,5.2696525529026985,False,1541.267797199078,936.5329986889847,604.7347985100932,1541.267797199078,1304973.069273544,1303431.801476345,finished,fbe3542bc10d6e29f34c92f7f683e589b949a922799ab11d476bfdc684e673b1,604.7347985100932,8,8,8,0,True,False,0,,True,1304973.069273544,False,,0,8,True,True,[],1541.267797199078,True,False,1541.267797199078,13.975572362542152
JR-DUAL-r004-R12-g0170__quality-60s__FullCheapSummary-seed17,4,JR-SOURCE-r004,JR-DUAL-r004-R12-g0170,FullCheapSummary-seed17,quality,60.0,False,5.238049026578665,5.23769711330533,False,1541.267797199078,936.5329986889847,604.7347985100932,1541.267797199078,1304973.069273544,1303431.801476345,finished,fbe3542bc10d6e29f34c92f7f683e589b949a922799ab11d476bfdc684e673b1,604.7347985100932,8,8,8,0,True,False,0,,True,1304973.069273544,False,,0,8,True,True,[],1541.267797199078,True,False,1541.267797199078,12.474857412278652
JR-DUAL-r004-R12-g0170__quality-60s__FullCheapSummary-seed29,4,JR-SOURCE-r004,JR-DUAL-r004-R12-g0170,FullCheapSummary-seed29,quality,60.0,False,5.082519680261612,5.082234729081392,False,1541.267797199078,936.5329986889847,604.7347985100932,1541.267797199078,1304973.069273544,1303431.801476345,finished,fbe3542bc10d6e29f34c92f7f683e589b949a922799ab11d476bfdc684e673b1,604.7347985100932,8,8,8,0,True,False,0,,True,1304973.069273544,False,,0,8,True,True,[],1541.267797199078,True,False,1541.267797199078,11.597617778927088
JR-DUAL-r004-R12-g0170__quality-60s__FullP1,4,JR-SOURCE-r004,JR-DUAL-r004-R12-g0170,FullP1,quality,60.0,False,0.9034234583377838,0.903034683316946,False,936.5329986889847,936.5329986889847,0.0,936.5329986889847,1304368.334475034,1303431.801476345,finished,fbe3542bc10d6e29f34c92f7f683e589b949a922799ab11d476bfdc684e673b1,0.0,8,0,0,0,True,False,0,,True,1304368.334475034,True,only_empty_recovery_domains_attempted,0,0,True,True,[],936.5329986889847,True,False,936.5329986889847,7.543588414788246
JR-DUAL-r004-R12-g0170__quality-60s__FullGreedy,4,JR-SOURCE-r004,JR-DUAL-r004-R12-g0170,FullGreedy,quality,60.0,False,1.7820740528404713,1.7816306091845036,False,1541.267797199078,936.5329986889847,604.7347985100932,1541.267797199078,1304973.069273544,1303431.801476345,finished,fbe3542bc10d6e29f34c92f7f683e589b949a922799ab11d476bfdc684e673b1,604.7347985100932,8,7,7,0,True,False,0,,True,1304973.069273544,False,,0,7,True,True,[],1541.267797199078,True,False,1541.267797199078,8.3151631988585
JR-DUAL-r004-R12-g0170__quality-60s__CHILS-p1,4,JR-SOURCE-r004,JR-DUAL-r004-R12-g0170,CHILS-p1,quality,60.0,False,42.35129598528147,42.351220063865185,False,66739.96542082005,0.0,66739.96542082005,66739.96542082005,1370171.766897165,1303431.801476345,finished,fbe3542bc10d6e29f34c92f7f683e589b949a922799ab11d476bfdc684e673b1,,,1,,,True,True,1,1370171.766897165,True,1370171.766897165,False,,0,0,True,True,[],66739.96542082005,True,False,66739.96542082005,45.02552891522646
JR-DUAL-r004-R12-g0170__quality-60s__HiGHS-MILP,4,JR-SOURCE-r004,JR-DUAL-r004-R12-g0170,HiGHS-MILP,quality,60.0,False,45.675931088626385,45.675761703401804,False,0.0,0.0,0.0,0.0,1303431.801476345,1303431.801476345,finished,fbe3542bc10d6e29f34c92f7f683e589b949a922799ab11d476bfdc684e673b1,,,1,,,True,True,1,452163.231612989,True,1303431.801476345,False,,0,0,True,True,[],0.0,True,False,0.0,48.37836594879627
JR-DUAL-r004-R12-g0340__quality-60s__FullCapacity-seed17,4,JR-SOURCE-r004,JR-DUAL-r004-R12-g0340,FullCapacity-seed17,quality,60.0,False,5.9655274003744125,5.9651265405118465,False,4124.120366530959,2337.9117220509797,1786.2086444799788,4124.120366530959,1207771.66815911,1203647.547792579,finished,2fd84009569428fe0f987af6370149f42dac9e49b08c584c67f068f1f2fda5fb,1786.2086444799788,8,8,8,0,True,False,0,,True,1207771.66815911,False,,0,8,True,True,[],4124.120366530959,True,False,4124.120366530959,12.597218330949545
JR-DUAL-r004-R12-g0340__quality-60s__FullCapacity-seed29,4,JR-SOURCE-r004,JR-DUAL-r004-R12-g0340,FullCapacity-seed29,quality,60.0,False,4.5631357580423355,4.562788557261229,False,4124.120366530959,2337.9117220509797,1786.2086444799788,4124.120366530959,1207771.66815911,1203647.547792579,finished,2fd84009569428fe0f987af6370149f42dac9e49b08c584c67f068f1f2fda5fb,1786.2086444799788,8,8,8,0,True,False,0,,True,1207771.66815911,False,,0,8,True,True,[],4124.120366530959,True,False,4124.120366530959,11.999656833708286
JR-DUAL-r004-R12-g0340__quality-60s__FullCheapSummary-seed17,4,JR-SOURCE-r004,JR-DUAL-r004-R12-g0340,FullCheapSummary-seed17,quality,60.0,False,5.986470781266689,5.986047089099884,False,4124.120366530959,2337.9117220509797,1786.2086444799788,4124.120366530959,1207771.66815911,1203647.547792579,finished,2fd84009569428fe0f987af6370149f42dac9e49b08c584c67f068f1f2fda5fb,1786.2086444799788,8,8,8,0,True,False,0,,True,1207771.66815911,False,,0,8,True,True,[],4124.120366530959,True,False,4124.120366530959,12.688304863870144
JR-DUAL-r004-R12-g0340__quality-60s__FullCheapSummary-seed29,4,JR-SOURCE-r004,JR-DUAL-r004-R12-g0340,FullCheapSummary-seed29,quality,60.0,False,4.316223453730345,4.315867610275745,False,4124.120366530959,2337.9117220509797,1786.2086444799788,4124.120366530959,1207771.66815911,1203647.547792579,finished,2fd84009569428fe0f987af6370149f42dac9e49b08c584c67f068f1f2fda5fb,1786.2086444799788,8,8,8,0,True,False,0,,True,1207771.66815911,False,,0,8,True,True,[],4124.120366530959,True,False,4124.120366530959,12.019955545663834
JR-DUAL-r004-R12-g0340__quality-60s__FullP1,4,JR-SOURCE-r004,JR-DUAL-r004-R12-g0340,FullP1,quality,60.0,False,2.0962090492248535,2.0958549827337265,False,2337.9117220509797,2337.9117220509797,0.0,2337.9117220509797,1205985.45951463,1203647.547792579,finished,2fd84009569428fe0f987af6370149f42dac9e49b08c584c67f068f1f2fda5fb,0.0,8,8,8,0,True,False,0,,True,1205985.45951463,False,,0,8,True,True,[],2337.9117220509797,True,False,2337.9117220509797,8.986251749098301
JR-DUAL-r004-R12-g0340__quality-60s__FullGreedy,4,JR-SOURCE-r004,JR-DUAL-r004-R12-g0340,FullGreedy,quality,60.0,False,2.6899790689349174,2.6896502785384655,False,4124.120366530959,2337.9117220509797,1786.2086444799788,4124.120366530959,1207771.66815911,1203647.547792579,finished,2fd84009569428fe0f987af6370149f42dac9e49b08c584c67f068f1f2fda5fb,1786.2086444799788,8,8,8,0,True,False,0,,True,1207771.66815911,False,,0,8,True,True,[],4124.120366530959,True,False,4124.120366530959,9.267704386264086
JR-DUAL-r004-R12-g0340__quality-60s__CHILS-p1,4,JR-SOURCE-r004,JR-DUAL-r004-R12-g0340,CHILS-p1,quality,60.0,False,42.366944056004286,42.366856165230274,False,90235.24654720305,0.0,90235.24654720305,90235.24654720305,1293882.794339782,1203647.547792579,finished,2fd84009569428fe0f987af6370149f42dac9e49b08c584c67f068f1f2fda5fb,,,1,,,True,True,1,1293882.794339782,True,1293882.794339782,False,,0,0,True,True,[],90235.24654720305,True,False,90235.24654720305,45.360299311578274
JR-DUAL-r004-R12-g0340__quality-60s__HiGHS-MILP,4,JR-SOURCE-r004,JR-DUAL-r004-R12-g0340,HiGHS-MILP,quality,60.0,False,61.350490126758814,61.350434977561235,True,0.0,0.0,0.0,0.0,1203647.547792579,1203647.547792579,deadline_reached,2fd84009569428fe0f987af6370149f42dac9e49b08c584c67f068f1f2fda5fb,,,,,,False,False,0,,False,,False,,0,0,True,True,"[""caller_return_late_or_unknown"", ""procedure_not_finished"", ""no_actual_complete_feasible_native_output_external_S_is_fallback_only""]",,True,False,0.0,65.73174358159304
JR-DUAL-r004-R12-g0340__quality-120s__HiGHS-MILP,4,JR-SOURCE-r004,JR-DUAL-r004-R12-g0340,HiGHS-MILP,quality,120.0,False,121.79144525527954,121.79138668999076,True,0.0,0.0,0.0,0.0,1203647.547792579,1203647.547792579,deadline_reached,2fd84009569428fe0f987af6370149f42dac9e49b08c584c67f068f1f2fda5fb,,,,,,False,False,0,,False,,False,,0,0,True,True,"[""caller_return_late_or_unknown"", ""procedure_not_finished"", ""no_actual_complete_feasible_native_output_external_S_is_fallback_only""]",,True,False,0.0,124.56404643133283
JR-DUAL-r004-R12-g0340__quality-300s__HiGHS-MILP,4,JR-SOURCE-r004,JR-DUAL-r004-R12-g0340,HiGHS-MILP,quality,300.0,False,300.35669976472855,300.3566388040781,True,0.0,0.0,0.0,0.0,1203647.547792579,1203647.547792579,deadline_reached,2fd84009569428fe0f987af6370149f42dac9e49b08c584c67f068f1f2fda5fb,,,,,,False,False,0,,False,,False,,0,0,True,True,"[""caller_return_late_or_unknown"", ""procedure_not_finished"", ""no_actual_complete_feasible_native_output_external_S_is_fallback_only""]",,True,False,0.0,303.04132978245616
JR-DUAL-r004-R12-g0680__quality-60s__FullCapacity-seed17,4,JR-SOURCE-r004,JR-DUAL-r004-R12-g0680,FullCapacity-seed17,quality,60.0,False,3.827745210379362,3.827505275607109,False,1581.08726557903,1429.0111323989695,152.07613318006042,1581.08726557903,1001643.857914721,1000062.770649142,finished,3248460e394e2eb0db1fc14462f5c1e3cacc682ace9982e7902be43d69579360,152.07613318006042,8,8,8,0,True,False,0,,True,1001643.857914721,False,,0,8,True,True,[],1581.08726557903,True,False,1581.08726557903,10.3204937428236
JR-DUAL-r004-R12-g0680__quality-60s__FullCapacity-seed29,4,JR-SOURCE-r004,JR-DUAL-r004-R12-g0680,FullCapacity-seed29,quality,60.0,False,4.098390821367502,4.098219037055969,False,1581.08726557903,1429.0111323989695,152.07613318006042,1581.08726557903,1001643.857914721,1000062.770649142,finished,3248460e394e2eb0db1fc14462f5c1e3cacc682ace9982e7902be43d69579360,152.07613318006042,8,8,8,0,True,False,0,,True,1001643.857914721,False,,0,8,True,True,[],1581.08726557903,True,False,1581.08726557903,11.495386350899935
JR-DUAL-r004-R12-g0680__quality-60s__FullCheapSummary-seed17,4,JR-SOURCE-r004,JR-DUAL-r004-R12-g0680,FullCheapSummary-seed17,quality,60.0,False,3.6392213590443134,3.6389585323631763,False,1581.08726557903,1429.0111323989695,152.07613318006042,1581.08726557903,1001643.857914721,1000062.770649142,finished,3248460e394e2eb0db1fc14462f5c1e3cacc682ace9982e7902be43d69579360,152.07613318006042,8,8,8,0,True,False,0,,True,1001643.857914721,False,,0,8,True,True,[],1581.08726557903,True,False,1581.08726557903,10.646646615117788
JR-DUAL-r004-R12-g0680__quality-60s__FullCheapSummary-seed29,4,JR-SOURCE-r004,JR-DUAL-r004-R12-g0680,FullCheapSummary-seed29,quality,60.0,False,4.479400683194399,4.479035183787346,False,1581.08726557903,1429.0111323989695,152.07613318006042,1581.08726557903,1001643.857914721,1000062.770649142,finished,3248460e394e2eb0db1fc14462f5c1e3cacc682ace9982e7902be43d69579360,152.07613318006042,8,8,8,0,True,False,0,,True,1001643.857914721,False,,0,8,True,True,[],1581.08726557903,True,False,1581.08726557903,12.109006892889738
JR-DUAL-r004-R12-g0680__quality-60s__FullP1,4,JR-SOURCE-r004,JR-DUAL-r004-R12-g0680,FullP1,quality,60.0,False,2.3577086441218853,2.357262283563614,False,1429.0111323989695,1429.0111323989695,0.0,1429.0111323989695,1001491.781781541,1000062.770649142,finished,3248460e394e2eb0db1fc14462f5c1e3cacc682ace9982e7902be43d69579360,0.0,8,8,8,0,True,False,0,,True,1001491.781781541,False,,0,8,True,True,[],1429.0111323989695,True,False,1429.0111323989695,9.600275482982397
JR-DUAL-r004-R12-g0680__quality-60s__FullGreedy,4,JR-SOURCE-r004,JR-DUAL-r004-R12-g0680,FullGreedy,quality,60.0,False,1.961612705141306,1.9612103216350079,False,1581.08726557903,1429.0111323989695,152.07613318006042,1581.08726557903,1001643.857914721,1000062.770649142,finished,3248460e394e2eb0db1fc14462f5c1e3cacc682ace9982e7902be43d69579360,152.07613318006042,8,8,8,0,True,False,0,,True,1001643.857914721,False,,0,8,True,True,[],1581.08726557903,True,False,1581.08726557903,9.263346064835787
JR-DUAL-r004-R12-g0680__quality-60s__CHILS-p1,4,JR-SOURCE-r004,JR-DUAL-r004-R12-g0680,CHILS-p1,quality,60.0,False,42.438512936234474,42.43843337893486,False,106809.6883942479,0.0,106809.6883942479,106809.6883942479,1106872.45904339,1000062.770649142,finished,3248460e394e2eb0db1fc14462f5c1e3cacc682ace9982e7902be43d69579360,,,1,,,True,True,1,1106872.45904339,True,1106872.45904339,False,,0,0,True,True,[],106809.6883942479,True,False,106809.6883942479,45.751599475741386
JR-DUAL-r004-R12-g0680__quality-60s__HiGHS-MILP,4,JR-SOURCE-r004,JR-DUAL-r004-R12-g0680,HiGHS-MILP,quality,60.0,False,61.01012663170695,61.01005696505308,True,0.0,0.0,0.0,0.0,1000062.770649142,1000062.770649142,deadline_reached,3248460e394e2eb0db1fc14462f5c1e3cacc682ace9982e7902be43d69579360,,,,,,False,False,0,,False,,False,,0,0,True,True,"[""caller_return_late_or_unknown"", ""procedure_not_finished"", ""no_actual_complete_feasible_native_output_external_S_is_fallback_only""]",,True,False,0.0,64.80641668662429
JR-DUAL-r004-R12-g0680__quality-120s__HiGHS-MILP,4,JR-SOURCE-r004,JR-DUAL-r004-R12-g0680,HiGHS-MILP,quality,120.0,False,121.13914220780134,121.13908727094531,True,0.0,0.0,0.0,0.0,1000062.770649142,1000062.770649142,deadline_reached,3248460e394e2eb0db1fc14462f5c1e3cacc682ace9982e7902be43d69579360,,,,,,False,False,0,,False,,False,,0,0,True,True,"[""caller_return_late_or_unknown"", ""procedure_not_finished"", ""no_actual_complete_feasible_native_output_external_S_is_fallback_only""]",,True,False,0.0,124.50502174347639
JR-DUAL-r004-R12-g0680__quality-300s__HiGHS-MILP,4,JR-SOURCE-r004,JR-DUAL-r004-R12-g0680,HiGHS-MILP,quality,300.0,False,300.2751037850976,300.2750079445541,True,0.0,0.0,0.0,0.0,1000062.770649142,1000062.770649142,deadline_reached,3248460e394e2eb0db1fc14462f5c1e3cacc682ace9982e7902be43d69579360,,,,,,False,False,0,,False,,False,,0,0,True,True,"[""caller_return_late_or_unknown"", ""procedure_not_finished"", ""no_actual_complete_feasible_native_output_external_S_is_fallback_only""]",,True,False,0.0,303.7425848506391
JR-DUAL-r004-R8-g0170__quality-60s__FullCapacity-seed17,4,JR-SOURCE-r004,JR-DUAL-r004-R8-g0170,FullCapacity-seed17,quality,60.0,False,2.0556610450148582,2.0554712302982807,False,3810.565300715156,1757.896455683047,2052.668845032109,3810.565300715156,1070103.155451792,1066292.590151077,finished,7d6b0f673d9cc523cd38f4f967d2f52b3a583cb3bbad2dbbe67c399391c30926,2052.668845032109,8,7,7,0,True,False,0,,True,1070103.155451792,False,,0,7,True,True,[],3810.565300715156,True,False,3810.565300715156,6.590822152793407
JR-DUAL-r004-R8-g0170__quality-60s__FullCapacity-seed29,4,JR-SOURCE-r004,JR-DUAL-r004-R8-g0170,FullCapacity-seed29,quality,60.0,False,4.599134799093008,4.598817743360996,False,3810.565300715156,1757.896455683047,2052.668845032109,3810.565300715156,1070103.155451792,1066292.590151077,finished,7d6b0f673d9cc523cd38f4f967d2f52b3a583cb3bbad2dbbe67c399391c30926,2052.668845032109,8,8,8,0,True,False,0,,True,1070103.155451792,False,,0,8,True,True,[],3810.565300715156,True,False,3810.565300715156,10.286762811243534
JR-DUAL-r004-R8-g0170__quality-60s__FullCheapSummary-seed17,4,JR-SOURCE-r004,JR-DUAL-r004-R8-g0170,FullCheapSummary-seed17,quality,60.0,False,4.438310496509075,4.43790066242218,False,3810.565300715156,1757.896455683047,2052.668845032109,3810.565300715156,1070103.155451792,1066292.590151077,finished,7d6b0f673d9cc523cd38f4f967d2f52b3a583cb3bbad2dbbe67c399391c30926,2052.668845032109,8,8,8,0,True,False,0,,True,1070103.155451792,False,,0,8,True,True,[],3810.565300715156,True,False,3810.565300715156,10.00071033835411
JR-DUAL-r004-R8-g0170__quality-60s__FullCheapSummary-seed29,4,JR-SOURCE-r004,JR-DUAL-r004-R8-g0170,FullCheapSummary-seed29,quality,60.0,False,3.2741749174892902,3.2738202773034573,False,3810.565300715156,1757.896455683047,2052.668845032109,3810.565300715156,1070103.155451792,1066292.590151077,finished,7d6b0f673d9cc523cd38f4f967d2f52b3a583cb3bbad2dbbe67c399391c30926,2052.668845032109,8,7,7,0,True,False,0,,True,1070103.155451792,False,,0,7,True,True,[],3810.565300715156,True,False,3810.565300715156,8.406250946223736
JR-DUAL-r004-R8-g0170__quality-60s__FullP1,4,JR-SOURCE-r004,JR-DUAL-r004-R8-g0170,FullP1,quality,60.0,False,0.6659223735332489,0.6656325981020927,False,2224.452569110086,1757.896455683047,466.55611342703924,2224.452569110086,1068517.042720187,1066292.590151077,finished,7d6b0f673d9cc523cd38f4f967d2f52b3a583cb3bbad2dbbe67c399391c30926,466.55611342703924,8,2,2,0,True,False,0,,True,1068517.042720187,False,,0,2,True,True,[],2224.452569110086,True,False,2224.452569110086,6.282258838415146
JR-DUAL-r004-R8-g0170__quality-60s__FullGreedy,4,JR-SOURCE-r004,JR-DUAL-r004-R8-g0170,FullGreedy,quality,60.0,False,0.9306166395545006,0.9303920641541481,False,3810.565300715156,1757.896455683047,2052.668845032109,3810.565300715156,1070103.155451792,1066292.590151077,finished,7d6b0f673d9cc523cd38f4f967d2f52b3a583cb3bbad2dbbe67c399391c30926,2052.668845032109,8,7,7,0,True,False,0,,True,1070103.155451792,False,,0,7,True,True,[],3810.565300715156,True,False,3810.565300715156,5.873391356319189
JR-DUAL-r004-R8-g0170__quality-60s__CHILS-p1,4,JR-SOURCE-r004,JR-DUAL-r004-R8-g0170,CHILS-p1,quality,60.0,False,42.20111044123769,42.20103144645691,False,112306.52189217601,0.0,112306.52189217601,112306.52189217601,1178599.112043253,1066292.590151077,finished,7d6b0f673d9cc523cd38f4f967d2f52b3a583cb3bbad2dbbe67c399391c30926,,,1,,,True,True,1,1178599.112043253,True,1178599.112043253,False,,0,0,True,True,[],112306.52189217601,True,False,112306.52189217601,43.4829477481544
JR-DUAL-r004-R8-g0170__quality-60s__HiGHS-MILP,4,JR-SOURCE-r004,JR-DUAL-r004-R8-g0170,HiGHS-MILP,quality,60.0,False,43.619523141533136,43.61946212127805,False,0.0,0.0,0.0,0.0,1066292.590151077,1066292.590151077,finished,7d6b0f673d9cc523cd38f4f967d2f52b3a583cb3bbad2dbbe67c399391c30926,,,1,,,True,True,1,91353.265683667,True,1066292.590151077,False,,0,0,True,True,[],0.0,True,False,0.0,45.53111809119582
JR-DUAL-r004-R8-g0340__quality-60s__FullCapacity-seed17,4,JR-SOURCE-r004,JR-DUAL-r004-R8-g0340,FullCapacity-seed17,quality,60.0,False,3.387768402695656,3.38755714148283,False,2590.4100547230337,1250.6095679820282,1339.8004867410054,2590.4100547230337,960795.272092125,958204.862037402,finished,0d5b5e612cc6a6fe04578bdbcc946e217df0fc59fe1ec371a21591634b6602bf,1339.8004867410054,8,8,8,0,True,False,0,,True,960795.272092125,False,,0,8,True,True,[],2590.4100547230337,True,False,2590.4100547230337,9.312253016978502
JR-DUAL-r004-R8-g0340__quality-60s__FullCapacity-seed29,4,JR-SOURCE-r004,JR-DUAL-r004-R8-g0340,FullCapacity-seed29,quality,60.0,False,4.219791546463966,4.219457410275936,False,2590.4100547230337,1250.6095679820282,1339.8004867410054,2590.4100547230337,960795.272092125,958204.862037402,finished,0d5b5e612cc6a6fe04578bdbcc946e217df0fc59fe1ec371a21591634b6602bf,1339.8004867410054,8,8,8,0,True,False,0,,True,960795.272092125,False,,0,8,True,True,[],2590.4100547230337,True,False,2590.4100547230337,10.097348343580961
JR-DUAL-r004-R8-g0340__quality-60s__FullCheapSummary-seed17,4,JR-SOURCE-r004,JR-DUAL-r004-R8-g0340,FullCheapSummary-seed17,quality,60.0,False,3.1680064648389816,3.1678604632616043,False,2590.4100547230337,1250.6095679820282,1339.8004867410054,2590.4100547230337,960795.272092125,958204.862037402,finished,0d5b5e612cc6a6fe04578bdbcc946e217df0fc59fe1ec371a21591634b6602bf,1339.8004867410054,8,8,8,0,True,False,0,,True,960795.272092125,False,,0,8,True,True,[],2590.4100547230337,True,False,2590.4100547230337,9.382628325372934
JR-DUAL-r004-R8-g0340__quality-60s__FullCheapSummary-seed29,4,JR-SOURCE-r004,JR-DUAL-r004-R8-g0340,FullCheapSummary-seed29,quality,60.0,False,3.0709769316017628,3.0708101131021976,False,2590.4100547230337,1250.6095679820282,1339.8004867410054,2590.4100547230337,960795.272092125,958204.862037402,finished,0d5b5e612cc6a6fe04578bdbcc946e217df0fc59fe1ec371a21591634b6602bf,1339.8004867410054,8,8,8,0,True,False,0,,True,960795.272092125,False,,0,8,True,True,[],2590.4100547230337,True,False,2590.4100547230337,9.393794476985931
JR-DUAL-r004-R8-g0340__quality-60s__FullP1,4,JR-SOURCE-r004,JR-DUAL-r004-R8-g0340,FullP1,quality,60.0,False,3.6056730672717094,3.605369947850704,False,1250.6095679820282,1250.6095679820282,0.0,1250.6095679820282,959455.471605384,958204.862037402,finished,0d5b5e612cc6a6fe04578bdbcc946e217df0fc59fe1ec371a21591634b6602bf,0.0,8,8,8,0,True,False,0,,True,959455.471605384,False,,0,8,True,True,[],1250.6095679820282,True,False,1250.6095679820282,9.800348997116089
JR-DUAL-r004-R8-g0340__quality-60s__FullGreedy,4,JR-SOURCE-r004,JR-DUAL-r004-R8-g0340,FullGreedy,quality,60.0,False,2.3778528310358524,2.3776689171791077,False,2590.4100547230337,1250.6095679820282,1339.8004867410054,2590.4100547230337,960795.272092125,958204.862037402,finished,0d5b5e612cc6a6fe04578bdbcc946e217df0fc59fe1ec371a21591634b6602bf,1339.8004867410054,8,8,8,0,True,False,0,,True,960795.272092125,False,,0,8,True,True,[],2590.4100547230337,True,False,2590.4100547230337,7.723831783980131
JR-DUAL-r004-R8-g0340__quality-60s__CHILS-p1,4,JR-SOURCE-r004,JR-DUAL-r004-R8-g0340,CHILS-p1,quality,60.0,False,42.2138931080699,42.213822178542614,False,88651.38413455698,0.0,88651.38413455698,88651.38413455698,1046856.246171959,958204.862037402,finished,0d5b5e612cc6a6fe04578bdbcc946e217df0fc59fe1ec371a21591634b6602bf,,,1,,,True,True,1,1046856.246171959,True,1046856.246171959,False,,0,0,True,True,[],88651.38413455698,True,False,88651.38413455698,43.87091802805662
JR-DUAL-r004-R8-g0340__quality-60s__HiGHS-MILP,4,JR-SOURCE-r004,JR-DUAL-r004-R8-g0340,HiGHS-MILP,quality,60.0,False,46.246851209551096,46.246799897402525,False,0.0,0.0,0.0,0.0,958204.862037402,958204.862037402,finished,0d5b5e612cc6a6fe04578bdbcc946e217df0fc59fe1ec371a21591634b6602bf,,,1,,,True,True,1,11779.522141214,True,958204.862037402,False,,0,0,True,True,[],0.0,True,False,0.0,48.00990176945925
JR-DUAL-r004-R8-g0680__quality-60s__FullCapacity-seed17,4,JR-SOURCE-r004,JR-DUAL-r004-R8-g0680,FullCapacity-seed17,quality,60.0,False,3.098674789071083,3.0985140278935432,False,1360.415345204994,682.0938375300029,678.3215076749912,1360.415345204994,729280.772274938,727920.356929733,finished,115a7f334be3df5f20130d82d967aa87476fab74f2fe2690008609ae3260c83d,678.3215076749912,8,8,8,0,True,False,0,,True,729280.772274938,False,,0,8,True,True,[],1360.415345204994,True,False,1360.415345204994,8.536387868225574
JR-DUAL-r004-R8-g0680__quality-60s__FullCapacity-seed29,4,JR-SOURCE-r004,JR-DUAL-r004-R8-g0680,FullCapacity-seed29,quality,60.0,False,3.325502824038267,3.3253198824822903,False,1360.415345204994,682.0938375300029,678.3215076749912,1360.415345204994,729280.772274938,727920.356929733,finished,115a7f334be3df5f20130d82d967aa87476fab74f2fe2690008609ae3260c83d,678.3215076749912,8,8,8,0,True,False,0,,True,729280.772274938,False,,0,8,True,True,[],1360.415345204994,True,False,1360.415345204994,8.719150085002184
JR-DUAL-r004-R8-g0680__quality-60s__FullCheapSummary-seed17,4,JR-SOURCE-r004,JR-DUAL-r004-R8-g0680,FullCheapSummary-seed17,quality,60.0,False,4.152437470853329,4.152273219078779,False,1360.415345204994,682.0938375300029,678.3215076749912,1360.415345204994,729280.772274938,727920.356929733,finished,115a7f334be3df5f20130d82d967aa87476fab74f2fe2690008609ae3260c83d,678.3215076749912,8,8,8,0,True,False,0,,True,729280.772274938,False,,0,8,True,True,[],1360.415345204994,True,False,1360.415345204994,9.439551550894976
JR-DUAL-r004-R8-g0680__quality-60s__FullCheapSummary-seed29,4,JR-SOURCE-r004,JR-DUAL-r004-R8-g0680,FullCheapSummary-seed29,quality,60.0,False,4.224789675325155,4.224621094763279,False,1360.415345204994,682.0938375300029,678.3215076749912,1360.415345204994,729280.772274938,727920.356929733,finished,115a7f334be3df5f20130d82d967aa87476fab74f2fe2690008609ae3260c83d,678.3215076749912,8,8,8,0,True,False,0,,True,729280.772274938,False,,0,8,True,True,[],1360.415345204994,True,False,1360.415345204994,9.237253043800592
JR-DUAL-r004-R8-g0680__quality-60s__FullP1,4,JR-SOURCE-r004,JR-DUAL-r004-R8-g0680,FullP1,quality,60.0,False,3.47518415376544,3.4749485589563847,False,767.5897803000407,682.0938375300029,85.4959427700378,767.5897803000407,728687.946710033,727920.356929733,finished,115a7f334be3df5f20130d82d967aa87476fab74f2fe2690008609ae3260c83d,85.4959427700378,8,8,8,0,True,False,0,,True,728687.946710033,False,,0,8,True,True,[],767.5897803000407,True,False,767.5897803000407,8.705453608185053
JR-DUAL-r004-R8-g0680__quality-60s__FullGreedy,4,JR-SOURCE-r004,JR-DUAL-r004-R8-g0680,FullGreedy,quality,60.0,False,2.335401549935341,2.3351456187665462,False,1360.415345204994,682.0938375300029,678.3215076749912,1360.415345204994,729280.772274938,727920.356929733,finished,115a7f334be3df5f20130d82d967aa87476fab74f2fe2690008609ae3260c83d,678.3215076749912,8,8,8,0,True,False,0,,True,729280.772274938,False,,0,8,True,True,[],1360.415345204994,True,False,1360.415345204994,7.81775389239192
JR-DUAL-r004-R8-g0680__quality-60s__CHILS-p1,4,JR-SOURCE-r004,JR-DUAL-r004-R8-g0680,CHILS-p1,quality,60.0,False,42.254765912890434,42.25469554960728,False,67191.42228594108,0.0,67191.42228594108,67191.42228594108,795111.779215674,727920.356929733,finished,115a7f334be3df5f20130d82d967aa87476fab74f2fe2690008609ae3260c83d,,,1,,,True,True,1,795111.779215674,True,795111.779215674,False,,0,0,True,True,[],67191.42228594108,True,False,67191.42228594108,44.165972638875246
JR-DUAL-r004-R8-g0680__quality-60s__HiGHS-MILP,4,JR-SOURCE-r004,JR-DUAL-r004-R8-g0680,HiGHS-MILP,quality,60.0,False,50.043333765119314,50.04327233880758,False,0.0,0.0,0.0,0.0,727920.356929733,727920.356929733,finished,115a7f334be3df5f20130d82d967aa87476fab74f2fe2690008609ae3260c83d,,,1,,,True,True,1,2991.539688423,True,727920.356929733,False,,0,0,True,True,[],0.0,True,False,0.0,52.49989389628172
