policy,epoch,objective_specific_development_loss,matched_200ms_one_call_development_regret_seconds,regret_source_values,optimizer_steps,train_state_components,parameter_l2_change,method_display,method_display_en,method_role
Capacity-seed17,0,2.2548952230976687,239.54040248072081,"[{""source"": ""r004"", ""graph_count"": 6, ""record_count"": 72, ""missing_numeric_rows"": 0, ""mean"": 411.9501011838158}, {""source"": ""r005"", ""graph_count"": 6, ""record_count"": 72, ""missing_numeric_rows"": 0, ""mean"": 67.13070377762584}]",,,,JointRecovery（静态 max4 内部诊断）；seed17,JointRecovery (static diagnostic); seed17,INTERNAL_STATIC_MAX4_DIAGNOSTIC
Capacity-seed17,1,2.195702885174089,239.54040248072081,"[{""source"": ""r004"", ""graph_count"": 6, ""record_count"": 72, ""missing_numeric_rows"": 0, ""mean"": 411.9501011838158}, {""source"": ""r005"", ""graph_count"": 6, ""record_count"": 72, ""missing_numeric_rows"": 0, ""mean"": 67.13070377762584}]",6,"{""total"": 1.642857109196484, ""regression"": 0.7787919611566596, ""ranking"": 0.7748184002648904, ""auxiliary"": 1.7849349768625364}",0.3808115435578953,JointRecovery（静态 max4 内部诊断）；seed17,JointRecovery (static diagnostic); seed17,INTERNAL_STATIC_MAX4_DIAGNOSTIC
Capacity-seed17,2,2.168367596757081,239.54040248072081,"[{""source"": ""r004"", ""graph_count"": 6, ""record_count"": 72, ""missing_numeric_rows"": 0, ""mean"": 411.9501011838158}, {""source"": ""r005"", ""graph_count"": 6, ""record_count"": 72, ""missing_numeric_rows"": 0, ""mean"": 67.13070377762584}]",12,"{""total"": 1.5952899785091479, ""regression"": 0.7794306560212539, ""ranking"": 0.773490091368564, ""auxiliary"": 0.847384720419844}",0.6860128994774867,JointRecovery（静态 max4 内部诊断）；seed17,JointRecovery (static diagnostic); seed17,INTERNAL_STATIC_MAX4_DIAGNOSTIC
Capacity-seed17,3,2.171003376651141,239.54040248072081,"[{""source"": ""r004"", ""graph_count"": 6, ""record_count"": 72, ""missing_numeric_rows"": 0, ""mean"": 411.9501011838158}, {""source"": ""r005"", ""graph_count"": 6, ""record_count"": 72, ""missing_numeric_rows"": 0, ""mean"": 67.13070377762584}]",18,"{""total"": 1.583628954883251, ""regression"": 0.779504570696089, ""ranking"": 0.7733181298100518, ""auxiliary"": 0.616124989464879}",0.9055589191252236,JointRecovery（静态 max4 内部诊断）；seed17,JointRecovery (static diagnostic); seed17,INTERNAL_STATIC_MAX4_DIAGNOSTIC
Capacity-seed17,4,2.171666791662574,239.54040248072081,"[{""source"": ""r004"", ""graph_count"": 6, ""record_count"": 72, ""missing_numeric_rows"": 0, ""mean"": 411.9501011838158}, {""source"": ""r005"", ""graph_count"": 6, ""record_count"": 72, ""missing_numeric_rows"": 0, ""mean"": 67.13070377762584}]",24,"{""total"": 1.5865116447417273, ""regression"": 0.7795226377331548, ""ranking"": 0.7732753211181246, ""auxiliary"": 0.6742737479507923}",1.0301763566349633,JointRecovery（静态 max4 内部诊断）；seed17,JointRecovery (static diagnostic); seed17,INTERNAL_STATIC_MAX4_DIAGNOSTIC
Capacity-seed17,5,2.1678097968300185,239.54040248072081,"[{""source"": ""r004"", ""graph_count"": 6, ""record_count"": 72, ""missing_numeric_rows"": 0, ""mean"": 411.9501011838158}, {""source"": ""r005"", ""graph_count"": 6, ""record_count"": 72, ""missing_numeric_rows"": 0, ""mean"": 67.13070377762584}]",30,"{""total"": 1.5848946261426642, ""regression"": 0.7795263530376056, ""ranking"": 0.7732637765172901, ""auxiliary"": 0.642089891143971}",1.1365107042863043,JointRecovery（静态 max4 内部诊断）；seed17,JointRecovery (static diagnostic); seed17,INTERNAL_STATIC_MAX4_DIAGNOSTIC
Capacity-seed17,6,2.167967945130335,239.54040248072081,"[{""source"": ""r004"", ""graph_count"": 6, ""record_count"": 72, ""missing_numeric_rows"": 0, ""mean"": 411.9501011838158}, {""source"": ""r005"", ""graph_count"": 6, ""record_count"": 72, ""missing_numeric_rows"": 0, ""mean"": 67.13070377762584}]",36,"{""total"": 1.5824015936296847, ""regression"": 0.7795280976117485, ""ranking"": 0.7732591369381913, ""auxiliary"": 0.5922872378594346}",1.2559845822832525,JointRecovery（静态 max4 内部诊断）；seed17,JointRecovery (static diagnostic); seed17,INTERNAL_STATIC_MAX4_DIAGNOSTIC
Capacity-seed17,7,2.166930726211932,239.54040248072081,"[{""source"": ""r004"", ""graph_count"": 6, ""record_count"": 72, ""missing_numeric_rows"": 0, ""mean"": 411.9501011838158}, {""source"": ""r005"", ""graph_count"": 6, ""record_count"": 72, ""missing_numeric_rows"": 0, ""mean"": 67.13070377762584}]",42,"{""total"": 1.582376467426204, ""regression"": 0.7795291894322468, ""ranking"": 0.7732565846651546, ""auxiliary"": 0.5918137729167938}",1.3805461484283974,JointRecovery（静态 max4 内部诊断）；seed17,JointRecovery (static diagnostic); seed17,INTERNAL_STATIC_MAX4_DIAGNOSTIC
Capacity-seed17,8,2.1665356144722967,239.54040248072081,"[{""source"": ""r004"", ""graph_count"": 6, ""record_count"": 72, ""missing_numeric_rows"": 0, ""mean"": 411.9501011838158}, {""source"": ""r005"", ""graph_count"": 6, ""record_count"": 72, ""missing_numeric_rows"": 0, ""mean"": 67.13070377762584}]",48,"{""total"": 1.5815083204458158, ""regression"": 0.7795300683937967, ""ranking"": 0.7732542600737653, ""auxiliary"": 0.574479800545507}",1.5398893973805248,JointRecovery（静态 max4 内部诊断）；seed17,JointRecovery (static diagnostic); seed17,INTERNAL_STATIC_MAX4_DIAGNOSTIC
Capacity-seed17,9,2.1658294314725532,239.54040248072081,"[{""source"": ""r004"", ""graph_count"": 6, ""record_count"": 72, ""missing_numeric_rows"": 0, ""mean"": 411.9501011838158}, {""source"": ""r005"", ""graph_count"": 6, ""record_count"": 72, ""missing_numeric_rows"": 0, ""mean"": 67.13070377762584}]",54,"{""total"": 1.5811163859648838, ""regression"": 0.7795307206817799, ""ranking"": 0.7732525621210047, ""auxiliary"": 0.566661984556251}",1.7306083998536785,JointRecovery（静态 max4 内部诊断）；seed17,JointRecovery (static diagnostic); seed17,INTERNAL_STATIC_MAX4_DIAGNOSTIC
Capacity-seed17,10,2.1649848270333476,239.54040248072081,"[{""source"": ""r004"", ""graph_count"": 6, ""record_count"": 72, ""missing_numeric_rows"": 0, ""mean"": 411.9501011838158}, {""source"": ""r005"", ""graph_count"": 6, ""record_count"": 72, ""missing_numeric_rows"": 0, ""mean"": 67.13070377762584}]",60,"{""total"": 1.5803407712115183, ""regression"": 0.7795314844697714, ""ranking"": 0.7732504365108758, ""auxiliary"": 0.5511769038728542}",1.951525895966625,JointRecovery（静态 max4 内部诊断）；seed17,JointRecovery (static diagnostic); seed17,INTERNAL_STATIC_MAX4_DIAGNOSTIC
Capacity-seed17,11,2.1638719706485667,239.54040248072081,"[{""source"": ""r004"", ""graph_count"": 6, ""record_count"": 72, ""missing_numeric_rows"": 0, ""mean"": 411.9501011838158}, {""source"": ""r005"", ""graph_count"": 6, ""record_count"": 72, ""missing_numeric_rows"": 0, ""mean"": 67.13070377762584}]",66,"{""total"": 1.5794623285118077, ""regression"": 0.7795319683435891, ""ranking"": 0.7732490631475181, ""auxiliary"": 0.5336258487982882}",2.204599133848646,JointRecovery（静态 max4 内部诊断）；seed17,JointRecovery (static diagnostic); seed17,INTERNAL_STATIC_MAX4_DIAGNOSTIC
Capacity-seed17,12,2.1624864749610424,239.54040248072081,"[{""source"": ""r004"", ""graph_count"": 6, ""record_count"": 72, ""missing_numeric_rows"": 0, ""mean"": 411.9501011838158}, {""source"": ""r005"", ""graph_count"": 6, ""record_count"": 72, ""missing_numeric_rows"": 0, ""mean"": 67.13070377762584}]",72,"{""total"": 1.578265655371878, ""regression"": 0.7795325303967628, ""ranking"": 0.7732472588846923, ""auxiliary"": 0.5097172782859869}",2.4978731672442853,JointRecovery（静态 max4 内部诊断）；seed17,JointRecovery (static diagnostic); seed17,INTERNAL_STATIC_MAX4_DIAGNOSTIC
Capacity-seed17,13,2.1608884981316,236.58225869231802,"[{""source"": ""r004"", ""graph_count"": 6, ""record_count"": 72, ""missing_numeric_rows"": 0, ""mean"": 406.0338136070102}, {""source"": ""r005"", ""graph_count"": 6, ""record_count"": 72, ""missing_numeric_rows"": 0, ""mean"": 67.13070377762584}]",78,"{""total"": 1.5768133647636406, ""regression"": 0.779533206174771, ""ranking"": 0.7732456633429674, ""auxiliary"": 0.48068989389058614}",2.8087570153737453,JointRecovery（静态 max4 内部诊断）；seed17,JointRecovery (static diagnostic); seed17,INTERNAL_STATIC_MAX4_DIAGNOSTIC
Capacity-seed17,14,2.158994435229235,236.1879989889431,"[{""source"": ""r004"", ""graph_count"": 6, ""record_count"": 72, ""missing_numeric_rows"": 0, ""mean"": 405.24529420026033}, {""source"": ""r005"", ""graph_count"": 6, ""record_count"": 72, ""missing_numeric_rows"": 0, ""mean"": 67.13070377762584}]",84,"{""total"": 1.5751492207249005, ""regression"": 0.7795336608154079, ""ranking"": 0.7732441949065306, ""auxiliary"": 0.4474275005567405}",3.12567661398388,JointRecovery（静态 max4 内部诊断）；seed17,JointRecovery (static diagnostic); seed17,INTERNAL_STATIC_MAX4_DIAGNOSTIC
Capacity-seed17,15,2.1570785149104066,241.54922959791534,"[{""source"": ""r004"", ""graph_count"": 6, ""record_count"": 72, ""missing_numeric_rows"": 0, ""mean"": 415.96775541820483}, {""source"": ""r005"", ""graph_count"": 6, ""record_count"": 72, ""missing_numeric_rows"": 0, ""mean"": 67.13070377762584}]",90,"{""total"": 1.5734101664792333, ""regression"": 0.7795339362799294, ""ranking"": 0.7732433913020988, ""auxiliary"": 0.4126568268984556}",3.434264246597041,JointRecovery（静态 max4 内部诊断）；seed17,JointRecovery (static diagnostic); seed17,INTERNAL_STATIC_MAX4_DIAGNOSTIC
Capacity-seed17,16,2.1552285933867097,245.6978582380403,"[{""source"": ""r004"", ""graph_count"": 6, ""record_count"": 72, ""missing_numeric_rows"": 0, ""mean"": 424.26501269845477}, {""source"": ""r005"", ""graph_count"": 6, ""record_count"": 72, ""missing_numeric_rows"": 0, ""mean"": 67.13070377762584}]",96,"{""total"": 1.571569339475698, ""regression"": 0.779534087361147, ""ranking"": 0.7732428215294579, ""auxiliary"": 0.37584855366084313}",3.713007569559358,JointRecovery（静态 max4 内部诊断）；seed17,JointRecovery (static diagnostic); seed17,INTERNAL_STATIC_MAX4_DIAGNOSTIC
Capacity-seed17,17,2.154867594337298,225.93682288169302,"[{""source"": ""r004"", ""graph_count"": 6, ""record_count"": 72, ""missing_numeric_rows"": 0, ""mean"": 424.26501269845477}, {""source"": ""r005"", ""graph_count"": 6, ""record_count"": 72, ""missing_numeric_rows"": 0, ""mean"": 27.608633064931254}]",102,"{""total"": 1.5704780438811414, ""regression"": 0.779534174181107, ""ranking"": 0.7732425573129006, ""auxiliary"": 0.3540262610444592}",3.9295667052907564,JointRecovery（静态 max4 内部诊断）；seed17,JointRecovery (static diagnostic); seed17,INTERNAL_STATIC_MAX4_DIAGNOSTIC
Capacity-seed17,18,2.1542464799972043,225.93682288169302,"[{""source"": ""r004"", ""graph_count"": 6, ""record_count"": 72, ""missing_numeric_rows"": 0, ""mean"": 424.26501269845477}, {""source"": ""r005"", ""graph_count"": 6, ""record_count"": 72, ""missing_numeric_rows"": 0, ""mean"": 27.608633064931254}]",108,"{""total"": 1.5700964416480727, ""regression"": 0.7795342073982788, ""ranking"": 0.7732425075294919, ""auxiliary"": 0.34639443881395793}",4.052750638080334,JointRecovery（静态 max4 内部诊断）；seed17,JointRecovery (static diagnostic); seed17,INTERNAL_STATIC_MAX4_DIAGNOSTIC
Capacity-seed17,19,2.1541401529684663,225.93682288169302,"[{""source"": ""r004"", ""graph_count"": 6, ""record_count"": 72, ""missing_numeric_rows"": 0, ""mean"": 424.26501269845477}, {""source"": ""r005"", ""graph_count"": 6, ""record_count"": 72, ""missing_numeric_rows"": 0, ""mean"": 27.608633064931254}]",114,"{""total"": 1.5697718049503036, ""regression"": 0.7795342094678845, ""ranking"": 0.7732424922661497, ""auxiliary"": 0.3399019691472252}",4.108796013116287,JointRecovery（静态 max4 内部诊断）；seed17,JointRecovery (static diagnostic); seed17,INTERNAL_STATIC_MAX4_DIAGNOSTIC
Capacity-seed17,20,2.1541085962413087,225.93682288169302,"[{""source"": ""r004"", ""graph_count"": 6, ""record_count"": 72, ""missing_numeric_rows"": 0, ""mean"": 424.26501269845477}, {""source"": ""r005"", ""graph_count"": 6, ""record_count"": 72, ""missing_numeric_rows"": 0, ""mean"": 27.608633064931254}]",120,"{""total"": 1.5696224480246503, ""regression"": 0.7795342109166086, ""ranking"": 0.7732424866774563, ""auxiliary"": 0.33691489039402867}",4.1398075586113325,JointRecovery（静态 max4 内部诊断）；seed17,JointRecovery (static diagnostic); seed17,INTERNAL_STATIC_MAX4_DIAGNOSTIC
Capacity-seed17,21,2.1540547323723636,225.93682288169302,"[{""source"": ""r004"", ""graph_count"": 6, ""record_count"": 72, ""missing_numeric_rows"": 0, ""mean"": 424.26501269845477}, {""source"": ""r005"", ""graph_count"": 6, ""record_count"": 72, ""missing_numeric_rows"": 0, ""mean"": 27.608633064931254}]",126,"{""total"": 1.569550368313988, ""regression"": 0.77953421143401, ""ranking"": 0.7732424759619161, ""auxiliary"": 0.3354736584135228}",4.171173519566302,JointRecovery（静态 max4 内部诊断）；seed17,JointRecovery (static diagnostic); seed17,INTERNAL_STATIC_MAX4_DIAGNOSTIC
Capacity-seed17,22,2.1539670564234257,225.93682288169302,"[{""source"": ""r004"", ""graph_count"": 6, ""record_count"": 72, ""missing_numeric_rows"": 0, ""mean"": 424.26501269845477}, {""source"": ""r005"", ""graph_count"": 6, ""record_count"": 72, ""missing_numeric_rows"": 0, ""mean"": 27.608633064931254}]",132,"{""total"": 1.5694525157515373, ""regression"": 0.7795342141244974, ""ranking"": 0.7732424429387698, ""auxiliary"": 0.3335171267390251}",4.2153839917569575,JointRecovery（静态 max4 内部诊断）；seed17,JointRecovery (static diagnostic); seed17,INTERNAL_STATIC_MAX4_DIAGNOSTIC
Capacity-seed17,23,2.153894684587916,225.93682288169302,"[{""source"": ""r004"", ""graph_count"": 6, ""record_count"": 72, ""missing_numeric_rows"": 0, ""mean"": 424.26501269845477}, {""source"": ""r005"", ""graph_count"": 6, ""record_count"": 72, ""missing_numeric_rows"": 0, ""mean"": 27.608633064931254}]",138,"{""total"": 1.56938270588095, ""regression"": 0.7795342158836623, ""ranking"": 0.7732424312972376, ""auxiliary"": 0.33212116127833724}",4.248382463845407,JointRecovery（静态 max4 内部诊断）；seed17,JointRecovery (static diagnostic); seed17,INTERNAL_STATIC_MAX4_DIAGNOSTIC
Capacity-seed17,24,2.153845770905415,225.93682288169302,"[{""source"": ""r004"", ""graph_count"": 6, ""record_count"": 72, ""missing_numeric_rows"": 0, ""mean"": 424.26501269845477}, {""source"": ""r005"", ""graph_count"": 6, ""record_count"": 72, ""missing_numeric_rows"": 0, ""mean"": 27.608633064931254}]",144,"{""total"": 1.5693288856289453, ""regression"": 0.7795342198159132, ""ranking"": 0.773242414245753, ""auxiliary"": 0.33104506926611066}",4.277359466640892,JointRecovery（静态 max4 内部诊断）；seed17,JointRecovery (static diagnostic); seed17,INTERNAL_STATIC_MAX4_DIAGNOSTIC
Capacity-seed17,25,2.1538058537989855,225.93682288169302,"[{""source"": ""r004"", ""graph_count"": 6, ""record_count"": 72, ""missing_numeric_rows"": 0, ""mean"": 424.26501269845477}, {""source"": ""r005"", ""graph_count"": 6, ""record_count"": 72, ""missing_numeric_rows"": 0, ""mean"": 27.608633064931254}]",150,"{""total"": 1.5692618522379134, ""regression"": 0.7795342198159132, ""ranking"": 0.7732424028629216, ""auxiliary"": 0.32970462263458306}",4.296083739993007,JointRecovery（静态 max4 内部诊断）；seed17,JointRecovery (static diagnostic); seed17,INTERNAL_STATIC_MAX4_DIAGNOSTIC
Capacity-seed17,26,2.15375211276114,225.93682288169302,"[{""source"": ""r004"", ""graph_count"": 6, ""record_count"": 72, ""missing_numeric_rows"": 0, ""mean"": 424.26501269845477}, {""source"": ""r005"", ""graph_count"": 6, ""record_count"": 72, ""missing_numeric_rows"": 0, ""mean"": 27.608633064931254}]",156,"{""total"": 1.5692047794970374, ""regression"": 0.7795342210576766, ""ranking"": 0.773242396861065, ""auxiliary"": 0.3285631400843461}",4.328563052258892,JointRecovery（静态 max4 内部诊断）；seed17,JointRecovery (static diagnostic); seed17,INTERNAL_STATIC_MAX4_DIAGNOSTIC
Capacity-seed17,27,2.153710848030945,225.93682288169302,"[{""source"": ""r004"", ""graph_count"": 6, ""record_count"": 72, ""missing_numeric_rows"": 0, ""mean"": 424.26501269845477}, {""source"": ""r005"", ""graph_count"": 6, ""record_count"": 72, ""missing_numeric_rows"": 0, ""mean"": 27.608633064931254}]",162,"{""total"": 1.569144384107656, ""regression"": 0.7795342216785583, ""ranking"": 0.773242395412341, ""auxiliary"": 0.3273552924705048}",4.360013996624276,JointRecovery（静态 max4 内部诊断）；seed17,JointRecovery (static diagnostic); seed17,INTERNAL_STATIC_MAX4_DIAGNOSTIC
Capacity-seed17,28,2.153677618338002,225.93682288169302,"[{""source"": ""r004"", ""graph_count"": 6, ""record_count"": 72, ""missing_numeric_rows"": 0, ""mean"": 424.26501269845477}, {""source"": ""r005"", ""graph_count"": 6, ""record_count"": 72, ""missing_numeric_rows"": 0, ""mean"": 27.608633064931254}]",168,"{""total"": 1.569084961898625, ""regression"": 0.7795342216785583, ""ranking"": 0.7732423920821251, ""auxiliary"": 0.32616701080567306}",4.396011595851018,JointRecovery（静态 max4 内部诊断）；seed17,JointRecovery (static diagnostic); seed17,INTERNAL_STATIC_MAX4_DIAGNOSTIC
Capacity-seed17,29,2.1536307419753737,225.93682288169302,"[{""source"": ""r004"", ""graph_count"": 6, ""record_count"": 72, ""missing_numeric_rows"": 0, ""mean"": 424.26501269845477}, {""source"": ""r005"", ""graph_count"": 6, ""record_count"": 72, ""missing_numeric_rows"": 0, ""mean"": 27.608633064931254}]",174,"{""total"": 1.5690392079866595, ""regression"": 0.7795342216785583, ""ranking"": 0.7732423920821251, ""auxiliary"": 0.3252518457464046}",4.440728890312959,JointRecovery（静态 max4 内部诊断）；seed17,JointRecovery (static diagnostic); seed17,INTERNAL_STATIC_MAX4_DIAGNOSTIC
Capacity-seed17,30,2.1535977142759495,225.93682288169302,"[{""source"": ""r004"", ""graph_count"": 6, ""record_count"": 72, ""missing_numeric_rows"": 0, ""mean"": 424.26501269845477}, {""source"": ""r005"", ""graph_count"": 6, ""record_count"": 72, ""missing_numeric_rows"": 0, ""mean"": 27.608633064931254}]",180,"{""total"": 1.5689986953511834, ""regression"": 0.7795342236446837, ""ranking"": 0.7732423891329369, ""auxiliary"": 0.32444158817331}",4.47897471513098,JointRecovery（静态 max4 内部诊断）；seed17,JointRecovery (static diagnostic); seed17,INTERNAL_STATIC_MAX4_DIAGNOSTIC
Capacity-seed17,31,2.153564951589538,225.93682288169302,"[{""source"": ""r004"", ""graph_count"": 6, ""record_count"": 72, ""missing_numeric_rows"": 0, ""mean"": 424.26501269845477}, {""source"": ""r005"", ""graph_count"": 6, ""record_count"": 72, ""missing_numeric_rows"": 0, ""mean"": 27.608633064931254}]",186,"{""total"": 1.5689604211495154, ""regression"": 0.7795342236446837, ""ranking"": 0.7732423891329369, ""auxiliary"": 0.32367608830746675}",4.517679656196789,JointRecovery（静态 max4 内部诊断）；seed17,JointRecovery (static diagnostic); seed17,INTERNAL_STATIC_MAX4_DIAGNOSTIC
Capacity-seed17,32,2.1535168097664914,225.93682288169302,"[{""source"": ""r004"", ""graph_count"": 6, ""record_count"": 72, ""missing_numeric_rows"": 0, ""mean"": 424.26501269845477}, {""source"": ""r005"", ""graph_count"": 6, ""record_count"": 72, ""missing_numeric_rows"": 0, ""mean"": 27.608633064931254}]",192,"{""total"": 1.5689214141004615, ""regression"": 0.7795342236446837, ""ranking"": 0.7732423891329369, ""auxiliary"": 0.3228959857693149}",4.560757475196555,JointRecovery（静态 max4 内部诊断）；seed17,JointRecovery (static diagnostic); seed17,INTERNAL_STATIC_MAX4_DIAGNOSTIC
Capacity-seed17,33,2.153491891713606,225.93682288169302,"[{""source"": ""r004"", ""graph_count"": 6, ""record_count"": 72, ""missing_numeric_rows"": 0, ""mean"": 424.26501269845477}, {""source"": ""r005"", ""graph_count"": 6, ""record_count"": 72, ""missing_numeric_rows"": 0, ""mean"": 27.608633064931254}]",198,"{""total"": 1.56889185635373, ""regression"": 0.7795342241620852, ""ranking"": 0.7732423876324728, ""auxiliary"": 0.3223048498233159}",4.594786800044514,JointRecovery（静态 max4 内部诊断）；seed17,JointRecovery (static diagnostic); seed17,INTERNAL_STATIC_MAX4_DIAGNOSTIC
Capacity-seed17,34,2.1534589546629124,225.93682288169302,"[{""source"": ""r004"", ""graph_count"": 6, ""record_count"": 72, ""missing_numeric_rows"": 0, ""mean"": 424.26501269845477}, {""source"": ""r005"", ""graph_count"": 6, ""record_count"": 72, ""missing_numeric_rows"": 0, ""mean"": 27.608633064931254}]",204,"{""total"": 1.568852469169845, ""regression"": 0.7795342245760063, ""ranking"": 0.7732423870245261, ""auxiliary"": 0.3215170816725327}",4.637651306587693,JointRecovery（静态 max4 内部诊断）；seed17,JointRecovery (static diagnostic); seed17,INTERNAL_STATIC_MAX4_DIAGNOSTIC
Capacity-seed17,35,2.1534364954051046,225.93682288169302,"[{""source"": ""r004"", ""graph_count"": 6, ""record_count"": 72, ""missing_numeric_rows"": 0, ""mean"": 424.26501269845477}, {""source"": ""r005"", ""graph_count"": 6, ""record_count"": 72, ""missing_numeric_rows"": 0, ""mean"": 27.608633064931254}]",210,"{""total"": 1.5688117168222864, ""regression"": 0.7795342245760063, ""ranking"": 0.773242387024526, ""auxiliary"": 0.3207020910146336}",4.667029747439017,JointRecovery（静态 max4 内部诊断）；seed17,JointRecovery (static diagnostic); seed17,INTERNAL_STATIC_MAX4_DIAGNOSTIC
Capacity-seed17,36,2.1533997289629445,225.93682288169302,"[{""source"": ""r004"", ""graph_count"": 6, ""record_count"": 72, ""missing_numeric_rows"": 0, ""mean"": 424.26501269845477}, {""source"": ""r005"", ""graph_count"": 6, ""record_count"": 72, ""missing_numeric_rows"": 0, ""mean"": 27.608633064931254}]",216,"{""total"": 1.5687734394127295, ""regression"": 0.7795342245760063, ""ranking"": 0.7732423870245261, ""auxiliary"": 0.3199364934116602}",4.706251079086362,JointRecovery（静态 max4 内部诊断）；seed17,JointRecovery (static diagnostic); seed17,INTERNAL_STATIC_MAX4_DIAGNOSTIC
Capacity-seed17,37,2.1533799519141517,225.93682288169302,"[{""source"": ""r004"", ""graph_count"": 6, ""record_count"": 72, ""missing_numeric_rows"": 0, ""mean"": 424.26501269845477}, {""source"": ""r005"", ""graph_count"": 6, ""record_count"": 72, ""missing_numeric_rows"": 0, ""mean"": 27.608633064931254}]",222,"{""total"": 1.5687410452713568, ""regression"": 0.7795342245760063, ""ranking"": 0.7732423870245261, ""auxiliary"": 0.319288598270052}",4.746453804938571,JointRecovery（静态 max4 内部诊断）；seed17,JointRecovery (static diagnostic); seed17,INTERNAL_STATIC_MAX4_DIAGNOSTIC
Capacity-seed17,38,2.1533530090625086,225.93682288169302,"[{""source"": ""r004"", ""graph_count"": 6, ""record_count"": 72, ""missing_numeric_rows"": 0, ""mean"": 424.26501269845477}, {""source"": ""r005"", ""graph_count"": 6, ""record_count"": 72, ""missing_numeric_rows"": 0, ""mean"": 27.608633064931254}]",228,"{""total"": 1.5687214008325503, ""regression"": 0.7795342245760063, ""ranking"": 0.7732423870245261, ""auxiliary"": 0.31889566344519454}",4.778870384231791,JointRecovery（静态 max4 内部诊断）；seed17,JointRecovery (static diagnostic); seed17,INTERNAL_STATIC_MAX4_DIAGNOSTIC
Capacity-seed17,39,2.1533170555614762,225.93682288169302,"[{""source"": ""r004"", ""graph_count"": 6, ""record_count"": 72, ""missing_numeric_rows"": 0, ""mean"": 424.26501269845477}, {""source"": ""r005"", ""graph_count"": 6, ""record_count"": 72, ""missing_numeric_rows"": 0, ""mean"": 27.608633064931254}]",234,"{""total"": 1.568690949688769, ""regression"": 0.7795342245760063, ""ranking"": 0.7732423870245261, ""auxiliary"": 0.3182867826997406}",4.826391073363934,JointRecovery（静态 max4 内部诊断）；seed17,JointRecovery (static diagnostic); seed17,INTERNAL_STATIC_MAX4_DIAGNOSTIC
Capacity-seed17,40,2.153301585258709,225.93682288169302,"[{""source"": ""r004"", ""graph_count"": 6, ""record_count"": 72, ""missing_numeric_rows"": 0, ""mean"": 424.26501269845477}, {""source"": ""r005"", ""graph_count"": 6, ""record_count"": 72, ""missing_numeric_rows"": 0, ""mean"": 27.608633064931254}]",240,"{""total"": 1.5686634664630725, ""regression"": 0.7795342245760063, ""ranking"": 0.7732423870245261, ""auxiliary"": 0.3177370604955488}",4.852841606171988,JointRecovery（静态 max4 内部诊断）；seed17,JointRecovery (static diagnostic); seed17,INTERNAL_STATIC_MAX4_DIAGNOSTIC
Capacity-seed29,0,1.9641783829364512,217.5879784461374,"[{""source"": ""r004"", ""graph_count"": 6, ""record_count"": 72, ""missing_numeric_rows"": 0, ""mean"": 411.9501011838158}, {""source"": ""r005"", ""graph_count"": 6, ""record_count"": 72, ""missing_numeric_rows"": 0, ""mean"": 23.22585570845904}]",,,,JointRecovery（静态 max4 内部诊断）；seed29,JointRecovery (static diagnostic); seed29,INTERNAL_STATIC_MAX4_DIAGNOSTIC
Capacity-seed29,1,1.7153950803395774,209.29957359347083,"[{""source"": ""r004"", ""graph_count"": 6, ""record_count"": 72, ""missing_numeric_rows"": 0, ""mean"": 395.3732914784826}, {""source"": ""r005"", ""graph_count"": 6, ""record_count"": 72, ""missing_numeric_rows"": 0, ""mean"": 23.22585570845904}]",6,"{""total"": 1.1958030095944803, ""regression"": 0.5333857682740523, ""ranking"": 0.606221775353242, ""auxiliary"": 1.1239091958850622}",0.2513296404604899,JointRecovery（静态 max4 内部诊断）；seed29,JointRecovery (static diagnostic); seed29,INTERNAL_STATIC_MAX4_DIAGNOSTIC
Capacity-seed29,2,1.753633542296787,209.29957359347083,"[{""source"": ""r004"", ""graph_count"": 6, ""record_count"": 72, ""missing_numeric_rows"": 0, ""mean"": 395.3732914784826}, {""source"": ""r005"", ""graph_count"": 6, ""record_count"": 72, ""missing_numeric_rows"": 0, ""mean"": 23.22585570845904}]",12,"{""total"": 1.289680426940322, ""regression"": 0.6428623595016284, ""ranking"": 0.6021746953177397, ""auxiliary"": 0.8928674910631444}",0.3973566202289783,JointRecovery（静态 max4 内部诊断）；seed29,JointRecovery (static diagnostic); seed29,INTERNAL_STATIC_MAX4_DIAGNOSTIC
Capacity-seed29,3,0.9458304504967399,99.38545383076992,"[{""source"": ""r004"", ""graph_count"": 6, ""record_count"": 72, ""missing_numeric_rows"": 0, ""mean"": 150.21630079205164}, {""source"": ""r005"", ""graph_count"": 6, ""record_count"": 72, ""missing_numeric_rows"": 0, ""mean"": 48.5546068694882}]",18,"{""total"": 1.0107475468733658, ""regression"": 0.5027309151806144, ""ranking"": 0.4709052177921931, ""auxiliary"": 0.7422282552967469}",0.5697381788337313,JointRecovery（静态 max4 内部诊断）；seed29,JointRecovery (static diagnostic); seed29,INTERNAL_STATIC_MAX4_DIAGNOSTIC
Capacity-seed29,4,1.1424348453163273,78.84110484602134,"[{""source"": ""r004"", ""graph_count"": 6, ""record_count"": 72, ""missing_numeric_rows"": 0, ""mean"": 132.6515787237772}, {""source"": ""r005"", ""graph_count"": 6, ""record_count"": 72, ""missing_numeric_rows"": 0, ""mean"": 25.030630968265488}]",24,"{""total"": 1.0912671828797709, ""regression"": 0.46543965980850366, ""ranking"": 0.5922239454655971, ""auxiliary"": 0.6720714788470004}",0.6835192220386179,JointRecovery（静态 max4 内部诊断）；seed29,JointRecovery (static diagnostic); seed29,INTERNAL_STATIC_MAX4_DIAGNOSTIC
Capacity-seed29,5,0.9251586084978448,77.72228777493784,"[{""source"": ""r004"", ""graph_count"": 6, ""record_count"": 72, ""missing_numeric_rows"": 0, ""mean"": 130.4139445816102}, {""source"": ""r005"", ""graph_count"": 6, ""record_count"": 72, ""missing_numeric_rows"": 0, ""mean"": 25.030630968265488}]",30,"{""total"": 0.8500026234218644, ""regression"": 0.41765490063052213, ""ranking"": 0.40111541121644784, ""auxiliary"": 0.6246461166689793}",0.8279179157458119,JointRecovery（静态 max4 内部诊断）；seed29,JointRecovery (static diagnostic); seed29,INTERNAL_STATIC_MAX4_DIAGNOSTIC
Capacity-seed29,6,1.1489348639216688,78.84110484602134,"[{""source"": ""r004"", ""graph_count"": 6, ""record_count"": 72, ""missing_numeric_rows"": 0, ""mean"": 132.6515787237772}, {""source"": ""r005"", ""graph_count"": 6, ""record_count"": 72, ""missing_numeric_rows"": 0, ""mean"": 25.030630968265488}]",36,"{""total"": 0.8297969632161161, ""regression"": 0.4106406364331229, ""ranking"": 0.3885662127827408, ""auxiliary"": 0.611802341002557}",0.9613572500937942,JointRecovery（静态 max4 内部诊断）；seed29,JointRecovery (static diagnostic); seed29,INTERNAL_STATIC_MAX4_DIAGNOSTIC
Capacity-seed29,7,0.8324996152271827,84.98758956132541,"[{""source"": ""r004"", ""graph_count"": 6, ""record_count"": 72, ""missing_numeric_rows"": 0, ""mean"": 144.94454815438533}, {""source"": ""r005"", ""graph_count"": 6, ""record_count"": 72, ""missing_numeric_rows"": 0, ""mean"": 25.030630968265488}]",42,"{""total"": 0.7978234546672966, ""regression"": 0.40712428145990187, ""ranking"": 0.36153650517491065, ""auxiliary"": 0.5832533838434352}",1.1213084437395633,JointRecovery（静态 max4 内部诊断）；seed29,JointRecovery (static diagnostic); seed29,INTERNAL_STATIC_MAX4_DIAGNOSTIC
Capacity-seed29,8,1.2459593672926228,95.61173069038941,"[{""source"": ""r004"", ""graph_count"": 6, ""record_count"": 72, ""missing_numeric_rows"": 0, ""mean"": 166.19283041251333}, {""source"": ""r005"", ""graph_count"": 6, ""record_count"": 72, ""missing_numeric_rows"": 0, ""mean"": 25.030630968265488}]",48,"{""total"": 0.8576792847727321, ""regression"": 0.3912324220485364, ""ranking"": 0.4375442263796654, ""auxiliary"": 0.5780527357839875}",1.2310774721211073,JointRecovery（静态 max4 内部诊断）；seed29,JointRecovery (static diagnostic); seed29,INTERNAL_STATIC_MAX4_DIAGNOSTIC
Capacity-seed29,9,0.8841782085752735,86.26773231335436,"[{""source"": ""r004"", ""graph_count"": 6, ""record_count"": 72, ""missing_numeric_rows"": 0, ""mean"": 147.50483365844323}, {""source"": ""r005"", ""graph_count"": 6, ""record_count"": 72, ""missing_numeric_rows"": 0, ""mean"": 25.030630968265488}]",54,"{""total"": 0.8585520425242268, ""regression"": 0.453004346591317, ""ranking"": 0.37670385407209334, ""auxiliary"": 0.5768768472803963}",1.3735284943488848,JointRecovery（静态 max4 内部诊断）；seed29,JointRecovery (static diagnostic); seed29,INTERNAL_STATIC_MAX4_DIAGNOSTIC
Capacity-seed29,10,1.3082598392955131,146.38869171324905,"[{""source"": ""r004"", ""graph_count"": 6, ""record_count"": 72, ""missing_numeric_rows"": 0, ""mean"": 264.9181331943438}, {""source"": ""r005"", ""graph_count"": 6, ""record_count"": 72, ""missing_numeric_rows"": 0, ""mean"": 27.859250232154306}]",60,"{""total"": 0.9267882319529437, ""regression"": 0.4118754022832339, ""ranking"": 0.48614667761963876, ""auxiliary"": 0.575323034905725}",1.499825013579139,JointRecovery（静态 max4 内部诊断）；seed29,JointRecovery (static diagnostic); seed29,INTERNAL_STATIC_MAX4_DIAGNOSTIC
Capacity-seed29,11,1.0488578729434974,78.84110484602134,"[{""source"": ""r004"", ""graph_count"": 6, ""record_count"": 72, ""missing_numeric_rows"": 0, ""mean"": 132.6515787237772}, {""source"": ""r005"", ""graph_count"": 6, ""record_count"": 72, ""missing_numeric_rows"": 0, ""mean"": 25.030630968265488}]",66,"{""total"": 0.9455975166573707, ""regression"": 0.49741431968545335, ""ranking"": 0.4192999036991585, ""auxiliary"": 0.5776659132291874}",1.6357672603739155,JointRecovery（静态 max4 内部诊断）；seed29,JointRecovery (static diagnostic); seed29,INTERNAL_STATIC_MAX4_DIAGNOSTIC
Capacity-seed29,12,0.8980202473079165,89.63411181248624,"[{""source"": ""r004"", ""graph_count"": 6, ""record_count"": 72, ""missing_numeric_rows"": 0, ""mean"": 154.237592656707}, {""source"": ""r005"", ""graph_count"": 6, ""record_count"": 72, ""missing_numeric_rows"": 0, ""mean"": 25.030630968265488}]",72,"{""total"": 0.8061732621346083, ""regression"": 0.3559655745306777, ""ranking"": 0.4217651634896547, ""auxiliary"": 0.5688504386279318}",1.7811728064681,JointRecovery（静态 max4 内部诊断）；seed29,JointRecovery (static diagnostic); seed29,INTERNAL_STATIC_MAX4_DIAGNOSTIC
Capacity-seed29,13,0.9195258623868641,84.39471357468072,"[{""source"": ""r004"", ""graph_count"": 6, ""record_count"": 72, ""missing_numeric_rows"": 0, ""mean"": 143.75879618109596}, {""source"": ""r005"", ""graph_count"": 6, ""record_count"": 72, ""missing_numeric_rows"": 0, ""mean"": 25.030630968265488}]",78,"{""total"": 0.7414541890999923, ""regression"": 0.386581705042368, ""ranking"": 0.3264931228539146, ""auxiliary"": 0.5675871618505981}",1.9359332537192877,JointRecovery（静态 max4 内部诊断）；seed29,JointRecovery (static diagnostic); seed29,INTERNAL_STATIC_MAX4_DIAGNOSTIC
Capacity-seed29,14,0.9379652568346096,84.39471357468072,"[{""source"": ""r004"", ""graph_count"": 6, ""record_count"": 72, ""missing_numeric_rows"": 0, ""mean"": 143.75879618109596}, {""source"": ""r005"", ""graph_count"": 6, ""record_count"": 72, ""missing_numeric_rows"": 0, ""mean"": 25.030630968265488}]",84,"{""total"": 0.7259546075430181, ""regression"": 0.35321972543735886, ""ranking"": 0.34502032199982186, ""auxiliary"": 0.5542912175878882}",2.1023002181543418,JointRecovery（静态 max4 内部诊断）；seed29,JointRecovery (static diagnostic); seed29,INTERNAL_STATIC_MAX4_DIAGNOSTIC
Capacity-seed29,15,1.0689081932004127,81.52471003202787,"[{""source"": ""r004"", ""graph_count"": 6, ""record_count"": 72, ""missing_numeric_rows"": 0, ""mean"": 135.19016983190144}, {""source"": ""r005"", ""graph_count"": 6, ""record_count"": 72, ""missing_numeric_rows"": 0, ""mean"": 27.859250232154306}]",90,"{""total"": 0.7660688192117959, ""regression"": 0.36055698672619957, ""ranking"": 0.3783374962093906, ""auxiliary"": 0.5434866777310768}",2.2581553190759642,JointRecovery（静态 max4 内部诊断）；seed29,JointRecovery (static diagnostic); seed29,INTERNAL_STATIC_MAX4_DIAGNOSTIC
Capacity-seed29,16,0.827516453133689,82.84420610187512,"[{""source"": ""r004"", ""graph_count"": 6, ""record_count"": 72, ""missing_numeric_rows"": 0, ""mean"": 140.65778123548475}, {""source"": ""r005"", ""graph_count"": 6, ""record_count"": 72, ""missing_numeric_rows"": 0, ""mean"": 25.030630968265488}]",96,"{""total"": 0.8201066583084563, ""regression"": 0.4138698368074579, ""ranking"": 0.3793635096749348, ""auxiliary"": 0.5374662020347185}",2.4216657539414794,JointRecovery（静态 max4 内部诊断）；seed29,JointRecovery (static diagnostic); seed29,INTERNAL_STATIC_MAX4_DIAGNOSTIC
Capacity-seed29,17,0.7163425339903269,74.87058881565311,"[{""source"": ""r004"", ""graph_count"": 6, ""record_count"": 72, ""missing_numeric_rows"": 0, ""mean"": 124.71054666304072}, {""source"": ""r005"", ""graph_count"": 6, ""record_count"": 72, ""missing_numeric_rows"": 0, ""mean"": 25.030630968265488}]",102,"{""total"": 0.6105216496831013, ""regression"": 0.30457626794102705, ""ranking"": 0.27922201726223356, ""auxiliary"": 0.5344673230623206}",2.5812703661568652,JointRecovery（静态 max4 内部诊断）；seed29,JointRecovery (static diagnostic); seed29,INTERNAL_STATIC_MAX4_DIAGNOSTIC
Capacity-seed29,18,0.7198265534825623,73.26815203426426,"[{""source"": ""r004"", ""graph_count"": 6, ""record_count"": 72, ""missing_numeric_rows"": 0, ""mean"": 120.93820141131857}, {""source"": ""r005"", ""graph_count"": 6, ""record_count"": 72, ""missing_numeric_rows"": 0, ""mean"": 25.59810265720994}]",108,"{""total"": 0.6074904610351142, ""regression"": 0.31157266224424046, ""ranking"": 0.2696176462555497, ""auxiliary"": 0.5260030732800564}",2.728964474083914,JointRecovery（静态 max4 内部诊断）；seed29,JointRecovery (static diagnostic); seed29,INTERNAL_STATIC_MAX4_DIAGNOSTIC
Capacity-seed29,19,0.7060696126686202,75.82733275502827,"[{""source"": ""r004"", ""graph_count"": 6, ""record_count"": 72, ""missing_numeric_rows"": 0, ""mean"": 126.0565628528466}, {""source"": ""r005"", ""graph_count"": 6, ""record_count"": 72, ""missing_numeric_rows"": 0, ""mean"": 25.59810265720994}]",114,"{""total"": 0.6023330114937077, ""regression"": 0.3060928936271618, ""ranking"": 0.27022197399286874, ""auxiliary"": 0.5203628762521677}",2.890969167023276,JointRecovery（静态 max4 内部诊断）；seed29,JointRecovery (static diagnostic); seed29,INTERNAL_STATIC_MAX4_DIAGNOSTIC
Capacity-seed29,20,0.8527379909323322,84.16498365998558,"[{""source"": ""r004"", ""graph_count"": 6, ""record_count"": 72, ""missing_numeric_rows"": 0, ""mean"": 140.8130071516093}, {""source"": ""r005"", ""graph_count"": 6, ""record_count"": 72, ""missing_numeric_rows"": 0, ""mean"": 27.516960168361873}]",120,"{""total"": 0.6140222352567233, ""regression"": 0.31220967528255034, ""ranking"": 0.2761405374369754, ""auxiliary"": 0.5134404505499535}",3.023514610457454,JointRecovery（静态 max4 内部诊断）；seed29,JointRecovery (static diagnostic); seed29,INTERNAL_STATIC_MAX4_DIAGNOSTIC
Capacity-seed29,21,0.8712010805288123,84.16498365998558,"[{""source"": ""r004"", ""graph_count"": 6, ""record_count"": 72, ""missing_numeric_rows"": 0, ""mean"": 140.8130071516093}, {""source"": ""r005"", ""graph_count"": 6, ""record_count"": 72, ""missing_numeric_rows"": 0, ""mean"": 27.516960168361873}]",126,"{""total"": 0.6076332020780278, ""regression"": 0.3125514415506687, ""ranking"": 0.26975503470873036, ""auxiliary"": 0.506534593179822}",3.13974211952664,JointRecovery（静态 max4 内部诊断）；seed29,JointRecovery (static diagnostic); seed29,INTERNAL_STATIC_MAX4_DIAGNOSTIC
Capacity-seed29,22,0.6732336423980693,53.76620709890301,"[{""source"": ""r004"", ""graph_count"": 6, ""record_count"": 72, ""missing_numeric_rows"": 0, ""mean"": 85.04310534698554}, {""source"": ""r005"", ""graph_count"": 6, ""record_count"": 72, ""missing_numeric_rows"": 0, ""mean"": 22.489308850820482}]",132,"{""total"": 0.5854164875992056, ""regression"": 0.29785090154554283, ""ranking"": 0.26254105906514974, ""auxiliary"": 0.5004905978631642}",3.263903300048938,JointRecovery（静态 max4 内部诊断）；seed29,JointRecovery (static diagnostic); seed29,INTERNAL_STATIC_MAX4_DIAGNOSTIC
Capacity-seed29,23,0.9809020479830602,85.33369796853437,"[{""source"": ""r004"", ""graph_count"": 6, ""record_count"": 72, ""missing_numeric_rows"": 0, ""mean"": 143.7179074576513}, {""source"": ""r005"", ""graph_count"": 6, ""record_count"": 72, ""missing_numeric_rows"": 0, ""mean"": 26.949488479417415}]",138,"{""total"": 0.6120202543679625, ""regression"": 0.321910142329418, ""ranking"": 0.2653835152477135, ""auxiliary"": 0.4945319617787997}",3.3570113954371408,JointRecovery（静态 max4 内部诊断）；seed29,JointRecovery (static diagnostic); seed29,INTERNAL_STATIC_MAX4_DIAGNOSTIC
Capacity-seed29,24,0.7775556401142644,85.06113875459003,"[{""source"": ""r004"", ""graph_count"": 6, ""record_count"": 72, ""missing_numeric_rows"": 0, ""mean"": 129.25345593283183}, {""source"": ""r005"", ""graph_count"": 6, ""record_count"": 72, ""missing_numeric_rows"": 0, ""mean"": 40.86882157634823}]",144,"{""total"": 0.6528777147953709, ""regression"": 0.3437267573058812, ""ranking"": 0.2845402514515773, ""auxiliary"": 0.49221405511101085}",3.4755485597940177,JointRecovery（静态 max4 内部诊断）；seed29,JointRecovery (static diagnostic); seed29,INTERNAL_STATIC_MAX4_DIAGNOSTIC
Capacity-seed29,25,0.7107329809417328,81.48606777777094,"[{""source"": ""r004"", ""graph_count"": 6, ""record_count"": 72, ""missing_numeric_rows"": 0, ""mean"": 118.75403164430459}, {""source"": ""r005"", ""graph_count"": 6, ""record_count"": 72, ""missing_numeric_rows"": 0, ""mean"": 44.2181039112373}]",150,"{""total"": 0.6688194145810686, ""regression"": 0.3462041266159051, ""ranking"": 0.29824454931103517, ""auxiliary"": 0.4874148445410861}",3.5883043724569443,JointRecovery（静态 max4 内部诊断）；seed29,JointRecovery (static diagnostic); seed29,INTERNAL_STATIC_MAX4_DIAGNOSTIC
Capacity-seed29,26,0.9142737403615482,96.6552906496593,"[{""source"": ""r004"", ""graph_count"": 6, ""record_count"": 72, ""missing_numeric_rows"": 0, ""mean"": 152.44175972297037}, {""source"": ""r005"", ""graph_count"": 6, ""record_count"": 72, ""missing_numeric_rows"": 0, ""mean"": 40.86882157634823}]",156,"{""total"": 0.5814571188400603, ""regression"": 0.2980054273761602, ""ranking"": 0.2591919827080771, ""auxiliary"": 0.4851942003394167}",3.6821597948641425,JointRecovery（静态 max4 内部诊断）；seed29,JointRecovery (static diagnostic); seed29,INTERNAL_STATIC_MAX4_DIAGNOSTIC
Capacity-seed29,27,0.6581515536333123,61.362870041784575,"[{""source"": ""r004"", ""graph_count"": 6, ""record_count"": 72, ""missing_numeric_rows"": 0, ""mean"": 78.50763617233186}, {""source"": ""r005"", ""graph_count"": 6, ""record_count"": 72, ""missing_numeric_rows"": 0, ""mean"": 44.2181039112373}]",162,"{""total"": 0.5897347134951916, ""regression"": 0.3064750790233827, ""ranking"": 0.25919647498413034, ""auxiliary"": 0.4812631310067243}",3.7988155717526637,JointRecovery（静态 max4 内部诊断）；seed29,JointRecovery (static diagnostic); seed29,INTERNAL_STATIC_MAX4_DIAGNOSTIC
Capacity-seed29,28,0.7007051224095954,69.312059904743,"[{""source"": ""r004"", ""graph_count"": 6, ""record_count"": 72, ""missing_numeric_rows"": 0, ""mean"": 94.4060158982487}, {""source"": ""r005"", ""graph_count"": 6, ""record_count"": 72, ""missing_numeric_rows"": 0, ""mean"": 44.2181039112373}]",168,"{""total"": 0.6470964734649493, ""regression"": 0.3329418947169971, ""ranking"": 0.2904117109817258, ""auxiliary"": 0.4748573324953516}",3.8891354052040565,JointRecovery（静态 max4 内部诊断）；seed29,JointRecovery (static diagnostic); seed29,INTERNAL_STATIC_MAX4_DIAGNOSTIC
Capacity-seed29,29,0.8358314770998226,92.3793033256316,"[{""source"": ""r004"", ""graph_count"": 6, ""record_count"": 72, ""missing_numeric_rows"": 0, ""mean"": 143.88978507491495}, {""source"": ""r005"", ""graph_count"": 6, ""record_count"": 72, ""missing_numeric_rows"": 0, ""mean"": 40.86882157634823}]",174,"{""total"": 0.5397619611014508, ""regression"": 0.2933351024467912, ""ranking"": 0.22299584079957077, ""auxiliary"": 0.46862035648276407}",3.9688298417525396,JointRecovery（静态 max4 内部诊断）；seed29,JointRecovery (static diagnostic); seed29,INTERNAL_STATIC_MAX4_DIAGNOSTIC
Capacity-seed29,30,0.6704256951084567,62.99230280359015,"[{""source"": ""r004"", ""graph_count"": 6, ""record_count"": 72, ""missing_numeric_rows"": 0, ""mean"": 81.766501695943}, {""source"": ""r005"", ""graph_count"": 6, ""record_count"": 72, ""missing_numeric_rows"": 0, ""mean"": 44.2181039112373}]",180,"{""total"": 0.5867964402875967, ""regression"": 0.31335915742804193, ""ranking"": 0.250329997847758, ""auxiliary"": 0.46214571377883357}",4.064836859606221,JointRecovery（静态 max4 内部诊断）；seed29,JointRecovery (static diagnostic); seed29,INTERNAL_STATIC_MAX4_DIAGNOSTIC
Capacity-seed29,31,0.8116108572317494,92.3793033256316,"[{""source"": ""r004"", ""graph_count"": 6, ""record_count"": 72, ""missing_numeric_rows"": 0, ""mean"": 143.88978507491495}, {""source"": ""r005"", ""graph_count"": 6, ""record_count"": 72, ""missing_numeric_rows"": 0, ""mean"": 40.86882157634823}]",186,"{""total"": 0.5246124602078149, ""regression"": 0.2824917338762639, ""ranking"": 0.2193440008968303, ""auxiliary"": 0.45553451331539285}",4.152992498038064,JointRecovery（静态 max4 内部诊断）；seed29,JointRecovery (static diagnostic); seed29,INTERNAL_STATIC_MAX4_DIAGNOSTIC
Capacity-seed29,32,0.7082157598084046,59.33305703575671,"[{""source"": ""r004"", ""graph_count"": 6, ""record_count"": 72, ""missing_numeric_rows"": 0, ""mean"": 74.44801016027613}, {""source"": ""r005"", ""graph_count"": 6, ""record_count"": 72, ""missing_numeric_rows"": 0, ""mean"": 44.2181039112373}]",192,"{""total"": 0.5363799312100228, ""regression"": 0.28730985073424464, ""ranking"": 0.226673431441928, ""auxiliary"": 0.4479330210015178}",4.255806579053174,JointRecovery（静态 max4 内部诊断）；seed29,JointRecovery (static diagnostic); seed29,INTERNAL_STATIC_MAX4_DIAGNOSTIC
Capacity-seed29,33,1.0859409258183506,83.98159538434011,"[{""source"": ""r004"", ""graph_count"": 6, ""record_count"": 72, ""missing_numeric_rows"": 0, ""mean"": 136.35650251373485}, {""source"": ""r005"", ""graph_count"": 6, ""record_count"": 72, ""missing_numeric_rows"": 0, ""mean"": 31.606688254945357}]",198,"{""total"": 0.7105438160554817, ""regression"": 0.3654721094968004, ""ranking"": 0.32300210774548954, ""auxiliary"": 0.44139197696414256}",4.311382767063924,JointRecovery（静态 max4 内部诊断）；seed29,JointRecovery (static diagnostic); seed29,INTERNAL_STATIC_MAX4_DIAGNOSTIC
Capacity-seed29,34,0.6724815025615195,61.37660904939577,"[{""source"": ""r004"", ""graph_count"": 6, ""record_count"": 72, ""missing_numeric_rows"": 0, ""mean"": 78.53511418755424}, {""source"": ""r005"", ""graph_count"": 6, ""record_count"": 72, ""missing_numeric_rows"": 0, ""mean"": 44.2181039112373}]",204,"{""total"": 0.5509170901495963, ""regression"": 0.3013295624534496, ""ranking"": 0.22788354685978074, ""auxiliary"": 0.43407963681966066}",4.398573528484661,JointRecovery（静态 max4 内部诊断）；seed29,JointRecovery (static diagnostic); seed29,INTERNAL_STATIC_MAX4_DIAGNOSTIC
Capacity-seed29,35,0.6877699754097395,66.59869856467365,"[{""source"": ""r004"", ""graph_count"": 6, ""record_count"": 72, ""missing_numeric_rows"": 0, ""mean"": 88.97929321811}, {""source"": ""r005"", ""graph_count"": 6, ""record_count"": 72, ""missing_numeric_rows"": 0, ""mean"": 44.2181039112373}]",210,"{""total"": 0.5325207158716189, ""regression"": 0.2900951524497941, ""ranking"": 0.2211149229106142, ""auxiliary"": 0.4262128088416325}",4.469788098029861,JointRecovery（静态 max4 内部诊断）；seed29,JointRecovery (static diagnostic); seed29,INTERNAL_STATIC_MAX4_DIAGNOSTIC
Capacity-seed29,36,0.8882783445943561,96.6552906496593,"[{""source"": ""r004"", ""graph_count"": 6, ""record_count"": 72, ""missing_numeric_rows"": 0, ""mean"": 152.44175972297037}, {""source"": ""r005"", ""graph_count"": 6, ""record_count"": 72, ""missing_numeric_rows"": 0, ""mean"": 40.86882157634823}]",216,"{""total"": 0.5410193531618764, ""regression"": 0.29207635536375975, ""ranking"": 0.22799811337546527, ""auxiliary"": 0.41889766862408984}",4.5457910800194075,JointRecovery（静态 max4 内部诊断）；seed29,JointRecovery (static diagnostic); seed29,INTERNAL_STATIC_MAX4_DIAGNOSTIC
Capacity-seed29,37,0.674152570621421,67.1909853350763,"[{""source"": ""r004"", ""graph_count"": 6, ""record_count"": 72, ""missing_numeric_rows"": 0, ""mean"": 90.16386675891532}, {""source"": ""r005"", ""graph_count"": 6, ""record_count"": 72, ""missing_numeric_rows"": 0, ""mean"": 44.2181039112373}]",222,"{""total"": 0.5617580419251075, ""regression"": 0.2979016844053856, ""ranking"": 0.24299256769888908, ""auxiliary"": 0.41727581671956515}",4.633956228784917,JointRecovery（静态 max4 内部诊断）；seed29,JointRecovery (static diagnostic); seed29,INTERNAL_STATIC_MAX4_DIAGNOSTIC
Capacity-seed29,38,0.7268998813815415,70.86256737754859,"[{""source"": ""r004"", ""graph_count"": 6, ""record_count"": 72, ""missing_numeric_rows"": 0, ""mean"": 97.50703084385988}, {""source"": ""r005"", ""graph_count"": 6, ""record_count"": 72, ""missing_numeric_rows"": 0, ""mean"": 44.2181039112373}]",228,"{""total"": 0.524763735347531, ""regression"": 0.2781166283853559, ""ranking"": 0.22580721746168775, ""auxiliary"": 0.41679779284944135}",4.701810323619398,JointRecovery（静态 max4 内部诊断）；seed29,JointRecovery (static diagnostic); seed29,INTERNAL_STATIC_MAX4_DIAGNOSTIC
Capacity-seed29,39,0.670559865137976,67.1909853350763,"[{""source"": ""r004"", ""graph_count"": 6, ""record_count"": 72, ""missing_numeric_rows"": 0, ""mean"": 90.16386675891532}, {""source"": ""r005"", ""graph_count"": 6, ""record_count"": 72, ""missing_numeric_rows"": 0, ""mean"": 44.2181039112373}]",234,"{""total"": 0.5127664942863501, ""regression"": 0.27664063847623765, ""ranking"": 0.21611744206908512, ""auxiliary"": 0.4001683595900734}",4.777112889178946,JointRecovery（静态 max4 内部诊断）；seed29,JointRecovery (static diagnostic); seed29,INTERNAL_STATIC_MAX4_DIAGNOSTIC
Capacity-seed29,40,0.8378772697825398,94.05394449307613,"[{""source"": ""r004"", ""graph_count"": 6, ""record_count"": 72, ""missing_numeric_rows"": 0, ""mean"": 143.88978507491495}, {""source"": ""r005"", ""graph_count"": 6, ""record_count"": 72, ""missing_numeric_rows"": 0, ""mean"": 44.2181039112373}]",240,"{""total"": 0.5178030161963155, ""regression"": 0.2813454032228846, ""ranking"": 0.21683982019967163, ""auxiliary"": 0.3923558438610699}",4.838593116765987,JointRecovery（静态 max4 内部诊断）；seed29,JointRecovery (static diagnostic); seed29,INTERNAL_STATIC_MAX4_DIAGNOSTIC
CheapSummary-seed17,0,2.08473415652083,217.5879784461374,"[{""source"": ""r004"", ""graph_count"": 6, ""record_count"": 72, ""missing_numeric_rows"": 0, ""mean"": 411.9501011838158}, {""source"": ""r005"", ""graph_count"": 6, ""record_count"": 72, ""missing_numeric_rows"": 0, ""mean"": 23.22585570845904}]",,,,JR-CheapSummary（静态简化表示诊断）；seed17,JR-CheapSummary (static); seed17,INTERNAL_STATIC_SUMMARY_DIAGNOSTIC
CheapSummary-seed17,1,1.323194107454684,214.23476955535327,"[{""source"": ""r004"", ""graph_count"": 6, ""record_count"": 72, ""missing_numeric_rows"": 0, ""mean"": 384.99482918410763}, {""source"": ""r005"", ""graph_count"": 6, ""record_count"": 72, ""missing_numeric_rows"": 0, ""mean"": 43.474709926598884}]",6,"{""total"": 1.150286664410184, ""regression"": 0.5806493770926155, ""ranking"": 0.5696372851914656, ""auxiliary"": 0.0}",0.04733920920057504,JR-CheapSummary（静态简化表示诊断）；seed17,JR-CheapSummary (static); seed17,INTERNAL_STATIC_SUMMARY_DIAGNOSTIC
CheapSummary-seed17,2,1.075819307524297,182.1994734776518,"[{""source"": ""r004"", ""graph_count"": 6, ""record_count"": 72, ""missing_numeric_rows"": 0, ""mean"": 320.9242370287047}, {""source"": ""r005"", ""graph_count"": 6, ""record_count"": 72, ""missing_numeric_rows"": 0, ""mean"": 43.474709926598884}]",12,"{""total"": 0.96817712757426, ""regression"": 0.4879907121907713, ""ranking"": 0.480186417929672, ""auxiliary"": 0.0}",0.08010914921600351,JR-CheapSummary（静态简化表示诊断）；seed17,JR-CheapSummary (static); seed17,INTERNAL_STATIC_SUMMARY_DIAGNOSTIC
CheapSummary-seed17,3,1.1431445987222508,223.6062858160198,"[{""source"": ""r004"", ""graph_count"": 6, ""record_count"": 72, ""missing_numeric_rows"": 0, ""mean"": 403.7378617054407}, {""source"": ""r005"", ""graph_count"": 6, ""record_count"": 72, ""missing_numeric_rows"": 0, ""mean"": 43.474709926598884}]",18,"{""total"": 0.9830092837930553, ""regression"": 0.49276659690076485, ""ranking"": 0.49024268336370525, ""auxiliary"": 0.0}",0.10360566588093696,JR-CheapSummary（静态简化表示诊断）；seed17,JR-CheapSummary (static); seed17,INTERNAL_STATIC_SUMMARY_DIAGNOSTIC
CheapSummary-seed17,4,1.1634688375569466,221.7201131901587,"[{""source"": ""r004"", ""graph_count"": 6, ""record_count"": 72, ""missing_numeric_rows"": 0, ""mean"": 399.9655164537185}, {""source"": ""r005"", ""graph_count"": 6, ""record_count"": 72, ""missing_numeric_rows"": 0, ""mean"": 43.474709926598884}]",24,"{""total"": 0.927648531479968, ""regression"": 0.5003273617605575, ""ranking"": 0.4273211719259394, ""auxiliary"": 0.0}",0.12967147901439005,JR-CheapSummary（静态简化表示诊断）；seed17,JR-CheapSummary (static); seed17,INTERNAL_STATIC_SUMMARY_DIAGNOSTIC
CheapSummary-seed17,5,1.0677311076368723,182.1994734776518,"[{""source"": ""r004"", ""graph_count"": 6, ""record_count"": 72, ""missing_numeric_rows"": 0, ""mean"": 320.9242370287047}, {""source"": ""r005"", ""graph_count"": 6, ""record_count"": 72, ""missing_numeric_rows"": 0, ""mean"": 43.474709926598884}]",30,"{""total"": 0.9066680727733506, ""regression"": 0.459745279707325, ""ranking"": 0.4469227896646096, ""auxiliary"": 0.0}",0.15740855747876198,JR-CheapSummary（静态简化表示诊断）；seed17,JR-CheapSummary (static); seed17,INTERNAL_STATIC_SUMMARY_DIAGNOSTIC
CheapSummary-seed17,6,1.0414354453484218,161.79202363001292,"[{""source"": ""r004"", ""graph_count"": 6, ""record_count"": 72, ""missing_numeric_rows"": 0, ""mean"": 280.10933733342694}, {""source"": ""r005"", ""graph_count"": 6, ""record_count"": 72, ""missing_numeric_rows"": 0, ""mean"": 43.474709926598884}]",36,"{""total"": 0.9132408019310484, ""regression"": 0.47659238303701085, ""ranking"": 0.4366484181483631, ""auxiliary"": 0.0}",0.18029283071934976,JR-CheapSummary（静态简化表示诊断）；seed17,JR-CheapSummary (static); seed17,INTERNAL_STATIC_SUMMARY_DIAGNOSTIC
CheapSummary-seed17,7,1.3469536522299879,214.9312670381866,"[{""source"": ""r004"", ""graph_count"": 6, ""record_count"": 72, ""missing_numeric_rows"": 0, ""mean"": 386.3878241497743}, {""source"": ""r005"", ""graph_count"": 6, ""record_count"": 72, ""missing_numeric_rows"": 0, ""mean"": 43.474709926598884}]",42,"{""total"": 0.9573019294378659, ""regression"": 0.4810062784623976, ""ranking"": 0.4762956496783715, ""auxiliary"": 0.0}",0.19818999639631493,JR-CheapSummary（静态简化表示诊断）；seed17,JR-CheapSummary (static); seed17,INTERNAL_STATIC_SUMMARY_DIAGNOSTIC
CheapSummary-seed17,8,0.9782482309059964,106.84858447204824,"[{""source"": ""r004"", ""graph_count"": 6, ""record_count"": 72, ""missing_numeric_rows"": 0, ""mean"": 170.2224590174976}, {""source"": ""r005"", ""graph_count"": 6, ""record_count"": 72, ""missing_numeric_rows"": 0, ""mean"": 43.474709926598884}]",48,"{""total"": 0.9514187657946928, ""regression"": 0.49086985940165406, ""ranking"": 0.4605489056523496, ""auxiliary"": 0.0}",0.22746037215305467,JR-CheapSummary（静态简化表示诊断）；seed17,JR-CheapSummary (static); seed17,INTERNAL_STATIC_SUMMARY_DIAGNOSTIC
CheapSummary-seed17,9,1.1123035213547863,200.99209239429763,"[{""source"": ""r004"", ""graph_count"": 6, ""record_count"": 72, ""missing_numeric_rows"": 0, ""mean"": 358.50947486199635}, {""source"": ""r005"", ""graph_count"": 6, ""record_count"": 72, ""missing_numeric_rows"": 0, ""mean"": 43.474709926598884}]",54,"{""total"": 0.8515290340874344, ""regression"": 0.4460394363850355, ""ranking"": 0.40548959927790107, ""auxiliary"": 0.0}",0.24084405858473606,JR-CheapSummary（静态简化表示诊断）；seed17,JR-CheapSummary (static); seed17,INTERNAL_STATIC_SUMMARY_DIAGNOSTIC
CheapSummary-seed17,10,0.9840282503412001,102.79584110674318,"[{""source"": ""r004"", ""graph_count"": 6, ""record_count"": 72, ""missing_numeric_rows"": 0, ""mean"": 162.1169722868875}, {""source"": ""r005"", ""graph_count"": 6, ""record_count"": 72, ""missing_numeric_rows"": 0, ""mean"": 43.474709926598884}]",60,"{""total"": 0.8817174127066715, ""regression"": 0.4761317329377764, ""ranking"": 0.4055856803575128, ""auxiliary"": 0.0}",0.26351111710832376,JR-CheapSummary（静态简化表示诊断）；seed17,JR-CheapSummary (static); seed17,INTERNAL_STATIC_SUMMARY_DIAGNOSTIC
CheapSummary-seed17,11,1.3320666586255863,207.1235371909643,"[{""source"": ""r004"", ""graph_count"": 6, ""record_count"": 72, ""missing_numeric_rows"": 0, ""mean"": 386.3878241497743}, {""source"": ""r005"", ""graph_count"": 6, ""record_count"": 72, ""missing_numeric_rows"": 0, ""mean"": 27.859250232154306}]",66,"{""total"": 0.9246456523477617, ""regression"": 0.4570675344697924, ""ranking"": 0.46757811709932146, ""auxiliary"": 0.0}",0.2785599224299266,JR-CheapSummary（静态简化表示诊断）；seed17,JR-CheapSummary (static); seed17,INTERNAL_STATIC_SUMMARY_DIAGNOSTIC
CheapSummary-seed17,12,1.043016161174617,160.63733387318655,"[{""source"": ""r004"", ""graph_count"": 6, ""record_count"": 72, ""missing_numeric_rows"": 0, ""mean"": 277.7999578197742}, {""source"": ""r005"", ""graph_count"": 6, ""record_count"": 72, ""missing_numeric_rows"": 0, ""mean"": 43.474709926598884}]",72,"{""total"": 0.9788643006597542, ""regression"": 0.5239128352841362, ""ranking"": 0.4549514649921805, ""auxiliary"": 0.0}",0.30122208936603884,JR-CheapSummary（静态简化表示诊断）；seed17,JR-CheapSummary (static); seed17,INTERNAL_STATIC_SUMMARY_DIAGNOSTIC
CheapSummary-seed17,13,1.178425148750345,201.23717432622817,"[{""source"": ""r004"", ""graph_count"": 6, ""record_count"": 72, ""missing_numeric_rows"": 0, ""mean"": 358.99963872585744}, {""source"": ""r005"", ""graph_count"": 6, ""record_count"": 72, ""missing_numeric_rows"": 0, ""mean"": 43.474709926598884}]",78,"{""total"": 0.9216102269581623, ""regression"": 0.43711878755129874, ""ranking"": 0.4844914407916726, ""auxiliary"": 0.0}",0.3199466035047046,JR-CheapSummary（静态简化表示诊断）；seed17,JR-CheapSummary (static); seed17,INTERNAL_STATIC_SUMMARY_DIAGNOSTIC
CheapSummary-seed17,14,1.4983670229299202,195.35170997904723,"[{""source"": ""r004"", ""graph_count"": 6, ""record_count"": 72, ""missing_numeric_rows"": 0, ""mean"": 370.0239732503715}, {""source"": ""r005"", ""graph_count"": 6, ""record_count"": 72, ""missing_numeric_rows"": 0, ""mean"": 20.679446707722946}]",84,"{""total"": 1.0513464304515057, ""regression"": 0.5550428165329827, ""ranking"": 0.49630361349606567, ""auxiliary"": 0.0}",0.333448965050426,JR-CheapSummary（静态简化表示诊断）；seed17,JR-CheapSummary (static); seed17,INTERNAL_STATIC_SUMMARY_DIAGNOSTIC
CheapSummary-seed17,15,0.9845873209544354,138.55578982104703,"[{""source"": ""r004"", ""graph_count"": 6, ""record_count"": 72, ""missing_numeric_rows"": 0, ""mean"": 189.1260298641063}, {""source"": ""r005"", ""graph_count"": 6, ""record_count"": 72, ""missing_numeric_rows"": 0, ""mean"": 87.98554977798779}]",90,"{""total"": 0.918686013849866, ""regression"": 0.4773734347739567, ""ranking"": 0.4413125797131837, ""auxiliary"": 0.0}",0.3639443065269592,JR-CheapSummary（静态简化表示诊断）；seed17,JR-CheapSummary (static); seed17,INTERNAL_STATIC_SUMMARY_DIAGNOSTIC
CheapSummary-seed17,16,1.53507788789769,196.68513675422778,"[{""source"": ""r004"", ""graph_count"": 6, ""record_count"": 72, ""missing_numeric_rows"": 0, ""mean"": 370.0239732503715}, {""source"": ""r005"", ""graph_count"": 6, ""record_count"": 72, ""missing_numeric_rows"": 0, ""mean"": 23.346300258084057}]",96,"{""total"": 1.1475162790674303, ""regression"": 0.5328631841499979, ""ranking"": 0.6146530922525997, ""auxiliary"": 0.0}",0.36822859756745074,JR-CheapSummary（静态简化表示诊断）；seed17,JR-CheapSummary (static); seed17,INTERNAL_STATIC_SUMMARY_DIAGNOSTIC
CheapSummary-seed17,17,0.9458718246832076,104.41153486093756,"[{""source"": ""r004"", ""graph_count"": 6, ""record_count"": 72, ""missing_numeric_rows"": 0, ""mean"": 165.34835979527625}, {""source"": ""r005"", ""graph_count"": 6, ""record_count"": 72, ""missing_numeric_rows"": 0, ""mean"": 43.474709926598884}]",102,"{""total"": 1.0095813853097044, ""regression"": 0.5339844185639069, ""ranking"": 0.47559696780904365, ""auxiliary"": 0.0}",0.3946812447920135,JR-CheapSummary（静态简化表示诊断）；seed17,JR-CheapSummary (static); seed17,INTERNAL_STATIC_SUMMARY_DIAGNOSTIC
CheapSummary-seed17,18,1.2167671854711242,199.29825834622812,"[{""source"": ""r004"", ""graph_count"": 6, ""record_count"": 72, ""missing_numeric_rows"": 0, ""mean"": 352.29318750196853}, {""source"": ""r005"", ""graph_count"": 6, ""record_count"": 72, ""missing_numeric_rows"": 0, ""mean"": 46.303329190487695}]",108,"{""total"": 0.8676712513487372, ""regression"": 0.43645627085222966, ""ranking"": 0.43121498478959985, ""auxiliary"": 0.0}",0.4091423132540908,JR-CheapSummary（静态简化表示诊断）；seed17,JR-CheapSummary (static); seed17,INTERNAL_STATIC_SUMMARY_DIAGNOSTIC
CheapSummary-seed17,19,0.9011987695056531,102.26799500904824,"[{""source"": ""r004"", ""graph_count"": 6, ""record_count"": 72, ""missing_numeric_rows"": 0, ""mean"": 161.0612800914976}, {""source"": ""r005"", ""graph_count"": 6, ""record_count"": 72, ""missing_numeric_rows"": 0, ""mean"": 43.474709926598884}]",114,"{""total"": 0.8698556784850856, ""regression"": 0.4697452674412893, ""ranking"": 0.4001104083762143, ""auxiliary"": 0.0}",0.43282972366744155,JR-CheapSummary（静态简化表示诊断）；seed17,JR-CheapSummary (static); seed17,INTERNAL_STATIC_SUMMARY_DIAGNOSTIC
CheapSummary-seed17,20,1.3307243088363774,198.29317117574172,"[{""source"": ""r004"", ""graph_count"": 6, ""record_count"": 72, ""missing_numeric_rows"": 0, ""mean"": 378.1541357483159}, {""source"": ""r005"", ""graph_count"": 6, ""record_count"": 72, ""missing_numeric_rows"": 0, ""mean"": 18.43220660316754}]",120,"{""total"": 0.8735219909706049, ""regression"": 0.4436625480496635, ""ranking"": 0.4298594429947674, ""auxiliary"": 0.0}",0.4379661846461077,JR-CheapSummary（静态简化表示诊断）；seed17,JR-CheapSummary (static); seed17,INTERNAL_STATIC_SUMMARY_DIAGNOSTIC
CheapSummary-seed17,21,0.9248887850747755,99.83094539793755,"[{""source"": ""r004"", ""graph_count"": 6, ""record_count"": 72, ""missing_numeric_rows"": 0, ""mean"": 156.18718086927623}, {""source"": ""r005"", ""graph_count"": 6, ""record_count"": 72, ""missing_numeric_rows"": 0, ""mean"": 43.474709926598884}]",126,"{""total"": 0.9191431309769137, ""regression"": 0.49901868040776914, ""ranking"": 0.4201244472221495, ""auxiliary"": 0.0}",0.46099446765989605,JR-CheapSummary（静态简化表示诊断）；seed17,JR-CheapSummary (static); seed17,INTERNAL_STATIC_SUMMARY_DIAGNOSTIC
CheapSummary-seed17,22,1.4290536787464387,199.7217485548875,"[{""source"": ""r004"", ""graph_count"": 6, ""record_count"": 72, ""missing_numeric_rows"": 0, ""mean"": 378.7640504020521}, {""source"": ""r005"", ""graph_count"": 6, ""record_count"": 72, ""missing_numeric_rows"": 0, ""mean"": 20.679446707722946}]",132,"{""total"": 1.0266767620212502, ""regression"": 0.49055860269193846, ""ranking"": 0.5361181555533309, ""auxiliary"": 0.0}",0.4689646490818997,JR-CheapSummary（静态简化表示诊断）；seed17,JR-CheapSummary (static); seed17,INTERNAL_STATIC_SUMMARY_DIAGNOSTIC
CheapSummary-seed17,23,1.1775683380352955,199.29825834622812,"[{""source"": ""r004"", ""graph_count"": 6, ""record_count"": 72, ""missing_numeric_rows"": 0, ""mean"": 352.29318750196853}, {""source"": ""r005"", ""graph_count"": 6, ""record_count"": 72, ""missing_numeric_rows"": 0, ""mean"": 46.303329190487695}]",138,"{""total"": 1.0446384902526107, ""regression"": 0.5539474246454321, ""ranking"": 0.4906910672238942, ""auxiliary"": 0.0}",0.48966262628828855,JR-CheapSummary（静态简化表示诊断）；seed17,JR-CheapSummary (static); seed17,INTERNAL_STATIC_SUMMARY_DIAGNOSTIC
CheapSummary-seed17,24,0.9379371064327037,98.6762556411112,"[{""source"": ""r004"", ""graph_count"": 6, ""record_count"": 72, ""missing_numeric_rows"": 0, ""mean"": 153.87780135562352}, {""source"": ""r005"", ""graph_count"": 6, ""record_count"": 72, ""missing_numeric_rows"": 0, ""mean"": 43.474709926598884}]",144,"{""total"": 0.8648827358459433, ""regression"": 0.42373375240195954, ""ranking"": 0.44114898134257186, ""auxiliary"": 0.0}",0.5074687251484926,JR-CheapSummary（静态简化表示诊断）；seed17,JR-CheapSummary (static); seed17,INTERNAL_STATIC_SUMMARY_DIAGNOSTIC
CheapSummary-seed17,25,1.0121537079620693,117.44881468750015,"[{""source"": ""r004"", ""graph_count"": 6, ""record_count"": 72, ""missing_numeric_rows"": 0, ""mean"": 191.42291944840142}, {""source"": ""r005"", ""graph_count"": 6, ""record_count"": 72, ""missing_numeric_rows"": 0, ""mean"": 43.474709926598884}]",150,"{""total"": 0.7868870407756832, ""regression"": 0.4299179775795589, ""ranking"": 0.3569690643048501, ""auxiliary"": 0.0}",0.5190843724772202,JR-CheapSummary（静态简化表示诊断）；seed17,JR-CheapSummary (static); seed17,INTERNAL_STATIC_SUMMARY_DIAGNOSTIC
CheapSummary-seed17,26,0.995478287520301,117.44881468750015,"[{""source"": ""r004"", ""graph_count"": 6, ""record_count"": 72, ""missing_numeric_rows"": 0, ""mean"": 191.42291944840142}, {""source"": ""r005"", ""graph_count"": 6, ""record_count"": 72, ""missing_numeric_rows"": 0, ""mean"": 43.474709926598884}]",156,"{""total"": 0.7913359502692603, ""regression"": 0.4169744193010653, ""ranking"": 0.37436153344874173, ""auxiliary"": 0.0}",0.5339677256545082,JR-CheapSummary（静态简化表示诊断）；seed17,JR-CheapSummary (static); seed17,INTERNAL_STATIC_SUMMARY_DIAGNOSTIC
CheapSummary-seed17,27,1.2617958411574364,180.782107589568,"[{""source"": ""r004"", ""graph_count"": 6, ""record_count"": 72, ""missing_numeric_rows"": 0, ""mean"": 343.1320085759685}, {""source"": ""r005"", ""graph_count"": 6, ""record_count"": 72, ""missing_numeric_rows"": 0, ""mean"": 18.43220660316754}]",162,"{""total"": 0.906718711860271, ""regression"": 0.4323254897026345, ""ranking"": 0.4743932247160632, ""auxiliary"": 0.0}",0.5486081334597636,JR-CheapSummary（静态简化表示诊断）；seed17,JR-CheapSummary (static); seed17,INTERNAL_STATIC_SUMMARY_DIAGNOSTIC
CheapSummary-seed17,28,1.5114274511838124,186.0327251379291,"[{""source"": ""r004"", ""graph_count"": 6, ""record_count"": 72, ""missing_numeric_rows"": 0, ""mean"": 348.71915001777415}, {""source"": ""r005"", ""graph_count"": 6, ""record_count"": 72, ""missing_numeric_rows"": 0, ""mean"": 23.346300258084057}]",168,"{""total"": 1.0697115228459653, ""regression"": 0.5599526239352094, ""ranking"": 0.509758896706569, ""auxiliary"": 0.0}",0.5608173935241245,JR-CheapSummary（静态简化表示诊断）；seed17,JR-CheapSummary (static); seed17,INTERNAL_STATIC_SUMMARY_DIAGNOSTIC
CheapSummary-seed17,29,0.9011196898710396,109.11402732907487,"[{""source"": ""r004"", ""graph_count"": 6, ""record_count"": 72, ""missing_numeric_rows"": 0, ""mean"": 151.1092933358565}, {""source"": ""r005"", ""graph_count"": 6, ""record_count"": 72, ""missing_numeric_rows"": 0, ""mean"": 67.11876132229325}]",174,"{""total"": 0.8772610931191593, ""regression"": 0.452984076911687, ""ranking"": 0.4242770143491926, ""auxiliary"": 0.0}",0.5872305040395963,JR-CheapSummary（静态简化表示诊断）；seed17,JR-CheapSummary (static); seed17,INTERNAL_STATIC_SUMMARY_DIAGNOSTIC
CheapSummary-seed17,30,1.1380794580715399,174.75709384059596,"[{""source"": ""r004"", ""graph_count"": 6, ""record_count"": 72, ""missing_numeric_rows"": 0, ""mean"": 303.2108584907042}, {""source"": ""r005"", ""graph_count"": 6, ""record_count"": 72, ""missing_numeric_rows"": 0, ""mean"": 46.303329190487695}]",180,"{""total"": 0.8413545597189417, ""regression"": 0.43004048058194005, ""ranking"": 0.4113140788022625, ""auxiliary"": 0.0}",0.5940649551002901,JR-CheapSummary（静态简化表示诊断）；seed17,JR-CheapSummary (static); seed17,INTERNAL_STATIC_SUMMARY_DIAGNOSTIC
CheapSummary-seed17,31,0.8423516008382043,106.84659021303472,"[{""source"": ""r004"", ""graph_count"": 6, ""record_count"": 72, ""missing_numeric_rows"": 0, ""mean"": 160.10638289816416}, {""source"": ""r005"", ""graph_count"": 6, ""record_count"": 72, ""missing_numeric_rows"": 0, ""mean"": 53.58679752790527}]",186,"{""total"": 0.7920421573023001, ""regression"": 0.42794057522486484, ""ranking"": 0.3641015809831302, ""auxiliary"": 0.0}",0.6156279510355307,JR-CheapSummary（静态简化表示诊断）；seed17,JR-CheapSummary (static); seed17,INTERNAL_STATIC_SUMMARY_DIAGNOSTIC
CheapSummary-seed17,32,1.1832860336225066,183.94044782445022,"[{""source"": ""r004"", ""graph_count"": 6, ""record_count"": 72, ""missing_numeric_rows"": 0, ""mean"": 343.1320085759685}, {""source"": ""r005"", ""graph_count"": 6, ""record_count"": 72, ""missing_numeric_rows"": 0, ""mean"": 24.748887072931968}]",192,"{""total"": 0.8273716502202054, ""regression"": 0.41898546448080903, ""ranking"": 0.40838618865397386, ""auxiliary"": 0.0}",0.6241994929472704,JR-CheapSummary（静态简化表示诊断）；seed17,JR-CheapSummary (static); seed17,INTERNAL_STATIC_SUMMARY_DIAGNOSTIC
CheapSummary-seed17,33,0.832034131925967,106.84659021303472,"[{""source"": ""r004"", ""graph_count"": 6, ""record_count"": 72, ""missing_numeric_rows"": 0, ""mean"": 160.10638289816416}, {""source"": ""r005"", ""graph_count"": 6, ""record_count"": 72, ""missing_numeric_rows"": 0, ""mean"": 53.58679752790527}]",198,"{""total"": 0.7586918397444404, ""regression"": 0.4221104034093312, ""ranking"": 0.3365814376237857, ""auxiliary"": 0.0}",0.647982049342409,JR-CheapSummary（静态简化表示诊断）；seed17,JR-CheapSummary (static); seed17,INTERNAL_STATIC_SUMMARY_DIAGNOSTIC
CheapSummary-seed17,34,1.4014146956097748,190.08244823270687,"[{""source"": ""r004"", ""graph_count"": 6, ""record_count"": 72, ""missing_numeric_rows"": 0, ""mean"": 356.8185962073297}, {""source"": ""r005"", ""graph_count"": 6, ""record_count"": 72, ""missing_numeric_rows"": 0, ""mean"": 23.346300258084057}]",204,"{""total"": 0.8291216398485832, ""regression"": 0.43076123382585746, ""ranking"": 0.398360405925257, ""auxiliary"": 0.0}",0.653969197190976,JR-CheapSummary（静态简化表示诊断）；seed17,JR-CheapSummary (static); seed17,INTERNAL_STATIC_SUMMARY_DIAGNOSTIC
CheapSummary-seed17,35,0.9499618768523861,93.96567517970843,"[{""source"": ""r004"", ""graph_count"": 6, ""record_count"": 72, ""missing_numeric_rows"": 0, ""mean"": 143.8891687438735}, {""source"": ""r005"", ""graph_count"": 6, ""record_count"": 72, ""missing_numeric_rows"": 0, ""mean"": 44.042181615543335}]",210,"{""total"": 0.9621768959849659, ""regression"": 0.5086815937085905, ""ranking"": 0.4534953050578852, ""auxiliary"": 0.0}",0.6764721088451595,JR-CheapSummary（静态简化表示诊断）；seed17,JR-CheapSummary (static); seed17,INTERNAL_STATIC_SUMMARY_DIAGNOSTIC
CheapSummary-seed17,36,1.0601198548037145,154.63337983742935,"[{""source"": ""r004"", ""graph_count"": 6, ""record_count"": 72, ""missing_numeric_rows"": 0, ""mean"": 262.3959587954265}, {""source"": ""r005"", ""graph_count"": 6, ""record_count"": 72, ""missing_numeric_rows"": 0, ""mean"": 46.87080087943215}]",216,"{""total"": 0.8640496794186119, ""regression"": 0.4264300818968978, ""ranking"": 0.43761959842879183, ""auxiliary"": 0.0}",0.6895591659188747,JR-CheapSummary（静态简化表示诊断）；seed17,JR-CheapSummary (static); seed17,INTERNAL_STATIC_SUMMARY_DIAGNOSTIC
CheapSummary-seed17,37,1.7385479690920975,200.9564274962486,"[{""source"": ""r004"", ""graph_count"": 6, ""record_count"": 72, ""missing_numeric_rows"": 0, ""mean"": 380.1258931417048}, {""source"": ""r005"", ""graph_count"": 6, ""record_count"": 72, ""missing_numeric_rows"": 0, ""mean"": 21.786961850792395}]",222,"{""total"": 1.080243185084934, ""regression"": 0.5626469502070298, ""ranking"": 0.5175962334149339, ""auxiliary"": 0.0}",0.6938032411886936,JR-CheapSummary（静态简化表示诊断）；seed17,JR-CheapSummary (static); seed17,INTERNAL_STATIC_SUMMARY_DIAGNOSTIC
CheapSummary-seed17,38,1.1648479539176657,164.2636086262903,"[{""source"": ""r004"", ""graph_count"": 6, ""record_count"": 72, ""missing_numeric_rows"": 0, ""mean"": 303.2108584907042}, {""source"": ""r005"", ""graph_count"": 6, ""record_count"": 72, ""missing_numeric_rows"": 0, ""mean"": 25.316358761876426}]",228,"{""total"": 1.1408126135356724, ""regression"": 0.5847180418204516, ""ranking"": 0.5560945719595478, ""auxiliary"": 0.0}",0.7181706365915199,JR-CheapSummary（静态简化表示诊断）；seed17,JR-CheapSummary (static); seed17,INTERNAL_STATIC_SUMMARY_DIAGNOSTIC
CheapSummary-seed17,39,0.9536140824331798,93.96567517970843,"[{""source"": ""r004"", ""graph_count"": 6, ""record_count"": 72, ""missing_numeric_rows"": 0, ""mean"": 143.8891687438735}, {""source"": ""r005"", ""graph_count"": 6, ""record_count"": 72, ""missing_numeric_rows"": 0, ""mean"": 44.042181615543335}]",234,"{""total"": 0.9027333559157947, ""regression"": 0.4278148900355316, ""ranking"": 0.4749184658293876, ""auxiliary"": 0.0}",0.7285319881289021,JR-CheapSummary（静态简化表示诊断）；seed17,JR-CheapSummary (static); seed17,INTERNAL_STATIC_SUMMARY_DIAGNOSTIC
CheapSummary-seed17,40,1.7074702565247815,197.52098539899856,"[{""source"": ""r004"", ""graph_count"": 6, ""record_count"": 72, ""missing_numeric_rows"": 0, ""mean"": 373.2550089472047}, {""source"": ""r005"", ""graph_count"": 6, ""record_count"": 72, ""missing_numeric_rows"": 0, ""mean"": 21.786961850792395}]",240,"{""total"": 1.0572952849066093, ""regression"": 0.5461585324826754, ""ranking"": 0.5111367548375758, ""auxiliary"": 0.0}",0.7292505487891421,JR-CheapSummary（静态简化表示诊断）；seed17,JR-CheapSummary (static); seed17,INTERNAL_STATIC_SUMMARY_DIAGNOSTIC
CheapSummary-seed29,0,36.8975452846951,510.4854464796002,"[{""source"": ""r004"", ""graph_count"": 6, ""record_count"": 72, ""missing_numeric_rows"": 0, ""mean"": 536.2063660952286}, {""source"": ""r005"", ""graph_count"": 6, ""record_count"": 72, ""missing_numeric_rows"": 0, ""mean"": 484.76452686397187}]",,,,JR-CheapSummary（静态简化表示诊断）；seed29,JR-CheapSummary (static); seed29,INTERNAL_STATIC_SUMMARY_DIAGNOSTIC
CheapSummary-seed29,1,1.719600781487922,212.82152492699873,"[{""source"": ""r004"", ""graph_count"": 6, ""record_count"": 72, ""missing_numeric_rows"": 0, ""mean"": 403.606979879941}, {""source"": ""r005"", ""graph_count"": 6, ""record_count"": 72, ""missing_numeric_rows"": 0, ""mean"": 22.03606997405647}]",6,"{""total"": 21.447782293660566, ""regression"": 6.277233903166941, ""ranking"": 15.170548418913077, ""auxiliary"": 0.0}",0.09577660302362984,JR-CheapSummary（静态简化表示诊断）；seed29,JR-CheapSummary (static); seed29,INTERNAL_STATIC_SUMMARY_DIAGNOSTIC
CheapSummary-seed29,2,2.135194008031653,237.3490138024847,"[{""source"": ""r004"", ""graph_count"": 6, ""record_count"": 72, ""missing_numeric_rows"": 0, ""mean"": 411.9501011838158}, {""source"": ""r005"", ""graph_count"": 6, ""record_count"": 72, ""missing_numeric_rows"": 0, ""mean"": 62.74792642115363}]",12,"{""total"": 1.4461857767051294, ""regression"": 0.7335559548292723, ""ranking"": 0.7126298239143198, ""auxiliary"": 0.0}",0.14682589453276,JR-CheapSummary（静态简化表示诊断）；seed29,JR-CheapSummary (static); seed29,INTERNAL_STATIC_SUMMARY_DIAGNOSTIC
CheapSummary-seed29,3,2.1397855997913413,237.3490138024847,"[{""source"": ""r004"", ""graph_count"": 6, ""record_count"": 72, ""missing_numeric_rows"": 0, ""mean"": 411.9501011838158}, {""source"": ""r005"", ""graph_count"": 6, ""record_count"": 72, ""missing_numeric_rows"": 0, ""mean"": 62.74792642115363}]",18,"{""total"": 1.551237161943896, ""regression"": 0.7750688411502374, ""ranking"": 0.7761683174595565, ""auxiliary"": 0.0}",0.17331277739233347,JR-CheapSummary（静态简化表示诊断）；seed29,JR-CheapSummary (static); seed29,INTERNAL_STATIC_SUMMARY_DIAGNOSTIC
CheapSummary-seed29,4,2.1397255231729813,239.54040248072081,"[{""source"": ""r004"", ""graph_count"": 6, ""record_count"": 72, ""missing_numeric_rows"": 0, ""mean"": 411.9501011838158}, {""source"": ""r005"", ""graph_count"": 6, ""record_count"": 72, ""missing_numeric_rows"": 0, ""mean"": 67.13070377762584}]",24,"{""total"": 1.5531445070066385, ""regression"": 0.7771976650692523, ""ranking"": 0.7759468342459971, ""auxiliary"": 0.0}",0.1891141821448363,JR-CheapSummary（静态简化表示诊断）；seed29,JR-CheapSummary (static); seed29,INTERNAL_STATIC_SUMMARY_DIAGNOSTIC
CheapSummary-seed29,5,2.1395664871152906,239.54040248072081,"[{""source"": ""r004"", ""graph_count"": 6, ""record_count"": 72, ""missing_numeric_rows"": 0, ""mean"": 411.9501011838158}, {""source"": ""r005"", ""graph_count"": 6, ""record_count"": 72, ""missing_numeric_rows"": 0, ""mean"": 67.13070377762584}]",30,"{""total"": 1.5532919014286664, ""regression"": 0.7778284940868616, ""ranking"": 0.7754633990854936, ""auxiliary"": 0.0}",0.19982103379991525,JR-CheapSummary（静态简化表示诊断）；seed29,JR-CheapSummary (static); seed29,INTERNAL_STATIC_SUMMARY_DIAGNOSTIC
CheapSummary-seed29,6,2.1394463543676667,239.54040248072081,"[{""source"": ""r004"", ""graph_count"": 6, ""record_count"": 72, ""missing_numeric_rows"": 0, ""mean"": 411.9501011838158}, {""source"": ""r005"", ""graph_count"": 6, ""record_count"": 72, ""missing_numeric_rows"": 0, ""mean"": 67.13070377762584}]",36,"{""total"": 1.5532845158854292, ""regression"": 0.7780997458224496, ""ranking"": 0.7751847707000311, ""auxiliary"": 0.0}",0.20900863303069628,JR-CheapSummary（静态简化表示诊断）；seed29,JR-CheapSummary (static); seed29,INTERNAL_STATIC_SUMMARY_DIAGNOSTIC
CheapSummary-seed29,7,2.139350125876566,239.54040248072081,"[{""source"": ""r004"", ""graph_count"": 6, ""record_count"": 72, ""missing_numeric_rows"": 0, ""mean"": 411.9501011838158}, {""source"": ""r005"", ""graph_count"": 6, ""record_count"": 72, ""missing_numeric_rows"": 0, ""mean"": 67.13070377762584}]",42,"{""total"": 1.5532525615352724, ""regression"": 0.7782229234774908, ""ranking"": 0.7750296383147073, ""auxiliary"": 0.0}",0.2178807196821425,JR-CheapSummary（静态简化表示诊断）；seed29,JR-CheapSummary (static); seed29,INTERNAL_STATIC_SUMMARY_DIAGNOSTIC
CheapSummary-seed29,8,2.1392807755619287,239.54040248072081,"[{""source"": ""r004"", ""graph_count"": 6, ""record_count"": 72, ""missing_numeric_rows"": 0, ""mean"": 411.9501011838158}, {""source"": ""r005"", ""graph_count"": 6, ""record_count"": 72, ""missing_numeric_rows"": 0, ""mean"": 67.13070377762584}]",48,"{""total"": 1.553235423647695, ""regression"": 0.7782960065330068, ""ranking"": 0.7749394136629499, ""auxiliary"": 0.0}",0.22495860783713592,JR-CheapSummary（静态简化表示诊断）；seed29,JR-CheapSummary (static); seed29,INTERNAL_STATIC_SUMMARY_DIAGNOSTIC
CheapSummary-seed29,9,2.1392019748066864,239.54040248072081,"[{""source"": ""r004"", ""graph_count"": 6, ""record_count"": 72, ""missing_numeric_rows"": 0, ""mean"": 411.9501011838158}, {""source"": ""r005"", ""graph_count"": 6, ""record_count"": 72, ""missing_numeric_rows"": 0, ""mean"": 67.13070377762584}]",54,"{""total"": 1.553216592098276, ""regression"": 0.7783367902350923, ""ranking"": 0.7748797962386959, ""auxiliary"": 0.0}",0.23663429946826423,JR-CheapSummary（静态简化表示诊断）；seed29,JR-CheapSummary (static); seed29,INTERNAL_STATIC_SUMMARY_DIAGNOSTIC
CheapSummary-seed29,10,2.139100000676182,239.54040248072081,"[{""source"": ""r004"", ""graph_count"": 6, ""record_count"": 72, ""missing_numeric_rows"": 0, ""mean"": 411.9501011838158}, {""source"": ""r005"", ""graph_count"": 6, ""record_count"": 72, ""missing_numeric_rows"": 0, ""mean"": 67.13070377762584}]",60,"{""total"": 1.5531850401312113, ""regression"": 0.7783817617326148, ""ranking"": 0.77480327474245, ""auxiliary"": 0.0}",0.2521643001978191,JR-CheapSummary（静态简化表示诊断）；seed29,JR-CheapSummary (static); seed29,INTERNAL_STATIC_SUMMARY_DIAGNOSTIC
CheapSummary-seed29,11,2.139010142741932,239.54040248072081,"[{""source"": ""r004"", ""graph_count"": 6, ""record_count"": 72, ""missing_numeric_rows"": 0, ""mean"": 411.9501011838158}, {""source"": ""r005"", ""graph_count"": 6, ""record_count"": 72, ""missing_numeric_rows"": 0, ""mean"": 67.13070377762584}]",66,"{""total"": 1.5531202700609963, ""regression"": 0.7784227516709102, ""ranking"": 0.7746975165118253, ""auxiliary"": 0.0}",0.2686866997699636,JR-CheapSummary（静态简化表示诊断）；seed29,JR-CheapSummary (static); seed29,INTERNAL_STATIC_SUMMARY_DIAGNOSTIC
CheapSummary-seed29,12,2.1389072328392,239.54040248072081,"[{""source"": ""r004"", ""graph_count"": 6, ""record_count"": 72, ""missing_numeric_rows"": 0, ""mean"": 411.9501011838158}, {""source"": ""r005"", ""graph_count"": 6, ""record_count"": 72, ""missing_numeric_rows"": 0, ""mean"": 67.13070377762584}]",72,"{""total"": 1.5530636536164417, ""regression"": 0.778485608442376, ""ranking"": 0.774578046001367, ""auxiliary"": 0.0}",0.28947511015071925,JR-CheapSummary（静态简化表示诊断）；seed29,JR-CheapSummary (static); seed29,INTERNAL_STATIC_SUMMARY_DIAGNOSTIC
CheapSummary-seed29,13,2.13875072552926,239.54040248072081,"[{""source"": ""r004"", ""graph_count"": 6, ""record_count"": 72, ""missing_numeric_rows"": 0, ""mean"": 411.9501011838158}, {""source"": ""r005"", ""graph_count"": 6, ""record_count"": 72, ""missing_numeric_rows"": 0, ""mean"": 67.13070377762584}]",78,"{""total"": 1.5529819134519331, ""regression"": 0.7785934768617153, ""ranking"": 0.7743884355557493, ""auxiliary"": 0.0}",0.3155708639237683,JR-CheapSummary（静态简化表示诊断）；seed29,JR-CheapSummary (static); seed29,INTERNAL_STATIC_SUMMARY_DIAGNOSTIC
CheapSummary-seed29,14,2.138594318802158,237.3490138024847,"[{""source"": ""r004"", ""graph_count"": 6, ""record_count"": 72, ""missing_numeric_rows"": 0, ""mean"": 411.9501011838158}, {""source"": ""r005"", ""graph_count"": 6, ""record_count"": 72, ""missing_numeric_rows"": 0, ""mean"": 62.74792642115363}]",84,"{""total"": 1.5528911850932572, ""regression"": 0.7787536908355024, ""ranking"": 0.7741374925447482, ""auxiliary"": 0.0}",0.3430937767452814,JR-CheapSummary（静态简化表示诊断）；seed29,JR-CheapSummary (static); seed29,INTERNAL_STATIC_SUMMARY_DIAGNOSTIC
CheapSummary-seed29,15,2.1384837827127843,237.3490138024847,"[{""source"": ""r004"", ""graph_count"": 6, ""record_count"": 72, ""missing_numeric_rows"": 0, ""mean"": 411.9501011838158}, {""source"": ""r005"", ""graph_count"": 6, ""record_count"": 72, ""missing_numeric_rows"": 0, ""mean"": 62.74792642115363}]",90,"{""total"": 1.5528262100285954, ""regression"": 0.7788953789923754, ""ranking"": 0.7739308303959915, ""auxiliary"": 0.0}",0.36554079299208675,JR-CheapSummary（静态简化表示诊断）；seed29,JR-CheapSummary (static); seed29,INTERNAL_STATIC_SUMMARY_DIAGNOSTIC
CheapSummary-seed29,16,2.138407543508543,237.3490138024847,"[{""source"": ""r004"", ""graph_count"": 6, ""record_count"": 72, ""missing_numeric_rows"": 0, ""mean"": 411.9501011838158}, {""source"": ""r005"", ""graph_count"": 6, ""record_count"": 72, ""missing_numeric_rows"": 0, ""mean"": 62.74792642115363}]",96,"{""total"": 1.5527993771247566, ""regression"": 0.7789929440348513, ""ranking"": 0.7738064319772113, ""auxiliary"": 0.0}",0.3857451632692745,JR-CheapSummary（静态简化表示诊断）；seed29,JR-CheapSummary (static); seed29,INTERNAL_STATIC_SUMMARY_DIAGNOSTIC
CheapSummary-seed29,17,2.1383687833117113,237.3490138024847,"[{""source"": ""r004"", ""graph_count"": 6, ""record_count"": 72, ""missing_numeric_rows"": 0, ""mean"": 411.9501011838158}, {""source"": ""r005"", ""graph_count"": 6, ""record_count"": 72, ""missing_numeric_rows"": 0, ""mean"": 62.74792642115363}]",102,"{""total"": 1.5527716609131959, ""regression"": 0.7790577975619171, ""ranking"": 0.7737138668696653, ""auxiliary"": 0.0}",0.40061217617170597,JR-CheapSummary（静态简化表示诊断）；seed29,JR-CheapSummary (static); seed29,INTERNAL_STATIC_SUMMARY_DIAGNOSTIC
CheapSummary-seed29,18,2.138337593732609,237.3490138024847,"[{""source"": ""r004"", ""graph_count"": 6, ""record_count"": 72, ""missing_numeric_rows"": 0, ""mean"": 411.9501011838158}, {""source"": ""r005"", ""graph_count"": 6, ""record_count"": 72, ""missing_numeric_rows"": 0, ""mean"": 62.74792642115363}]",108,"{""total"": 1.5527605103432305, ""regression"": 0.7791056505714854, ""ranking"": 0.7736548517361087, ""auxiliary"": 0.0}",0.41372873304841085,JR-CheapSummary（静态简化表示诊断）；seed29,JR-CheapSummary (static); seed29,INTERNAL_STATIC_SUMMARY_DIAGNOSTIC
CheapSummary-seed29,19,2.138316012401548,237.3490138024847,"[{""source"": ""r004"", ""graph_count"": 6, ""record_count"": 72, ""missing_numeric_rows"": 0, ""mean"": 411.9501011838158}, {""source"": ""r005"", ""graph_count"": 6, ""record_count"": 72, ""missing_numeric_rows"": 0, ""mean"": 62.74792642115363}]",114,"{""total"": 1.5527414404269722, ""regression"": 0.7791259029569725, ""ranking"": 0.7736155377197352, ""auxiliary"": 0.0}",0.4224832039987628,JR-CheapSummary（静态简化表示诊断）；seed29,JR-CheapSummary (static); seed29,INTERNAL_STATIC_SUMMARY_DIAGNOSTIC
CheapSummary-seed29,20,2.1382893030014305,237.3490138024847,"[{""source"": ""r004"", ""graph_count"": 6, ""record_count"": 72, ""missing_numeric_rows"": 0, ""mean"": 411.9501011838158}, {""source"": ""r005"", ""graph_count"": 6, ""record_count"": 72, ""missing_numeric_rows"": 0, ""mean"": 62.74792642115363}]",120,"{""total"": 1.5527147666758134, ""regression"": 0.7791363657969568, ""ranking"": 0.7735783970975343, ""auxiliary"": 0.0}",0.43258053575098987,JR-CheapSummary（静态简化表示诊断）；seed29,JR-CheapSummary (static); seed29,INTERNAL_STATIC_SUMMARY_DIAGNOSTIC
CheapSummary-seed29,21,2.138254221632249,237.3490138024847,"[{""source"": ""r004"", ""graph_count"": 6, ""record_count"": 72, ""missing_numeric_rows"": 0, ""mean"": 411.9501011838158}, {""source"": ""r005"", ""graph_count"": 6, ""record_count"": 72, ""missing_numeric_rows"": 0, ""mean"": 62.74792642115363}]",126,"{""total"": 1.5526866175027356, ""regression"": 0.7791516667542359, ""ranking"": 0.7735349498460911, ""auxiliary"": 0.0}",0.4440331879775625,JR-CheapSummary（静态简化表示诊断）；seed29,JR-CheapSummary (static); seed29,INTERNAL_STATIC_SUMMARY_DIAGNOSTIC
CheapSummary-seed29,22,2.1382282462178006,237.3490138024847,"[{""source"": ""r004"", ""graph_count"": 6, ""record_count"": 72, ""missing_numeric_rows"": 0, ""mean"": 411.9501011838158}, {""source"": ""r005"", ""graph_count"": 6, ""record_count"": 72, ""missing_numeric_rows"": 0, ""mean"": 62.74792642115363}]",132,"{""total"": 1.5526692112907767, ""regression"": 0.7791803010428945, ""ranking"": 0.7734889076403194, ""auxiliary"": 0.0}",0.4551694798381195,JR-CheapSummary（静态简化表示诊断）；seed29,JR-CheapSummary (static); seed29,INTERNAL_STATIC_SUMMARY_DIAGNOSTIC
CheapSummary-seed29,23,2.1382231474336653,237.3490138024847,"[{""source"": ""r004"", ""graph_count"": 6, ""record_count"": 72, ""missing_numeric_rows"": 0, ""mean"": 411.9501011838158}, {""source"": ""r005"", ""graph_count"": 6, ""record_count"": 72, ""missing_numeric_rows"": 0, ""mean"": 62.74792642115363}]",138,"{""total"": 1.5526625360362232, ""regression"": 0.7791996947489679, ""ranking"": 0.773462839038922, ""auxiliary"": 0.0}",0.4616406284305202,JR-CheapSummary（静态简化表示诊断）；seed29,JR-CheapSummary (static); seed29,INTERNAL_STATIC_SUMMARY_DIAGNOSTIC
CheapSummary-seed29,24,2.138220951685475,237.3490138024847,"[{""source"": ""r004"", ""graph_count"": 6, ""record_count"": 72, ""missing_numeric_rows"": 0, ""mean"": 411.9501011838158}, {""source"": ""r005"", ""graph_count"": 6, ""record_count"": 72, ""missing_numeric_rows"": 0, ""mean"": 62.74792642115363}]",144,"{""total"": 1.552657061463429, ""regression"": 0.7792046104764773, ""ranking"": 0.7734524517159489, ""auxiliary"": 0.0}",0.46654877450131854,JR-CheapSummary（静态简化表示诊断）；seed29,JR-CheapSummary (static); seed29,INTERNAL_STATIC_SUMMARY_DIAGNOSTIC
CheapSummary-seed29,25,2.138227697565324,237.3490138024847,"[{""source"": ""r004"", ""graph_count"": 6, ""record_count"": 72, ""missing_numeric_rows"": 0, ""mean"": 411.9501011838158}, {""source"": ""r005"", ""graph_count"": 6, ""record_count"": 72, ""missing_numeric_rows"": 0, ""mean"": 62.74792642115363}]",150,"{""total"": 1.5526528460904956, ""regression"": 0.7791979285474453, ""ranking"": 0.7734549120979564, ""auxiliary"": 0.0}",0.46932906659187135,JR-CheapSummary（静态简化表示诊断）；seed29,JR-CheapSummary (static); seed29,INTERNAL_STATIC_SUMMARY_DIAGNOSTIC
CheapSummary-seed29,26,2.1382323814969926,237.3490138024847,"[{""source"": ""r004"", ""graph_count"": 6, ""record_count"": 72, ""missing_numeric_rows"": 0, ""mean"": 411.9501011838158}, {""source"": ""r005"", ""graph_count"": 6, ""record_count"": 72, ""missing_numeric_rows"": 0, ""mean"": 62.74792642115363}]",156,"{""total"": 1.552644896062298, ""regression"": 0.779188082449966, ""ranking"": 0.7734568109923852, ""auxiliary"": 0.0}",0.4721844921381737,JR-CheapSummary（静态简化表示诊断）；seed29,JR-CheapSummary (static); seed29,INTERNAL_STATIC_SUMMARY_DIAGNOSTIC
CheapSummary-seed29,27,2.138228359632194,237.3490138024847,"[{""source"": ""r004"", ""graph_count"": 6, ""record_count"": 72, ""missing_numeric_rows"": 0, ""mean"": 411.9501011838158}, {""source"": ""r005"", ""graph_count"": 6, ""record_count"": 72, ""missing_numeric_rows"": 0, ""mean"": 62.74792642115363}]",162,"{""total"": 1.5526408492070105, ""regression"": 0.7791824873226384, ""ranking"": 0.7734583610380866, ""auxiliary"": 0.0}",0.4778031938670794,JR-CheapSummary（静态简化表示诊断）；seed29,JR-CheapSummary (static); seed29,INTERNAL_STATIC_SUMMARY_DIAGNOSTIC
CheapSummary-seed29,28,2.138230061675939,237.3490138024847,"[{""source"": ""r004"", ""graph_count"": 6, ""record_count"": 72, ""missing_numeric_rows"": 0, ""mean"": 411.9501011838158}, {""source"": ""r005"", ""graph_count"": 6, ""record_count"": 72, ""missing_numeric_rows"": 0, ""mean"": 62.74792642115363}]",168,"{""total"": 1.5526372840524547, ""regression"": 0.7791759232059121, ""ranking"": 0.7734613570987491, ""auxiliary"": 0.0}",0.4816864684124105,JR-CheapSummary（静态简化表示诊断）；seed29,JR-CheapSummary (static); seed29,INTERNAL_STATIC_SUMMARY_DIAGNOSTIC
CheapSummary-seed29,29,2.138224788217081,237.3490138024847,"[{""source"": ""r004"", ""graph_count"": 6, ""record_count"": 72, ""missing_numeric_rows"": 0, ""mean"": 411.9501011838158}, {""source"": ""r005"", ""graph_count"": 6, ""record_count"": 72, ""missing_numeric_rows"": 0, ""mean"": 62.74792642115363}]",174,"{""total"": 1.5526322997692559, ""regression"": 0.7791751614875264, ""ranking"": 0.773457131122478, ""auxiliary"": 0.0}",0.4879593747319096,JR-CheapSummary（静态简化表示诊断）；seed29,JR-CheapSummary (static); seed29,INTERNAL_STATIC_SUMMARY_DIAGNOSTIC
CheapSummary-seed29,30,2.1382234681190715,237.3490138024847,"[{""source"": ""r004"", ""graph_count"": 6, ""record_count"": 72, ""missing_numeric_rows"": 0, ""mean"": 411.9501011838158}, {""source"": ""r005"", ""graph_count"": 6, ""record_count"": 72, ""missing_numeric_rows"": 0, ""mean"": 62.74792642115363}]",180,"{""total"": 1.5526277718858585, ""regression"": 0.7791761697994338, ""ranking"": 0.7734515994536832, ""auxiliary"": 0.0}",0.49326726339991017,JR-CheapSummary（静态简化表示诊断）；seed29,JR-CheapSummary (static); seed29,INTERNAL_STATIC_SUMMARY_DIAGNOSTIC
CheapSummary-seed29,31,2.1382341530794897,237.3490138024847,"[{""source"": ""r004"", ""graph_count"": 6, ""record_count"": 72, ""missing_numeric_rows"": 0, ""mean"": 411.9501011838158}, {""source"": ""r005"", ""graph_count"": 6, ""record_count"": 72, ""missing_numeric_rows"": 0, ""mean"": 62.74792642115363}]",186,"{""total"": 1.552623230446544, ""regression"": 0.7791651487350464, ""ranking"": 0.7734580802487463, ""auxiliary"": 0.0}",0.4958728121484985,JR-CheapSummary（静态简化表示诊断）；seed29,JR-CheapSummary (static); seed29,INTERNAL_STATIC_SUMMARY_DIAGNOSTIC
CheapSummary-seed29,32,2.138250178967913,237.3490138024847,"[{""source"": ""r004"", ""graph_count"": 6, ""record_count"": 72, ""missing_numeric_rows"": 0, ""mean"": 411.9501011838158}, {""source"": ""r005"", ""graph_count"": 6, ""record_count"": 72, ""missing_numeric_rows"": 0, ""mean"": 62.74792642115363}]",192,"{""total"": 1.5526173512658312, ""regression"": 0.7791427171064748, ""ranking"": 0.7734746356744444, ""auxiliary"": 0.0}",0.497777227786139,JR-CheapSummary（静态简化表示诊断）；seed29,JR-CheapSummary (static); seed29,INTERNAL_STATIC_SUMMARY_DIAGNOSTIC
CheapSummary-seed29,33,2.1382714592748218,239.54040248072081,"[{""source"": ""r004"", ""graph_count"": 6, ""record_count"": 72, ""missing_numeric_rows"": 0, ""mean"": 411.9501011838158}, {""source"": ""r005"", ""graph_count"": 6, ""record_count"": 72, ""missing_numeric_rows"": 0, ""mean"": 67.13070377762584}]",198,"{""total"": 1.5526114475602906, ""regression"": 0.7791136086711453, ""ranking"": 0.7734978359027069, ""auxiliary"": 0.0}",0.4997932078746115,JR-CheapSummary（静态简化表示诊断）；seed29,JR-CheapSummary (static); seed29,INTERNAL_STATIC_SUMMARY_DIAGNOSTIC
CheapSummary-seed29,34,2.1382972394219704,239.54040248072081,"[{""source"": ""r004"", ""graph_count"": 6, ""record_count"": 72, ""missing_numeric_rows"": 0, ""mean"": 411.9501011838158}, {""source"": ""r005"", ""graph_count"": 6, ""record_count"": 72, ""missing_numeric_rows"": 0, ""mean"": 67.13070377762584}]",204,"{""total"": 1.552607419848856, ""regression"": 0.7790737997016145, ""ranking"": 0.7735336243481954, ""auxiliary"": 0.0}",0.5009236164283511,JR-CheapSummary（静态简化表示诊断）；seed29,JR-CheapSummary (static); seed29,INTERNAL_STATIC_SUMMARY_DIAGNOSTIC
CheapSummary-seed29,35,2.138287268475526,239.54040248072081,"[{""source"": ""r004"", ""graph_count"": 6, ""record_count"": 72, ""missing_numeric_rows"": 0, ""mean"": 411.9501011838158}, {""source"": ""r005"", ""graph_count"": 6, ""record_count"": 72, ""missing_numeric_rows"": 0, ""mean"": 67.13070377762584}]",210,"{""total"": 1.552595730457041, ""regression"": 0.7790538258333173, ""ranking"": 0.7735419025829354, ""auxiliary"": 0.0}",0.5093875297318288,JR-CheapSummary（静态简化表示诊断）；seed29,JR-CheapSummary (static); seed29,INTERNAL_STATIC_SUMMARY_DIAGNOSTIC
CheapSummary-seed29,36,2.138297898487912,239.54040248072081,"[{""source"": ""r004"", ""graph_count"": 6, ""record_count"": 72, ""missing_numeric_rows"": 0, ""mean"": 411.9501011838158}, {""source"": ""r005"", ""graph_count"": 6, ""record_count"": 72, ""missing_numeric_rows"": 0, ""mean"": 67.13070377762584}]",216,"{""total"": 1.552591654834234, ""regression"": 0.7790520417297052, ""ranking"": 0.773539610912442, ""auxiliary"": 0.0}",0.5145437448650894,JR-CheapSummary（静态简化表示诊断）；seed29,JR-CheapSummary (static); seed29,INTERNAL_STATIC_SUMMARY_DIAGNOSTIC
CheapSummary-seed29,37,2.1382853107319937,239.54040248072081,"[{""source"": ""r004"", ""graph_count"": 6, ""record_count"": 72, ""missing_numeric_rows"": 0, ""mean"": 411.9501011838158}, {""source"": ""r005"", ""graph_count"": 6, ""record_count"": 72, ""missing_numeric_rows"": 0, ""mean"": 67.13070377762584}]",222,"{""total"": 1.5525832995772362, ""regression"": 0.7790399224807819, ""ranking"": 0.773543376807367, ""auxiliary"": 0.0}",0.5248234849843015,JR-CheapSummary（静态简化表示诊断）；seed29,JR-CheapSummary (static); seed29,INTERNAL_STATIC_SUMMARY_DIAGNOSTIC
CheapSummary-seed29,38,2.13824633622749,239.54040248072081,"[{""source"": ""r004"", ""graph_count"": 6, ""record_count"": 72, ""missing_numeric_rows"": 0, ""mean"": 411.9501011838158}, {""source"": ""r005"", ""graph_count"": 6, ""record_count"": 72, ""missing_numeric_rows"": 0, ""mean"": 67.13070377762584}]",228,"{""total"": 1.5525844407578309, ""regression"": 0.779087782320049, ""ranking"": 0.773496663991112, ""auxiliary"": 0.0}",0.5406296507982118,JR-CheapSummary（静态简化表示诊断）；seed29,JR-CheapSummary (static); seed29,INTERNAL_STATIC_SUMMARY_DIAGNOSTIC
CheapSummary-seed29,39,2.138260717917648,239.54040248072081,"[{""source"": ""r004"", ""graph_count"": 6, ""record_count"": 72, ""missing_numeric_rows"": 0, ""mean"": 411.9501011838158}, {""source"": ""r005"", ""graph_count"": 6, ""record_count"": 72, ""missing_numeric_rows"": 0, ""mean"": 67.13070377762584}]",234,"{""total"": 1.5525754996471934, ""regression"": 0.7790960696422391, ""ranking"": 0.7734794291444147, ""auxiliary"": 0.0}",0.5459122660822593,JR-CheapSummary（静态简化表示诊断）；seed29,JR-CheapSummary (static); seed29,INTERNAL_STATIC_SUMMARY_DIAGNOSTIC
CheapSummary-seed29,40,2.1382664542438254,239.54040248072081,"[{""source"": ""r004"", ""graph_count"": 6, ""record_count"": 72, ""missing_numeric_rows"": 0, ""mean"": 411.9501011838158}, {""source"": ""r005"", ""graph_count"": 6, ""record_count"": 72, ""missing_numeric_rows"": 0, ""mean"": 67.13070377762584}]",240,"{""total"": 1.5525693671984806, ""regression"": 0.7790740898085965, ""ranking"": 0.7734952740846376, ""auxiliary"": 0.0}",0.551341811951954,JR-CheapSummary（静态简化表示诊断）；seed29,JR-CheapSummary (static); seed29,INTERNAL_STATIC_SUMMARY_DIAGNOSTIC
