phase,policy,request_menu,fixed_call_limit,status,physical_source_count,phase_source_coverage_complete,source_equal_gain_seconds,source_equal_conditional_regret_seconds,source_equal_selected_call_count,source_values,not_real_deadline_execution,menu_semantics,method_display,method_display_en,method_role
DEVELOPMENT,Capacity-seed17,native_1000ms,1,ACTUAL,2,True,586.0880904835366,277.8556516049482,1.0,"[{""source"": ""r004"", ""graph_count"": 6, ""record_count"": 72, ""missing_numeric_rows"": 0, ""mean"": 493.87558877503255}, {""source"": ""r005"", ""graph_count"": 6, ""record_count"": 72, ""missing_numeric_rows"": 0, ""mean"": 678.3005921920407}]",True,MATCHED_SINGLE_WORKPOINT,JointRecovery（静态 max4 内部诊断）；seed17,JointRecovery (static diagnostic); seed17,INTERNAL_STATIC_MAX4_DIAGNOSTIC
DEVELOPMENT,Capacity-seed29,native_1000ms,1,ACTUAL,2,True,734.9394366818342,129.0043054066505,1.0,"[{""source"": ""r004"", ""graph_count"": 6, ""record_count"": 72, ""missing_numeric_rows"": 0, ""mean"": 770.4366137604208}, {""source"": ""r005"", ""graph_count"": 6, ""record_count"": 72, ""missing_numeric_rows"": 0, ""mean"": 699.4422596032477}]",True,MATCHED_SINGLE_WORKPOINT,JointRecovery（静态 max4 内部诊断）；seed29,JointRecovery (static diagnostic); seed29,INTERNAL_STATIC_MAX4_DIAGNOSTIC
DEVELOPMENT,CheapSummary-seed17,native_1000ms,1,ACTUAL,2,True,626.6274678636471,237.31627422483768,1.0,"[{""source"": ""r004"", ""graph_count"": 6, ""record_count"": 72, ""missing_numeric_rows"": 0, ""mean"": 547.8437363146853}, {""source"": ""r005"", ""graph_count"": 6, ""record_count"": 72, ""missing_numeric_rows"": 0, ""mean"": 705.4111994126089}]",True,MATCHED_SINGLE_WORKPOINT,JR-CheapSummary（静态简化表示诊断）；seed17,JR-CheapSummary (static); seed17,INTERNAL_STATIC_SUMMARY_DIAGNOSTIC
DEVELOPMENT,CheapSummary-seed29,native_1000ms,1,ACTUAL,2,True,573.9635827787101,289.98015930977454,1.0,"[{""source"": ""r004"", ""graph_count"": 6, ""record_count"": 72, ""missing_numeric_rows"": 0, ""mean"": 509.1486440780743}, {""source"": ""r005"", ""graph_count"": 6, ""record_count"": 72, ""missing_numeric_rows"": 0, ""mean"": 638.7785214793461}]",True,MATCHED_SINGLE_WORKPOINT,JR-CheapSummary（静态简化表示诊断）；seed29,JR-CheapSummary (static); seed29,INTERNAL_STATIC_SUMMARY_DIAGNOSTIC
DEVELOPMENT,P1,native_1000ms,1,ACTUAL,2,True,2.6147972675971687e-12,863.9437420884819,1.0,"[{""source"": ""r004"", ""graph_count"": 6, ""record_count"": 72, ""missing_numeric_rows"": 0, ""mean"": 4.26957234998958e-12}, {""source"": ""r005"", ""graph_count"": 6, ""record_count"": 72, ""missing_numeric_rows"": 0, ""mean"": 9.600221852047576e-13}]",True,MATCHED_SINGLE_WORKPOINT,Independent-replacement+CHILS（静态独立替代对照）,Independent-replacement+CHILS (static),INTERNAL_STATIC_INDEPENDENT_CONTROL
DEVELOPMENT,Greedy,native_1000ms,1,ACTUAL,2,True,582.8614353657866,281.08230672269815,1.0,"[{""source"": ""r004"", ""graph_count"": 6, ""record_count"": 72, ""missing_numeric_rows"": 0, ""mean"": 487.42227853953267}, {""source"": ""r005"", ""graph_count"": 6, ""record_count"": 72, ""missing_numeric_rows"": 0, ""mean"": 678.3005921920407}]",True,MATCHED_SINGLE_WORKPOINT,Greedy-rank+CHILS（静态贪心排序对照）,Greedy-rank+CHILS (static),INTERNAL_STATIC_GREEDY_CONTROL
DEVELOPMENT,Capacity-seed17,native_1000ms,2,ACTUAL,2,True,769.8776031372574,94.06613895122726,2.0,"[{""source"": ""r004"", ""graph_count"": 6, ""record_count"": 72, ""missing_numeric_rows"": 0, ""mean"": 793.2866809601422}, {""source"": ""r005"", ""graph_count"": 6, ""record_count"": 72, ""missing_numeric_rows"": 0, ""mean"": 746.4685253143726}]",True,MATCHED_SINGLE_WORKPOINT,JointRecovery（静态 max4 内部诊断）；seed17,JointRecovery (static diagnostic); seed17,INTERNAL_STATIC_MAX4_DIAGNOSTIC
DEVELOPMENT,Capacity-seed29,native_1000ms,2,ACTUAL,2,True,814.1163761415896,49.82736594689514,2.0,"[{""source"": ""r004"", ""graph_count"": 6, ""record_count"": 72, ""missing_numeric_rows"": 0, ""mean"": 880.0289222565706}, {""source"": ""r005"", ""graph_count"": 6, ""record_count"": 72, ""missing_numeric_rows"": 0, ""mean"": 748.2038300266087}]",True,MATCHED_SINGLE_WORKPOINT,JointRecovery（静态 max4 内部诊断）；seed29,JointRecovery (static diagnostic); seed29,INTERNAL_STATIC_MAX4_DIAGNOSTIC
DEVELOPMENT,CheapSummary-seed17,native_1000ms,2,ACTUAL,2,True,792.2013802046324,71.74236188385235,2.0,"[{""source"": ""r004"", ""graph_count"": 6, ""record_count"": 72, ""missing_numeric_rows"": 0, ""mean"": 834.3039525589893}, {""source"": ""r005"", ""graph_count"": 6, ""record_count"": 72, ""missing_numeric_rows"": 0, ""mean"": 750.0988078502754}]",True,MATCHED_SINGLE_WORKPOINT,JR-CheapSummary（静态简化表示诊断）；seed17,JR-CheapSummary (static); seed17,INTERNAL_STATIC_SUMMARY_DIAGNOSTIC
DEVELOPMENT,CheapSummary-seed29,native_1000ms,2,ACTUAL,2,True,779.0556991332364,84.8880429552482,2.0,"[{""source"": ""r004"", ""graph_count"": 6, ""record_count"": 72, ""missing_numeric_rows"": 0, ""mean"": 811.6428729521003}, {""source"": ""r005"", ""graph_count"": 6, ""record_count"": 72, ""missing_numeric_rows"": 0, ""mean"": 746.4685253143726}]",True,MATCHED_SINGLE_WORKPOINT,JR-CheapSummary（静态简化表示诊断）；seed29,JR-CheapSummary (static); seed29,INTERNAL_STATIC_SUMMARY_DIAGNOSTIC
DEVELOPMENT,P1,native_1000ms,2,ACTUAL,2,True,7.028680180391664,856.915061908093,2.0,"[{""source"": ""r004"", ""graph_count"": 6, ""record_count"": 72, ""missing_numeric_rows"": 0, ""mean"": 14.057360360782369}, {""source"": ""r005"", ""graph_count"": 6, ""record_count"": 72, ""missing_numeric_rows"": 0, ""mean"": 9.600221852047576e-13}]",True,MATCHED_SINGLE_WORKPOINT,Independent-replacement+CHILS（静态独立替代对照）,Independent-replacement+CHILS (static),INTERNAL_STATIC_INDEPENDENT_CONTROL
DEVELOPMENT,Greedy,native_1000ms,2,ACTUAL,2,True,760.6569445924174,103.28679749606727,2.0,"[{""source"": ""r004"", ""graph_count"": 6, ""record_count"": 72, ""missing_numeric_rows"": 0, ""mean"": 774.8453638704623}, {""source"": ""r005"", ""graph_count"": 6, ""record_count"": 72, ""missing_numeric_rows"": 0, ""mean"": 746.4685253143726}]",True,MATCHED_SINGLE_WORKPOINT,Greedy-rank+CHILS（静态贪心排序对照）,Greedy-rank+CHILS (static),INTERNAL_STATIC_GREEDY_CONTROL
DEVELOPMENT,Capacity-seed17,native_1000ms,4,ACTUAL,2,True,837.3801057092141,26.563636379270605,4.0,"[{""source"": ""r004"", ""graph_count"": 6, ""record_count"": 72, ""missing_numeric_rows"": 0, ""mean"": 924.6614035681529}, {""source"": ""r005"", ""graph_count"": 6, ""record_count"": 72, ""missing_numeric_rows"": 0, ""mean"": 750.0988078502754}]",True,MATCHED_SINGLE_WORKPOINT,JointRecovery（静态 max4 内部诊断）；seed17,JointRecovery (static diagnostic); seed17,INTERNAL_STATIC_MAX4_DIAGNOSTIC
DEVELOPMENT,Capacity-seed29,native_1000ms,4,ACTUAL,2,True,850.4814757318044,13.462266356680413,4.0,"[{""source"": ""r004"", ""graph_count"": 6, ""record_count"": 72, ""missing_numeric_rows"": 0, ""mean"": 946.6273416477917}, {""source"": ""r005"", ""graph_count"": 6, ""record_count"": 72, ""missing_numeric_rows"": 0, ""mean"": 754.3356098158171}]",True,MATCHED_SINGLE_WORKPOINT,JointRecovery（静态 max4 内部诊断）；seed29,JointRecovery (static diagnostic); seed29,INTERNAL_STATIC_MAX4_DIAGNOSTIC
DEVELOPMENT,CheapSummary-seed17,native_1000ms,4,ACTUAL,2,True,837.114339513999,26.829402574485812,4.0,"[{""source"": ""r004"", ""graph_count"": 6, ""record_count"": 72, ""missing_numeric_rows"": 0, ""mean"": 923.022356034653}, {""source"": ""r005"", ""graph_count"": 6, ""record_count"": 72, ""missing_numeric_rows"": 0, ""mean"": 751.206322993345}]",True,MATCHED_SINGLE_WORKPOINT,JR-CheapSummary（静态简化表示诊断）；seed17,JR-CheapSummary (static); seed17,INTERNAL_STATIC_SUMMARY_DIAGNOSTIC
DEVELOPMENT,CheapSummary-seed29,native_1000ms,4,ACTUAL,2,True,837.3801057092141,26.563636379270605,4.0,"[{""source"": ""r004"", ""graph_count"": 6, ""record_count"": 72, ""missing_numeric_rows"": 0, ""mean"": 924.6614035681529}, {""source"": ""r005"", ""graph_count"": 6, ""record_count"": 72, ""missing_numeric_rows"": 0, ""mean"": 750.0988078502754}]",True,MATCHED_SINGLE_WORKPOINT,JR-CheapSummary（静态简化表示诊断）；seed29,JR-CheapSummary (static); seed29,INTERNAL_STATIC_SUMMARY_DIAGNOSTIC
DEVELOPMENT,P1,native_1000ms,4,ACTUAL,2,True,223.2058195530583,640.7379225354264,4.0,"[{""source"": ""r004"", ""graph_count"": 6, ""record_count"": 72, ""missing_numeric_rows"": 0, ""mean"": 302.71922124143464}, {""source"": ""r005"", ""graph_count"": 6, ""record_count"": 72, ""missing_numeric_rows"": 0, ""mean"": 143.69241786468197}]",True,MATCHED_SINGLE_WORKPOINT,Independent-replacement+CHILS（静态独立替代对照）,Independent-replacement+CHILS (static),INTERNAL_STATIC_INDEPENDENT_CONTROL
DEVELOPMENT,Greedy,native_1000ms,4,ACTUAL,2,True,837.3801057092141,26.563636379270605,4.0,"[{""source"": ""r004"", ""graph_count"": 6, ""record_count"": 72, ""missing_numeric_rows"": 0, ""mean"": 924.6614035681529}, {""source"": ""r005"", ""graph_count"": 6, ""record_count"": 72, ""missing_numeric_rows"": 0, ""mean"": 750.0988078502754}]",True,MATCHED_SINGLE_WORKPOINT,Greedy-rank+CHILS（静态贪心排序对照）,Greedy-rank+CHILS (static),INTERNAL_STATIC_GREEDY_CONTROL
DEVELOPMENT,Capacity-seed17,native_10ms,1,ACTUAL,2,True,586.0454447778977,275.1976753721149,1.0,"[{""source"": ""r004"", ""graph_count"": 6, ""record_count"": 72, ""missing_numeric_rows"": 0, ""mean"": 493.8596529876436}, {""source"": ""r005"", ""graph_count"": 6, ""record_count"": 72, ""missing_numeric_rows"": 0, ""mean"": 678.2312365681518}]",True,MATCHED_SINGLE_WORKPOINT,JointRecovery（静态 max4 内部诊断）；seed17,JointRecovery (static diagnostic); seed17,INTERNAL_STATIC_MAX4_DIAGNOSTIC
DEVELOPMENT,Capacity-seed29,native_10ms,1,ACTUAL,2,True,734.8967909761955,126.34632917381722,1.0,"[{""source"": ""r004"", ""graph_count"": 6, ""record_count"": 72, ""missing_numeric_rows"": 0, ""mean"": 770.420677973032}, {""source"": ""r005"", ""graph_count"": 6, ""record_count"": 72, ""missing_numeric_rows"": 0, ""mean"": 699.3729039793589}]",True,MATCHED_SINGLE_WORKPOINT,JointRecovery（静态 max4 内部诊断）；seed29,JointRecovery (static diagnostic); seed29,INTERNAL_STATIC_MAX4_DIAGNOSTIC
DEVELOPMENT,CheapSummary-seed17,native_10ms,1,ACTUAL,2,True,626.5848221580081,234.65829799200438,1.0,"[{""source"": ""r004"", ""graph_count"": 6, ""record_count"": 72, ""missing_numeric_rows"": 0, ""mean"": 547.8278005272963}, {""source"": ""r005"", ""graph_count"": 6, ""record_count"": 72, ""missing_numeric_rows"": 0, ""mean"": 705.34184378872}]",True,MATCHED_SINGLE_WORKPOINT,JR-CheapSummary（静态简化表示诊断）；seed17,JR-CheapSummary (static); seed17,INTERNAL_STATIC_SUMMARY_DIAGNOSTIC
DEVELOPMENT,CheapSummary-seed29,native_10ms,1,ACTUAL,2,True,573.9209370730713,287.32218307694126,1.0,"[{""source"": ""r004"", ""graph_count"": 6, ""record_count"": 72, ""missing_numeric_rows"": 0, ""mean"": 509.13270829068546}, {""source"": ""r005"", ""graph_count"": 6, ""record_count"": 72, ""missing_numeric_rows"": 0, ""mean"": 638.7091658554572}]",True,MATCHED_SINGLE_WORKPOINT,JR-CheapSummary（静态简化表示诊断）；seed29,JR-CheapSummary (static); seed29,INTERNAL_STATIC_SUMMARY_DIAGNOSTIC
DEVELOPMENT,P1,native_10ms,1,ACTUAL,2,True,2.6147972675971687e-12,861.2431201500099,1.0,"[{""source"": ""r004"", ""graph_count"": 6, ""record_count"": 72, ""missing_numeric_rows"": 0, ""mean"": 4.26957234998958e-12}, {""source"": ""r005"", ""graph_count"": 6, ""record_count"": 72, ""missing_numeric_rows"": 0, ""mean"": 9.600221852047576e-13}]",True,MATCHED_SINGLE_WORKPOINT,Independent-replacement+CHILS（静态独立替代对照）,Independent-replacement+CHILS (static),INTERNAL_STATIC_INDEPENDENT_CONTROL
DEVELOPMENT,Greedy,native_10ms,1,ACTUAL,2,True,582.8187896601478,278.4243304898648,1.0,"[{""source"": ""r004"", ""graph_count"": 6, ""record_count"": 72, ""missing_numeric_rows"": 0, ""mean"": 487.40634275214376}, {""source"": ""r005"", ""graph_count"": 6, ""record_count"": 72, ""missing_numeric_rows"": 0, ""mean"": 678.2312365681518}]",True,MATCHED_SINGLE_WORKPOINT,Greedy-rank+CHILS（静态贪心排序对照）,Greedy-rank+CHILS (static),INTERNAL_STATIC_GREEDY_CONTROL
DEVELOPMENT,Capacity-seed17,native_10ms,2,ACTUAL,2,True,769.8349574316185,91.40816271839398,2.0,"[{""source"": ""r004"", ""graph_count"": 6, ""record_count"": 72, ""missing_numeric_rows"": 0, ""mean"": 793.2707451727533}, {""source"": ""r005"", ""graph_count"": 6, ""record_count"": 72, ""missing_numeric_rows"": 0, ""mean"": 746.3991696904836}]",True,MATCHED_SINGLE_WORKPOINT,JointRecovery（静态 max4 内部诊断）；seed17,JointRecovery (static diagnostic); seed17,INTERNAL_STATIC_MAX4_DIAGNOSTIC
DEVELOPMENT,Capacity-seed29,native_10ms,2,ACTUAL,2,True,814.0737304359507,47.16938971406186,2.0,"[{""source"": ""r004"", ""graph_count"": 6, ""record_count"": 72, ""missing_numeric_rows"": 0, ""mean"": 880.0129864691817}, {""source"": ""r005"", ""graph_count"": 6, ""record_count"": 72, ""missing_numeric_rows"": 0, ""mean"": 748.1344744027197}]",True,MATCHED_SINGLE_WORKPOINT,JointRecovery（静态 max4 内部诊断）；seed29,JointRecovery (static diagnostic); seed29,INTERNAL_STATIC_MAX4_DIAGNOSTIC
DEVELOPMENT,CheapSummary-seed17,native_10ms,2,ACTUAL,2,True,792.1587344989933,69.08438565101908,2.0,"[{""source"": ""r004"", ""graph_count"": 6, ""record_count"": 72, ""missing_numeric_rows"": 0, ""mean"": 834.2880167716004}, {""source"": ""r005"", ""graph_count"": 6, ""record_count"": 72, ""missing_numeric_rows"": 0, ""mean"": 750.0294522263863}]",True,MATCHED_SINGLE_WORKPOINT,JR-CheapSummary（静态简化表示诊断）；seed17,JR-CheapSummary (static); seed17,INTERNAL_STATIC_SUMMARY_DIAGNOSTIC
DEVELOPMENT,CheapSummary-seed29,native_10ms,2,ACTUAL,2,True,779.0130534275975,82.2300667224149,2.0,"[{""source"": ""r004"", ""graph_count"": 6, ""record_count"": 72, ""missing_numeric_rows"": 0, ""mean"": 811.6269371647114}, {""source"": ""r005"", ""graph_count"": 6, ""record_count"": 72, ""missing_numeric_rows"": 0, ""mean"": 746.3991696904836}]",True,MATCHED_SINGLE_WORKPOINT,JR-CheapSummary（静态简化表示诊断）；seed29,JR-CheapSummary (static); seed29,INTERNAL_STATIC_SUMMARY_DIAGNOSTIC
DEVELOPMENT,P1,native_10ms,2,ACTUAL,2,True,7.028680180391664,854.2144399696208,2.0,"[{""source"": ""r004"", ""graph_count"": 6, ""record_count"": 72, ""missing_numeric_rows"": 0, ""mean"": 14.057360360782369}, {""source"": ""r005"", ""graph_count"": 6, ""record_count"": 72, ""missing_numeric_rows"": 0, ""mean"": 9.600221852047576e-13}]",True,MATCHED_SINGLE_WORKPOINT,Independent-replacement+CHILS（静态独立替代对照）,Independent-replacement+CHILS (static),INTERNAL_STATIC_INDEPENDENT_CONTROL
DEVELOPMENT,Greedy,native_10ms,2,ACTUAL,2,True,760.6142988867784,100.62882126323399,2.0,"[{""source"": ""r004"", ""graph_count"": 6, ""record_count"": 72, ""missing_numeric_rows"": 0, ""mean"": 774.8294280830734}, {""source"": ""r005"", ""graph_count"": 6, ""record_count"": 72, ""missing_numeric_rows"": 0, ""mean"": 746.3991696904836}]",True,MATCHED_SINGLE_WORKPOINT,Greedy-rank+CHILS（静态贪心排序对照）,Greedy-rank+CHILS (static),INTERNAL_STATIC_GREEDY_CONTROL
DEVELOPMENT,Capacity-seed17,native_10ms,4,ACTUAL,2,True,837.3374600035751,23.90566014643732,4.0,"[{""source"": ""r004"", ""graph_count"": 6, ""record_count"": 72, ""missing_numeric_rows"": 0, ""mean"": 924.6454677807639}, {""source"": ""r005"", ""graph_count"": 6, ""record_count"": 72, ""missing_numeric_rows"": 0, ""mean"": 750.0294522263863}]",True,MATCHED_SINGLE_WORKPOINT,JointRecovery（静态 max4 内部诊断）；seed17,JointRecovery (static diagnostic); seed17,INTERNAL_STATIC_MAX4_DIAGNOSTIC
DEVELOPMENT,Capacity-seed29,native_10ms,4,ACTUAL,2,True,849.3602286067972,11.8828915432152,4.0,"[{""source"": ""r004"", ""graph_count"": 6, ""record_count"": 72, ""missing_numeric_rows"": 0, ""mean"": 945.8623857233193}, {""source"": ""r005"", ""graph_count"": 6, ""record_count"": 72, ""missing_numeric_rows"": 0, ""mean"": 752.8580714902752}]",True,MATCHED_SINGLE_WORKPOINT,JointRecovery（静态 max4 内部诊断）；seed29,JointRecovery (static diagnostic); seed29,INTERNAL_STATIC_MAX4_DIAGNOSTIC
DEVELOPMENT,CheapSummary-seed17,native_10ms,4,ACTUAL,2,True,837.0716938083599,24.171426341652527,4.0,"[{""source"": ""r004"", ""graph_count"": 6, ""record_count"": 72, ""missing_numeric_rows"": 0, ""mean"": 923.0064202472639}, {""source"": ""r005"", ""graph_count"": 6, ""record_count"": 72, ""missing_numeric_rows"": 0, ""mean"": 751.1369673694559}]",True,MATCHED_SINGLE_WORKPOINT,JR-CheapSummary（静态简化表示诊断）；seed17,JR-CheapSummary (static); seed17,INTERNAL_STATIC_SUMMARY_DIAGNOSTIC
DEVELOPMENT,CheapSummary-seed29,native_10ms,4,ACTUAL,2,True,837.3374600035751,23.90566014643732,4.0,"[{""source"": ""r004"", ""graph_count"": 6, ""record_count"": 72, ""missing_numeric_rows"": 0, ""mean"": 924.6454677807639}, {""source"": ""r005"", ""graph_count"": 6, ""record_count"": 72, ""missing_numeric_rows"": 0, ""mean"": 750.0294522263863}]",True,MATCHED_SINGLE_WORKPOINT,JR-CheapSummary（静态简化表示诊断）；seed29,JR-CheapSummary (static); seed29,INTERNAL_STATIC_SUMMARY_DIAGNOSTIC
DEVELOPMENT,P1,native_10ms,4,ACTUAL,2,True,223.2058195530583,638.0373005969543,4.0,"[{""source"": ""r004"", ""graph_count"": 6, ""record_count"": 72, ""missing_numeric_rows"": 0, ""mean"": 302.71922124143464}, {""source"": ""r005"", ""graph_count"": 6, ""record_count"": 72, ""missing_numeric_rows"": 0, ""mean"": 143.69241786468197}]",True,MATCHED_SINGLE_WORKPOINT,Independent-replacement+CHILS（静态独立替代对照）,Independent-replacement+CHILS (static),INTERNAL_STATIC_INDEPENDENT_CONTROL
DEVELOPMENT,Greedy,native_10ms,4,ACTUAL,2,True,837.3374600035751,23.90566014643732,4.0,"[{""source"": ""r004"", ""graph_count"": 6, ""record_count"": 72, ""missing_numeric_rows"": 0, ""mean"": 924.6454677807639}, {""source"": ""r005"", ""graph_count"": 6, ""record_count"": 72, ""missing_numeric_rows"": 0, ""mean"": 750.0294522263863}]",True,MATCHED_SINGLE_WORKPOINT,Greedy-rank+CHILS（静态贪心排序对照）,Greedy-rank+CHILS (static),INTERNAL_STATIC_GREEDY_CONTROL
DEVELOPMENT,Capacity-seed17,native_200ms,1,ACTUAL,2,True,637.5033622206807,225.93682288169302,1.0,"[{""source"": ""r004"", ""graph_count"": 6, ""record_count"": 72, ""missing_numeric_rows"": 0, ""mean"": 530.7295878052258}, {""source"": ""r005"", ""graph_count"": 6, ""record_count"": 72, ""missing_numeric_rows"": 0, ""mean"": 744.2771366361357}]",True,MATCHED_SINGLE_WORKPOINT,JointRecovery（静态 max4 内部诊断）；seed17,JointRecovery (static diagnostic); seed17,INTERNAL_STATIC_MAX4_DIAGNOSTIC
DEVELOPMENT,Capacity-seed29,native_200ms,1,ACTUAL,2,True,769.3862406092976,94.05394449307613,1.0,"[{""source"": ""r004"", ""graph_count"": 6, ""record_count"": 72, ""missing_numeric_rows"": 0, ""mean"": 811.1048154287655}, {""source"": ""r005"", ""graph_count"": 6, ""record_count"": 72, ""missing_numeric_rows"": 0, ""mean"": 727.6676657898296}]",True,MATCHED_SINGLE_WORKPOINT,JointRecovery（静态 max4 内部诊断）；seed29,JointRecovery (static diagnostic); seed29,INTERNAL_STATIC_MAX4_DIAGNOSTIC
DEVELOPMENT,CheapSummary-seed17,native_200ms,1,ACTUAL,2,True,665.9191997033752,197.52098539899856,1.0,"[{""source"": ""r004"", ""graph_count"": 6, ""record_count"": 72, ""missing_numeric_rows"": 0, ""mean"": 581.7395915564758}, {""source"": ""r005"", ""graph_count"": 6, ""record_count"": 72, ""missing_numeric_rows"": 0, ""mean"": 750.0988078502745}]",True,MATCHED_SINGLE_WORKPOINT,JR-CheapSummary（静态简化表示诊断）；seed17,JR-CheapSummary (static); seed17,INTERNAL_STATIC_SUMMARY_DIAGNOSTIC
DEVELOPMENT,CheapSummary-seed29,native_200ms,1,ACTUAL,2,True,623.899782621653,239.54040248072081,1.0,"[{""source"": ""r004"", ""graph_count"": 6, ""record_count"": 72, ""missing_numeric_rows"": 0, ""mean"": 543.0444993198649}, {""source"": ""r005"", ""graph_count"": 6, ""record_count"": 72, ""missing_numeric_rows"": 0, ""mean"": 704.7550659234411}]",True,MATCHED_SINGLE_WORKPOINT,JR-CheapSummary（静态简化表示诊断）；seed29,JR-CheapSummary (static); seed29,INTERNAL_STATIC_SUMMARY_DIAGNOSTIC
DEVELOPMENT,P1,native_200ms,1,ACTUAL,2,True,2.6147972675971687e-12,863.4401851023711,1.0,"[{""source"": ""r004"", ""graph_count"": 6, ""record_count"": 72, ""missing_numeric_rows"": 0, ""mean"": 4.26957234998958e-12}, {""source"": ""r005"", ""graph_count"": 6, ""record_count"": 72, ""missing_numeric_rows"": 0, ""mean"": 9.600221852047576e-13}]",True,MATCHED_SINGLE_WORKPOINT,Independent-replacement+CHILS（静态独立替代对照）,Independent-replacement+CHILS (static),INTERNAL_STATIC_INDEPENDENT_CONTROL
DEVELOPMENT,Greedy,native_200ms,1,ACTUAL,2,True,632.4038008462296,231.03638425614412,1.0,"[{""source"": ""r004"", ""graph_count"": 6, ""record_count"": 72, ""missing_numeric_rows"": 0, ""mean"": 520.5304650563237}, {""source"": ""r005"", ""graph_count"": 6, ""record_count"": 72, ""missing_numeric_rows"": 0, ""mean"": 744.2771366361357}]",True,MATCHED_SINGLE_WORKPOINT,Greedy-rank+CHILS（静态贪心排序对照）,Greedy-rank+CHILS (static),INTERNAL_STATIC_GREEDY_CONTROL
DEVELOPMENT,Capacity-seed17,native_200ms,2,ACTUAL,2,True,789.0738186738737,74.36636642849997,2.0,"[{""source"": ""r004"", ""graph_count"": 6, ""record_count"": 72, ""missing_numeric_rows"": 0, ""mean"": 829.4877233551396}, {""source"": ""r005"", ""graph_count"": 6, ""record_count"": 72, ""missing_numeric_rows"": 0, ""mean"": 748.6599139926078}]",True,MATCHED_SINGLE_WORKPOINT,JointRecovery（静态 max4 内部诊断）；seed17,JointRecovery (static diagnostic); seed17,INTERNAL_STATIC_MAX4_DIAGNOSTIC
DEVELOPMENT,Capacity-seed29,native_200ms,2,ACTUAL,2,True,823.5722746971371,39.86791040523653,2.0,"[{""source"": ""r004"", ""graph_count"": 6, ""record_count"": 72, ""missing_numeric_rows"": 0, ""mean"": 897.2325089699999}, {""source"": ""r005"", ""graph_count"": 6, ""record_count"": 72, ""missing_numeric_rows"": 0, ""mean"": 749.9120404242744}]",True,MATCHED_SINGLE_WORKPOINT,JointRecovery（静态 max4 内部诊断）；seed29,JointRecovery (static diagnostic); seed29,INTERNAL_STATIC_MAX4_DIAGNOSTIC
DEVELOPMENT,CheapSummary-seed17,native_200ms,2,ACTUAL,2,True,811.780973296332,51.659211806041725,2.0,"[{""source"": ""r004"", ""graph_count"": 6, ""record_count"": 72, ""missing_numeric_rows"": 0, ""mean"": 873.4631387423896}, {""source"": ""r005"", ""graph_count"": 6, ""record_count"": 72, ""missing_numeric_rows"": 0, ""mean"": 750.0988078502745}]",True,MATCHED_SINGLE_WORKPOINT,JR-CheapSummary（静态简化表示诊断）；seed17,JR-CheapSummary (static); seed17,INTERNAL_STATIC_SUMMARY_DIAGNOSTIC
DEVELOPMENT,CheapSummary-seed29,native_200ms,2,ACTUAL,2,True,799.7309865640542,63.7091985383195,2.0,"[{""source"": ""r004"", ""graph_count"": 6, ""record_count"": 72, ""missing_numeric_rows"": 0, ""mean"": 850.8020591355006}, {""source"": ""r005"", ""graph_count"": 6, ""record_count"": 72, ""missing_numeric_rows"": 0, ""mean"": 748.6599139926078}]",True,MATCHED_SINGLE_WORKPOINT,JR-CheapSummary（静态简化表示诊断）；seed29,JR-CheapSummary (static); seed29,INTERNAL_STATIC_SUMMARY_DIAGNOSTIC
DEVELOPMENT,P1,native_200ms,2,ACTUAL,2,True,10.268653190301064,853.1715319120726,2.0,"[{""source"": ""r004"", ""graph_count"": 6, ""record_count"": 72, ""missing_numeric_rows"": 0, ""mean"": 20.53730638060117}, {""source"": ""r005"", ""graph_count"": 6, ""record_count"": 72, ""missing_numeric_rows"": 0, ""mean"": 9.600221852047576e-13}]",True,MATCHED_SINGLE_WORKPOINT,Independent-replacement+CHILS（静态独立替代对照）,Independent-replacement+CHILS (static),INTERNAL_STATIC_INDEPENDENT_CONTROL
DEVELOPMENT,Greedy,native_200ms,2,ACTUAL,2,True,781.7260663857348,81.71411871663882,2.0,"[{""source"": ""r004"", ""graph_count"": 6, ""record_count"": 72, ""missing_numeric_rows"": 0, ""mean"": 814.7922187788619}, {""source"": ""r005"", ""graph_count"": 6, ""record_count"": 72, ""missing_numeric_rows"": 0, ""mean"": 748.6599139926078}]",True,MATCHED_SINGLE_WORKPOINT,Greedy-rank+CHILS（静态贪心排序对照）,Greedy-rank+CHILS (static),INTERNAL_STATIC_GREEDY_CONTROL
DEVELOPMENT,Capacity-seed17,native_200ms,4,ACTUAL,2,True,841.8850603385818,21.555124763792136,4.0,"[{""source"": ""r004"", ""graph_count"": 6, ""record_count"": 72, ""missing_numeric_rows"": 0, ""mean"": 933.6713128268889}, {""source"": ""r005"", ""graph_count"": 6, ""record_count"": 72, ""missing_numeric_rows"": 0, ""mean"": 750.0988078502745}]",True,MATCHED_SINGLE_WORKPOINT,JointRecovery（静态 max4 内部诊断）；seed17,JointRecovery (static diagnostic); seed17,INTERNAL_STATIC_MAX4_DIAGNOSTIC
DEVELOPMENT,Capacity-seed29,native_200ms,4,ACTUAL,2,True,849.6141140724848,13.82607102988892,4.0,"[{""source"": ""r004"", ""graph_count"": 6, ""record_count"": 72, ""missing_numeric_rows"": 0, ""mean"": 946.2528315792498}, {""source"": ""r005"", ""graph_count"": 6, ""record_count"": 72, ""missing_numeric_rows"": 0, ""mean"": 752.9753965657197}]",True,MATCHED_SINGLE_WORKPOINT,JointRecovery（静态 max4 内部诊断）；seed29,JointRecovery (static diagnostic); seed29,INTERNAL_STATIC_MAX4_DIAGNOSTIC
DEVELOPMENT,CheapSummary-seed17,native_200ms,4,ACTUAL,2,True,841.6192941433663,21.820890959007343,4.0,"[{""source"": ""r004"", ""graph_count"": 6, ""record_count"": 72, ""missing_numeric_rows"": 0, ""mean"": 932.0322652933888}, {""source"": ""r005"", ""graph_count"": 6, ""record_count"": 72, ""missing_numeric_rows"": 0, ""mean"": 751.2063229933439}]",True,MATCHED_SINGLE_WORKPOINT,JR-CheapSummary（静态简化表示诊断）；seed17,JR-CheapSummary (static); seed17,INTERNAL_STATIC_SUMMARY_DIAGNOSTIC
DEVELOPMENT,CheapSummary-seed29,native_200ms,4,ACTUAL,2,True,841.8850603385818,21.555124763792136,4.0,"[{""source"": ""r004"", ""graph_count"": 6, ""record_count"": 72, ""missing_numeric_rows"": 0, ""mean"": 933.6713128268889}, {""source"": ""r005"", ""graph_count"": 6, ""record_count"": 72, ""missing_numeric_rows"": 0, ""mean"": 750.0988078502745}]",True,MATCHED_SINGLE_WORKPOINT,JR-CheapSummary（静态简化表示诊断）；seed29,JR-CheapSummary (static); seed29,INTERNAL_STATIC_SUMMARY_DIAGNOSTIC
DEVELOPMENT,P1,native_200ms,4,ACTUAL,2,True,236.27779833914067,627.162386763233,4.0,"[{""source"": ""r004"", ""graph_count"": 6, ""record_count"": 72, ""missing_numeric_rows"": 0, ""mean"": 325.824768216266}, {""source"": ""r005"", ""graph_count"": 6, ""record_count"": 72, ""missing_numeric_rows"": 0, ""mean"": 146.73082846201532}]",True,MATCHED_SINGLE_WORKPOINT,Independent-replacement+CHILS（静态独立替代对照）,Independent-replacement+CHILS (static),INTERNAL_STATIC_INDEPENDENT_CONTROL
DEVELOPMENT,Greedy,native_200ms,4,ACTUAL,2,True,841.8850603385818,21.555124763792136,4.0,"[{""source"": ""r004"", ""graph_count"": 6, ""record_count"": 72, ""missing_numeric_rows"": 0, ""mean"": 933.6713128268889}, {""source"": ""r005"", ""graph_count"": 6, ""record_count"": 72, ""missing_numeric_rows"": 0, ""mean"": 750.0988078502745}]",True,MATCHED_SINGLE_WORKPOINT,Greedy-rank+CHILS（静态贪心排序对照）,Greedy-rank+CHILS (static),INTERNAL_STATIC_GREEDY_CONTROL
DEVELOPMENT,Capacity-seed17,native_50ms,1,ACTUAL,2,True,586.0880904835366,275.1976753721149,1.0,"[{""source"": ""r004"", ""graph_count"": 6, ""record_count"": 72, ""missing_numeric_rows"": 0, ""mean"": 493.87558877503255}, {""source"": ""r005"", ""graph_count"": 6, ""record_count"": 72, ""missing_numeric_rows"": 0, ""mean"": 678.3005921920407}]",True,MATCHED_SINGLE_WORKPOINT,JointRecovery（静态 max4 内部诊断）；seed17,JointRecovery (static diagnostic); seed17,INTERNAL_STATIC_MAX4_DIAGNOSTIC
DEVELOPMENT,Capacity-seed29,native_50ms,1,ACTUAL,2,True,734.9394366818342,126.34632917381722,1.0,"[{""source"": ""r004"", ""graph_count"": 6, ""record_count"": 72, ""missing_numeric_rows"": 0, ""mean"": 770.4366137604208}, {""source"": ""r005"", ""graph_count"": 6, ""record_count"": 72, ""missing_numeric_rows"": 0, ""mean"": 699.4422596032477}]",True,MATCHED_SINGLE_WORKPOINT,JointRecovery（静态 max4 内部诊断）；seed29,JointRecovery (static diagnostic); seed29,INTERNAL_STATIC_MAX4_DIAGNOSTIC
DEVELOPMENT,CheapSummary-seed17,native_50ms,1,ACTUAL,2,True,626.6274678636471,234.65829799200438,1.0,"[{""source"": ""r004"", ""graph_count"": 6, ""record_count"": 72, ""missing_numeric_rows"": 0, ""mean"": 547.8437363146853}, {""source"": ""r005"", ""graph_count"": 6, ""record_count"": 72, ""missing_numeric_rows"": 0, ""mean"": 705.4111994126089}]",True,MATCHED_SINGLE_WORKPOINT,JR-CheapSummary（静态简化表示诊断）；seed17,JR-CheapSummary (static); seed17,INTERNAL_STATIC_SUMMARY_DIAGNOSTIC
DEVELOPMENT,CheapSummary-seed29,native_50ms,1,ACTUAL,2,True,573.9635827787101,287.32218307694126,1.0,"[{""source"": ""r004"", ""graph_count"": 6, ""record_count"": 72, ""missing_numeric_rows"": 0, ""mean"": 509.1486440780743}, {""source"": ""r005"", ""graph_count"": 6, ""record_count"": 72, ""missing_numeric_rows"": 0, ""mean"": 638.7785214793461}]",True,MATCHED_SINGLE_WORKPOINT,JR-CheapSummary（静态简化表示诊断）；seed29,JR-CheapSummary (static); seed29,INTERNAL_STATIC_SUMMARY_DIAGNOSTIC
DEVELOPMENT,P1,native_50ms,1,ACTUAL,2,True,2.6147972675971687e-12,861.2857658556488,1.0,"[{""source"": ""r004"", ""graph_count"": 6, ""record_count"": 72, ""missing_numeric_rows"": 0, ""mean"": 4.26957234998958e-12}, {""source"": ""r005"", ""graph_count"": 6, ""record_count"": 72, ""missing_numeric_rows"": 0, ""mean"": 9.600221852047576e-13}]",True,MATCHED_SINGLE_WORKPOINT,Independent-replacement+CHILS（静态独立替代对照）,Independent-replacement+CHILS (static),INTERNAL_STATIC_INDEPENDENT_CONTROL
DEVELOPMENT,Greedy,native_50ms,1,ACTUAL,2,True,582.8614353657866,278.4243304898648,1.0,"[{""source"": ""r004"", ""graph_count"": 6, ""record_count"": 72, ""missing_numeric_rows"": 0, ""mean"": 487.42227853953267}, {""source"": ""r005"", ""graph_count"": 6, ""record_count"": 72, ""missing_numeric_rows"": 0, ""mean"": 678.3005921920407}]",True,MATCHED_SINGLE_WORKPOINT,Greedy-rank+CHILS（静态贪心排序对照）,Greedy-rank+CHILS (static),INTERNAL_STATIC_GREEDY_CONTROL
DEVELOPMENT,Capacity-seed17,native_50ms,2,ACTUAL,2,True,769.8776031372574,91.40816271839398,2.0,"[{""source"": ""r004"", ""graph_count"": 6, ""record_count"": 72, ""missing_numeric_rows"": 0, ""mean"": 793.2866809601422}, {""source"": ""r005"", ""graph_count"": 6, ""record_count"": 72, ""missing_numeric_rows"": 0, ""mean"": 746.4685253143726}]",True,MATCHED_SINGLE_WORKPOINT,JointRecovery（静态 max4 内部诊断）；seed17,JointRecovery (static diagnostic); seed17,INTERNAL_STATIC_MAX4_DIAGNOSTIC
DEVELOPMENT,Capacity-seed29,native_50ms,2,ACTUAL,2,True,814.1163761415896,47.16938971406186,2.0,"[{""source"": ""r004"", ""graph_count"": 6, ""record_count"": 72, ""missing_numeric_rows"": 0, ""mean"": 880.0289222565706}, {""source"": ""r005"", ""graph_count"": 6, ""record_count"": 72, ""missing_numeric_rows"": 0, ""mean"": 748.2038300266087}]",True,MATCHED_SINGLE_WORKPOINT,JointRecovery（静态 max4 内部诊断）；seed29,JointRecovery (static diagnostic); seed29,INTERNAL_STATIC_MAX4_DIAGNOSTIC
DEVELOPMENT,CheapSummary-seed17,native_50ms,2,ACTUAL,2,True,792.2013802046324,69.08438565101908,2.0,"[{""source"": ""r004"", ""graph_count"": 6, ""record_count"": 72, ""missing_numeric_rows"": 0, ""mean"": 834.3039525589893}, {""source"": ""r005"", ""graph_count"": 6, ""record_count"": 72, ""missing_numeric_rows"": 0, ""mean"": 750.0988078502754}]",True,MATCHED_SINGLE_WORKPOINT,JR-CheapSummary（静态简化表示诊断）；seed17,JR-CheapSummary (static); seed17,INTERNAL_STATIC_SUMMARY_DIAGNOSTIC
DEVELOPMENT,CheapSummary-seed29,native_50ms,2,ACTUAL,2,True,779.0556991332364,82.2300667224149,2.0,"[{""source"": ""r004"", ""graph_count"": 6, ""record_count"": 72, ""missing_numeric_rows"": 0, ""mean"": 811.6428729521003}, {""source"": ""r005"", ""graph_count"": 6, ""record_count"": 72, ""missing_numeric_rows"": 0, ""mean"": 746.4685253143726}]",True,MATCHED_SINGLE_WORKPOINT,JR-CheapSummary（静态简化表示诊断）；seed29,JR-CheapSummary (static); seed29,INTERNAL_STATIC_SUMMARY_DIAGNOSTIC
DEVELOPMENT,P1,native_50ms,2,ACTUAL,2,True,7.028680180391664,854.2570856752598,2.0,"[{""source"": ""r004"", ""graph_count"": 6, ""record_count"": 72, ""missing_numeric_rows"": 0, ""mean"": 14.057360360782369}, {""source"": ""r005"", ""graph_count"": 6, ""record_count"": 72, ""missing_numeric_rows"": 0, ""mean"": 9.600221852047576e-13}]",True,MATCHED_SINGLE_WORKPOINT,Independent-replacement+CHILS（静态独立替代对照）,Independent-replacement+CHILS (static),INTERNAL_STATIC_INDEPENDENT_CONTROL
DEVELOPMENT,Greedy,native_50ms,2,ACTUAL,2,True,760.6569445924174,100.62882126323399,2.0,"[{""source"": ""r004"", ""graph_count"": 6, ""record_count"": 72, ""missing_numeric_rows"": 0, ""mean"": 774.8453638704623}, {""source"": ""r005"", ""graph_count"": 6, ""record_count"": 72, ""missing_numeric_rows"": 0, ""mean"": 746.4685253143726}]",True,MATCHED_SINGLE_WORKPOINT,Greedy-rank+CHILS（静态贪心排序对照）,Greedy-rank+CHILS (static),INTERNAL_STATIC_GREEDY_CONTROL
DEVELOPMENT,Capacity-seed17,native_50ms,4,ACTUAL,2,True,837.3801057092141,23.90566014643732,4.0,"[{""source"": ""r004"", ""graph_count"": 6, ""record_count"": 72, ""missing_numeric_rows"": 0, ""mean"": 924.6614035681529}, {""source"": ""r005"", ""graph_count"": 6, ""record_count"": 72, ""missing_numeric_rows"": 0, ""mean"": 750.0988078502754}]",True,MATCHED_SINGLE_WORKPOINT,JointRecovery（静态 max4 内部诊断）；seed17,JointRecovery (static diagnostic); seed17,INTERNAL_STATIC_MAX4_DIAGNOSTIC
DEVELOPMENT,Capacity-seed29,native_50ms,4,ACTUAL,2,True,849.4028743124363,11.8828915432152,4.0,"[{""source"": ""r004"", ""graph_count"": 6, ""record_count"": 72, ""missing_numeric_rows"": 0, ""mean"": 945.8783215107084}, {""source"": ""r005"", ""graph_count"": 6, ""record_count"": 72, ""missing_numeric_rows"": 0, ""mean"": 752.9274271141643}]",True,MATCHED_SINGLE_WORKPOINT,JointRecovery（静态 max4 内部诊断）；seed29,JointRecovery (static diagnostic); seed29,INTERNAL_STATIC_MAX4_DIAGNOSTIC
DEVELOPMENT,CheapSummary-seed17,native_50ms,4,ACTUAL,2,True,837.114339513999,24.171426341652527,4.0,"[{""source"": ""r004"", ""graph_count"": 6, ""record_count"": 72, ""missing_numeric_rows"": 0, ""mean"": 923.022356034653}, {""source"": ""r005"", ""graph_count"": 6, ""record_count"": 72, ""missing_numeric_rows"": 0, ""mean"": 751.206322993345}]",True,MATCHED_SINGLE_WORKPOINT,JR-CheapSummary（静态简化表示诊断）；seed17,JR-CheapSummary (static); seed17,INTERNAL_STATIC_SUMMARY_DIAGNOSTIC
DEVELOPMENT,CheapSummary-seed29,native_50ms,4,ACTUAL,2,True,837.3801057092141,23.90566014643732,4.0,"[{""source"": ""r004"", ""graph_count"": 6, ""record_count"": 72, ""missing_numeric_rows"": 0, ""mean"": 924.6614035681529}, {""source"": ""r005"", ""graph_count"": 6, ""record_count"": 72, ""missing_numeric_rows"": 0, ""mean"": 750.0988078502754}]",True,MATCHED_SINGLE_WORKPOINT,JR-CheapSummary（静态简化表示诊断）；seed29,JR-CheapSummary (static); seed29,INTERNAL_STATIC_SUMMARY_DIAGNOSTIC
DEVELOPMENT,P1,native_50ms,4,ACTUAL,2,True,223.2058195530583,638.0799463025932,4.0,"[{""source"": ""r004"", ""graph_count"": 6, ""record_count"": 72, ""missing_numeric_rows"": 0, ""mean"": 302.71922124143464}, {""source"": ""r005"", ""graph_count"": 6, ""record_count"": 72, ""missing_numeric_rows"": 0, ""mean"": 143.69241786468197}]",True,MATCHED_SINGLE_WORKPOINT,Independent-replacement+CHILS（静态独立替代对照）,Independent-replacement+CHILS (static),INTERNAL_STATIC_INDEPENDENT_CONTROL
DEVELOPMENT,Greedy,native_50ms,4,ACTUAL,2,True,837.3801057092141,23.90566014643732,4.0,"[{""source"": ""r004"", ""graph_count"": 6, ""record_count"": 72, ""missing_numeric_rows"": 0, ""mean"": 924.6614035681529}, {""source"": ""r005"", ""graph_count"": 6, ""record_count"": 72, ""missing_numeric_rows"": 0, ""mean"": 750.0988078502754}]",True,MATCHED_SINGLE_WORKPOINT,Greedy-rank+CHILS（静态贪心排序对照）,Greedy-rank+CHILS (static),INTERNAL_STATIC_GREEDY_CONTROL
DEVELOPMENT,Capacity-seed17,pooled_workpoints,1,ACTUAL,2,True,586.0880904835366,277.8556516049482,1.0,"[{""source"": ""r004"", ""graph_count"": 6, ""record_count"": 72, ""missing_numeric_rows"": 0, ""mean"": 493.87558877503255}, {""source"": ""r005"", ""graph_count"": 6, ""record_count"": 72, ""missing_numeric_rows"": 0, ""mean"": 678.3005921920407}]",True,POOLED_UNMATCHED_COST,JointRecovery（静态 max4 内部诊断）；seed17,JointRecovery (static diagnostic); seed17,INTERNAL_STATIC_MAX4_DIAGNOSTIC
DEVELOPMENT,Capacity-seed29,pooled_workpoints,1,ACTUAL,2,True,734.9394366818342,129.0043054066505,1.0,"[{""source"": ""r004"", ""graph_count"": 6, ""record_count"": 72, ""missing_numeric_rows"": 0, ""mean"": 770.4366137604208}, {""source"": ""r005"", ""graph_count"": 6, ""record_count"": 72, ""missing_numeric_rows"": 0, ""mean"": 699.4422596032477}]",True,POOLED_UNMATCHED_COST,JointRecovery（静态 max4 内部诊断）；seed29,JointRecovery (static diagnostic); seed29,INTERNAL_STATIC_MAX4_DIAGNOSTIC
DEVELOPMENT,CheapSummary-seed17,pooled_workpoints,1,ACTUAL,2,True,626.5848221580081,237.3589199304766,1.0,"[{""source"": ""r004"", ""graph_count"": 6, ""record_count"": 72, ""missing_numeric_rows"": 0, ""mean"": 547.8278005272963}, {""source"": ""r005"", ""graph_count"": 6, ""record_count"": 72, ""missing_numeric_rows"": 0, ""mean"": 705.34184378872}]",True,POOLED_UNMATCHED_COST,JR-CheapSummary（静态简化表示诊断）；seed17,JR-CheapSummary (static); seed17,INTERNAL_STATIC_SUMMARY_DIAGNOSTIC
DEVELOPMENT,CheapSummary-seed29,pooled_workpoints,1,ACTUAL,2,True,573.9635827787101,289.98015930977454,1.0,"[{""source"": ""r004"", ""graph_count"": 6, ""record_count"": 72, ""missing_numeric_rows"": 0, ""mean"": 509.1486440780743}, {""source"": ""r005"", ""graph_count"": 6, ""record_count"": 72, ""missing_numeric_rows"": 0, ""mean"": 638.7785214793461}]",True,POOLED_UNMATCHED_COST,JR-CheapSummary（静态简化表示诊断）；seed29,JR-CheapSummary (static); seed29,INTERNAL_STATIC_SUMMARY_DIAGNOSTIC
DEVELOPMENT,P1,pooled_workpoints,1,ACTUAL,2,True,2.6147972675971687e-12,863.9437420884819,1.0,"[{""source"": ""r004"", ""graph_count"": 6, ""record_count"": 72, ""missing_numeric_rows"": 0, ""mean"": 4.26957234998958e-12}, {""source"": ""r005"", ""graph_count"": 6, ""record_count"": 72, ""missing_numeric_rows"": 0, ""mean"": 9.600221852047576e-13}]",True,POOLED_UNMATCHED_COST,Independent-replacement+CHILS（静态独立替代对照）,Independent-replacement+CHILS (static),INTERNAL_STATIC_INDEPENDENT_CONTROL
DEVELOPMENT,Greedy,pooled_workpoints,1,ACTUAL,2,True,582.8614353657866,281.08230672269815,1.0,"[{""source"": ""r004"", ""graph_count"": 6, ""record_count"": 72, ""missing_numeric_rows"": 0, ""mean"": 487.42227853953267}, {""source"": ""r005"", ""graph_count"": 6, ""record_count"": 72, ""missing_numeric_rows"": 0, ""mean"": 678.3005921920407}]",True,POOLED_UNMATCHED_COST,Greedy-rank+CHILS（静态贪心排序对照）,Greedy-rank+CHILS (static),INTERNAL_STATIC_GREEDY_CONTROL
DEVELOPMENT,Capacity-seed17,pooled_workpoints,2,ACTUAL,2,True,586.0880904835366,277.8556516049482,2.0,"[{""source"": ""r004"", ""graph_count"": 6, ""record_count"": 72, ""missing_numeric_rows"": 0, ""mean"": 493.87558877503255}, {""source"": ""r005"", ""graph_count"": 6, ""record_count"": 72, ""missing_numeric_rows"": 0, ""mean"": 678.3005921920407}]",True,POOLED_UNMATCHED_COST,JointRecovery（静态 max4 内部诊断）；seed17,JointRecovery (static diagnostic); seed17,INTERNAL_STATIC_MAX4_DIAGNOSTIC
DEVELOPMENT,Capacity-seed29,pooled_workpoints,2,ACTUAL,2,True,735.9942484436189,127.9494936448659,2.0,"[{""source"": ""r004"", ""graph_count"": 6, ""record_count"": 72, ""missing_numeric_rows"": 0, ""mean"": 770.4366137604208}, {""source"": ""r005"", ""graph_count"": 6, ""record_count"": 72, ""missing_numeric_rows"": 0, ""mean"": 701.551883126817}]",True,POOLED_UNMATCHED_COST,JointRecovery（静态 max4 内部诊断）；seed29,JointRecovery (static diagnostic); seed29,INTERNAL_STATIC_MAX4_DIAGNOSTIC
DEVELOPMENT,CheapSummary-seed17,pooled_workpoints,2,ACTUAL,2,True,626.6274678636471,237.31627422483768,2.0,"[{""source"": ""r004"", ""graph_count"": 6, ""record_count"": 72, ""missing_numeric_rows"": 0, ""mean"": 547.8437363146853}, {""source"": ""r005"", ""graph_count"": 6, ""record_count"": 72, ""missing_numeric_rows"": 0, ""mean"": 705.4111994126089}]",True,POOLED_UNMATCHED_COST,JR-CheapSummary（静态简化表示诊断）；seed17,JR-CheapSummary (static); seed17,INTERNAL_STATIC_SUMMARY_DIAGNOSTIC
DEVELOPMENT,CheapSummary-seed29,pooled_workpoints,2,ACTUAL,2,True,573.9635827787101,289.98015930977454,2.0,"[{""source"": ""r004"", ""graph_count"": 6, ""record_count"": 72, ""missing_numeric_rows"": 0, ""mean"": 509.1486440780743}, {""source"": ""r005"", ""graph_count"": 6, ""record_count"": 72, ""missing_numeric_rows"": 0, ""mean"": 638.7785214793461}]",True,POOLED_UNMATCHED_COST,JR-CheapSummary（静态简化表示诊断）；seed29,JR-CheapSummary (static); seed29,INTERNAL_STATIC_SUMMARY_DIAGNOSTIC
DEVELOPMENT,P1,pooled_workpoints,2,ACTUAL,2,True,2.6147972675971687e-12,863.9437420884819,2.0,"[{""source"": ""r004"", ""graph_count"": 6, ""record_count"": 72, ""missing_numeric_rows"": 0, ""mean"": 4.26957234998958e-12}, {""source"": ""r005"", ""graph_count"": 6, ""record_count"": 72, ""missing_numeric_rows"": 0, ""mean"": 9.600221852047576e-13}]",True,POOLED_UNMATCHED_COST,Independent-replacement+CHILS（静态独立替代对照）,Independent-replacement+CHILS (static),INTERNAL_STATIC_INDEPENDENT_CONTROL
DEVELOPMENT,Greedy,pooled_workpoints,2,ACTUAL,2,True,582.8614353657866,281.08230672269815,2.0,"[{""source"": ""r004"", ""graph_count"": 6, ""record_count"": 72, ""missing_numeric_rows"": 0, ""mean"": 487.42227853953267}, {""source"": ""r005"", ""graph_count"": 6, ""record_count"": 72, ""missing_numeric_rows"": 0, ""mean"": 678.3005921920407}]",True,POOLED_UNMATCHED_COST,Greedy-rank+CHILS（静态贪心排序对照）,Greedy-rank+CHILS (static),INTERNAL_STATIC_GREEDY_CONTROL
DEVELOPMENT,Capacity-seed17,pooled_workpoints,4,ACTUAL,2,True,637.5033622206813,226.4403798678035,4.0,"[{""source"": ""r004"", ""graph_count"": 6, ""record_count"": 72, ""missing_numeric_rows"": 0, ""mean"": 530.729587805226}, {""source"": ""r005"", ""graph_count"": 6, ""record_count"": 72, ""missing_numeric_rows"": 0, ""mean"": 744.2771366361367}]",True,POOLED_UNMATCHED_COST,JointRecovery（静态 max4 内部诊断）；seed17,JointRecovery (static diagnostic); seed17,INTERNAL_STATIC_MAX4_DIAGNOSTIC
DEVELOPMENT,Capacity-seed29,pooled_workpoints,4,ACTUAL,2,True,769.386240609298,94.55750147918663,4.0,"[{""source"": ""r004"", ""graph_count"": 6, ""record_count"": 72, ""missing_numeric_rows"": 0, ""mean"": 811.1048154287656}, {""source"": ""r005"", ""graph_count"": 6, ""record_count"": 72, ""missing_numeric_rows"": 0, ""mean"": 727.6676657898305}]",True,POOLED_UNMATCHED_COST,JointRecovery（静态 max4 内部诊断）；seed29,JointRecovery (static diagnostic); seed29,INTERNAL_STATIC_MAX4_DIAGNOSTIC
DEVELOPMENT,CheapSummary-seed17,pooled_workpoints,4,ACTUAL,2,True,665.9191997033756,198.02454238510904,4.0,"[{""source"": ""r004"", ""graph_count"": 6, ""record_count"": 72, ""missing_numeric_rows"": 0, ""mean"": 581.739591556476}, {""source"": ""r005"", ""graph_count"": 6, ""record_count"": 72, ""missing_numeric_rows"": 0, ""mean"": 750.0988078502754}]",True,POOLED_UNMATCHED_COST,JR-CheapSummary（静态简化表示诊断）；seed17,JR-CheapSummary (static); seed17,INTERNAL_STATIC_SUMMARY_DIAGNOSTIC
DEVELOPMENT,CheapSummary-seed29,pooled_workpoints,4,ACTUAL,2,True,623.8997826216535,240.0439594668313,4.0,"[{""source"": ""r004"", ""graph_count"": 6, ""record_count"": 72, ""missing_numeric_rows"": 0, ""mean"": 543.0444993198649}, {""source"": ""r005"", ""graph_count"": 6, ""record_count"": 72, ""missing_numeric_rows"": 0, ""mean"": 704.7550659234421}]",True,POOLED_UNMATCHED_COST,JR-CheapSummary（静态简化表示诊断）；seed29,JR-CheapSummary (static); seed29,INTERNAL_STATIC_SUMMARY_DIAGNOSTIC
DEVELOPMENT,P1,pooled_workpoints,4,ACTUAL,2,True,2.6147972675971687e-12,863.9437420884819,4.0,"[{""source"": ""r004"", ""graph_count"": 6, ""record_count"": 72, ""missing_numeric_rows"": 0, ""mean"": 4.26957234998958e-12}, {""source"": ""r005"", ""graph_count"": 6, ""record_count"": 72, ""missing_numeric_rows"": 0, ""mean"": 9.600221852047576e-13}]",True,POOLED_UNMATCHED_COST,Independent-replacement+CHILS（静态独立替代对照）,Independent-replacement+CHILS (static),INTERNAL_STATIC_INDEPENDENT_CONTROL
DEVELOPMENT,Greedy,pooled_workpoints,4,ACTUAL,2,True,632.4038008462303,231.5399412422546,4.0,"[{""source"": ""r004"", ""graph_count"": 6, ""record_count"": 72, ""missing_numeric_rows"": 0, ""mean"": 520.5304650563238}, {""source"": ""r005"", ""graph_count"": 6, ""record_count"": 72, ""missing_numeric_rows"": 0, ""mean"": 744.2771366361367}]",True,POOLED_UNMATCHED_COST,Greedy-rank+CHILS（静态贪心排序对照）,Greedy-rank+CHILS (static),INTERNAL_STATIC_GREEDY_CONTROL
