kind,metric,phase,request_menu,fixed_call_limit,family,mean,seed_min,seed_max,fit_seed_count,seed_range_is_not_confidence_interval,budget_id,deadline_seconds
FIXED_CALL_REPLAY,source_equal_gain_seconds,DEVELOPMENT,native_1000ms,1,Capacity,660.5137635826854,586.0880904835366,734.9394366818342,2,True,,
FIXED_CALL_REPLAY,source_equal_gain_seconds,DEVELOPMENT,native_1000ms,1,CheapSummary,600.2955253211786,573.9635827787101,626.6274678636471,2,True,,
FIXED_CALL_REPLAY,source_equal_gain_seconds,DEVELOPMENT,native_1000ms,1,P1,2.6147972675971687e-12,2.6147972675971687e-12,2.6147972675971687e-12,1,True,,
FIXED_CALL_REPLAY,source_equal_gain_seconds,DEVELOPMENT,native_1000ms,1,Greedy,582.8614353657866,582.8614353657866,582.8614353657866,1,True,,
FIXED_CALL_REPLAY,source_equal_conditional_regret_seconds,DEVELOPMENT,native_1000ms,1,Capacity,203.42997850579934,129.0043054066505,277.8556516049482,2,True,,
FIXED_CALL_REPLAY,source_equal_conditional_regret_seconds,DEVELOPMENT,native_1000ms,1,CheapSummary,263.6482167673061,237.31627422483768,289.98015930977454,2,True,,
FIXED_CALL_REPLAY,source_equal_conditional_regret_seconds,DEVELOPMENT,native_1000ms,1,P1,863.9437420884819,863.9437420884819,863.9437420884819,1,True,,
FIXED_CALL_REPLAY,source_equal_conditional_regret_seconds,DEVELOPMENT,native_1000ms,1,Greedy,281.08230672269815,281.08230672269815,281.08230672269815,1,True,,
FIXED_CALL_REPLAY,source_equal_gain_seconds,DEVELOPMENT,native_1000ms,2,Capacity,791.9969896394235,769.8776031372574,814.1163761415896,2,True,,
FIXED_CALL_REPLAY,source_equal_gain_seconds,DEVELOPMENT,native_1000ms,2,CheapSummary,785.6285396689344,779.0556991332364,792.2013802046324,2,True,,
FIXED_CALL_REPLAY,source_equal_gain_seconds,DEVELOPMENT,native_1000ms,2,P1,7.028680180391664,7.028680180391664,7.028680180391664,1,True,,
FIXED_CALL_REPLAY,source_equal_gain_seconds,DEVELOPMENT,native_1000ms,2,Greedy,760.6569445924174,760.6569445924174,760.6569445924174,1,True,,
FIXED_CALL_REPLAY,source_equal_conditional_regret_seconds,DEVELOPMENT,native_1000ms,2,Capacity,71.9467524490612,49.82736594689514,94.06613895122726,2,True,,
FIXED_CALL_REPLAY,source_equal_conditional_regret_seconds,DEVELOPMENT,native_1000ms,2,CheapSummary,78.31520241955027,71.74236188385235,84.8880429552482,2,True,,
FIXED_CALL_REPLAY,source_equal_conditional_regret_seconds,DEVELOPMENT,native_1000ms,2,P1,856.915061908093,856.915061908093,856.915061908093,1,True,,
FIXED_CALL_REPLAY,source_equal_conditional_regret_seconds,DEVELOPMENT,native_1000ms,2,Greedy,103.28679749606727,103.28679749606727,103.28679749606727,1,True,,
FIXED_CALL_REPLAY,source_equal_gain_seconds,DEVELOPMENT,native_1000ms,4,Capacity,843.9307907205093,837.3801057092141,850.4814757318044,2,True,,
FIXED_CALL_REPLAY,source_equal_gain_seconds,DEVELOPMENT,native_1000ms,4,CheapSummary,837.2472226116065,837.114339513999,837.3801057092141,2,True,,
FIXED_CALL_REPLAY,source_equal_gain_seconds,DEVELOPMENT,native_1000ms,4,P1,223.2058195530583,223.2058195530583,223.2058195530583,1,True,,
FIXED_CALL_REPLAY,source_equal_gain_seconds,DEVELOPMENT,native_1000ms,4,Greedy,837.3801057092141,837.3801057092141,837.3801057092141,1,True,,
FIXED_CALL_REPLAY,source_equal_conditional_regret_seconds,DEVELOPMENT,native_1000ms,4,Capacity,20.01295136797551,13.462266356680413,26.563636379270605,2,True,,
FIXED_CALL_REPLAY,source_equal_conditional_regret_seconds,DEVELOPMENT,native_1000ms,4,CheapSummary,26.69651947687821,26.563636379270605,26.829402574485812,2,True,,
FIXED_CALL_REPLAY,source_equal_conditional_regret_seconds,DEVELOPMENT,native_1000ms,4,P1,640.7379225354264,640.7379225354264,640.7379225354264,1,True,,
FIXED_CALL_REPLAY,source_equal_conditional_regret_seconds,DEVELOPMENT,native_1000ms,4,Greedy,26.563636379270605,26.563636379270605,26.563636379270605,1,True,,
FIXED_CALL_REPLAY,source_equal_gain_seconds,DEVELOPMENT,native_10ms,1,Capacity,660.4711178770466,586.0454447778977,734.8967909761955,2,True,,
FIXED_CALL_REPLAY,source_equal_gain_seconds,DEVELOPMENT,native_10ms,1,CheapSummary,600.2528796155398,573.9209370730713,626.5848221580081,2,True,,
FIXED_CALL_REPLAY,source_equal_gain_seconds,DEVELOPMENT,native_10ms,1,P1,2.6147972675971687e-12,2.6147972675971687e-12,2.6147972675971687e-12,1,True,,
FIXED_CALL_REPLAY,source_equal_gain_seconds,DEVELOPMENT,native_10ms,1,Greedy,582.8187896601478,582.8187896601478,582.8187896601478,1,True,,
FIXED_CALL_REPLAY,source_equal_conditional_regret_seconds,DEVELOPMENT,native_10ms,1,Capacity,200.77200227296606,126.34632917381722,275.1976753721149,2,True,,
FIXED_CALL_REPLAY,source_equal_conditional_regret_seconds,DEVELOPMENT,native_10ms,1,CheapSummary,260.99024053447283,234.65829799200438,287.32218307694126,2,True,,
FIXED_CALL_REPLAY,source_equal_conditional_regret_seconds,DEVELOPMENT,native_10ms,1,P1,861.2431201500099,861.2431201500099,861.2431201500099,1,True,,
FIXED_CALL_REPLAY,source_equal_conditional_regret_seconds,DEVELOPMENT,native_10ms,1,Greedy,278.4243304898648,278.4243304898648,278.4243304898648,1,True,,
FIXED_CALL_REPLAY,source_equal_gain_seconds,DEVELOPMENT,native_10ms,2,Capacity,791.9543439337846,769.8349574316185,814.0737304359507,2,True,,
FIXED_CALL_REPLAY,source_equal_gain_seconds,DEVELOPMENT,native_10ms,2,CheapSummary,785.5858939632953,779.0130534275975,792.1587344989933,2,True,,
FIXED_CALL_REPLAY,source_equal_gain_seconds,DEVELOPMENT,native_10ms,2,P1,7.028680180391664,7.028680180391664,7.028680180391664,1,True,,
FIXED_CALL_REPLAY,source_equal_gain_seconds,DEVELOPMENT,native_10ms,2,Greedy,760.6142988867784,760.6142988867784,760.6142988867784,1,True,,
FIXED_CALL_REPLAY,source_equal_conditional_regret_seconds,DEVELOPMENT,native_10ms,2,Capacity,69.28877621622792,47.16938971406186,91.40816271839398,2,True,,
FIXED_CALL_REPLAY,source_equal_conditional_regret_seconds,DEVELOPMENT,native_10ms,2,CheapSummary,75.657226186717,69.08438565101908,82.2300667224149,2,True,,
FIXED_CALL_REPLAY,source_equal_conditional_regret_seconds,DEVELOPMENT,native_10ms,2,P1,854.2144399696208,854.2144399696208,854.2144399696208,1,True,,
FIXED_CALL_REPLAY,source_equal_conditional_regret_seconds,DEVELOPMENT,native_10ms,2,Greedy,100.62882126323399,100.62882126323399,100.62882126323399,1,True,,
FIXED_CALL_REPLAY,source_equal_gain_seconds,DEVELOPMENT,native_10ms,4,Capacity,843.3488443051862,837.3374600035751,849.3602286067972,2,True,,
FIXED_CALL_REPLAY,source_equal_gain_seconds,DEVELOPMENT,native_10ms,4,CheapSummary,837.2045769059675,837.0716938083599,837.3374600035751,2,True,,
FIXED_CALL_REPLAY,source_equal_gain_seconds,DEVELOPMENT,native_10ms,4,P1,223.2058195530583,223.2058195530583,223.2058195530583,1,True,,
FIXED_CALL_REPLAY,source_equal_gain_seconds,DEVELOPMENT,native_10ms,4,Greedy,837.3374600035751,837.3374600035751,837.3374600035751,1,True,,
FIXED_CALL_REPLAY,source_equal_conditional_regret_seconds,DEVELOPMENT,native_10ms,4,Capacity,17.89427584482626,11.8828915432152,23.90566014643732,2,True,,
FIXED_CALL_REPLAY,source_equal_conditional_regret_seconds,DEVELOPMENT,native_10ms,4,CheapSummary,24.038543244044924,23.90566014643732,24.171426341652527,2,True,,
FIXED_CALL_REPLAY,source_equal_conditional_regret_seconds,DEVELOPMENT,native_10ms,4,P1,638.0373005969543,638.0373005969543,638.0373005969543,1,True,,
FIXED_CALL_REPLAY,source_equal_conditional_regret_seconds,DEVELOPMENT,native_10ms,4,Greedy,23.90566014643732,23.90566014643732,23.90566014643732,1,True,,
FIXED_CALL_REPLAY,source_equal_gain_seconds,DEVELOPMENT,native_200ms,1,Capacity,703.4448014149891,637.5033622206807,769.3862406092976,2,True,,
FIXED_CALL_REPLAY,source_equal_gain_seconds,DEVELOPMENT,native_200ms,1,CheapSummary,644.9094911625141,623.899782621653,665.9191997033752,2,True,,
FIXED_CALL_REPLAY,source_equal_gain_seconds,DEVELOPMENT,native_200ms,1,P1,2.6147972675971687e-12,2.6147972675971687e-12,2.6147972675971687e-12,1,True,,
FIXED_CALL_REPLAY,source_equal_gain_seconds,DEVELOPMENT,native_200ms,1,Greedy,632.4038008462296,632.4038008462296,632.4038008462296,1,True,,
FIXED_CALL_REPLAY,source_equal_conditional_regret_seconds,DEVELOPMENT,native_200ms,1,Capacity,159.99538368738456,94.05394449307613,225.93682288169302,2,True,,
FIXED_CALL_REPLAY,source_equal_conditional_regret_seconds,DEVELOPMENT,native_200ms,1,CheapSummary,218.5306939398597,197.52098539899856,239.54040248072081,2,True,,
FIXED_CALL_REPLAY,source_equal_conditional_regret_seconds,DEVELOPMENT,native_200ms,1,P1,863.4401851023711,863.4401851023711,863.4401851023711,1,True,,
FIXED_CALL_REPLAY,source_equal_conditional_regret_seconds,DEVELOPMENT,native_200ms,1,Greedy,231.03638425614412,231.03638425614412,231.03638425614412,1,True,,
FIXED_CALL_REPLAY,source_equal_gain_seconds,DEVELOPMENT,native_200ms,2,Capacity,806.3230466855055,789.0738186738737,823.5722746971371,2,True,,
FIXED_CALL_REPLAY,source_equal_gain_seconds,DEVELOPMENT,native_200ms,2,CheapSummary,805.7559799301931,799.7309865640542,811.780973296332,2,True,,
FIXED_CALL_REPLAY,source_equal_gain_seconds,DEVELOPMENT,native_200ms,2,P1,10.268653190301064,10.268653190301064,10.268653190301064,1,True,,
FIXED_CALL_REPLAY,source_equal_gain_seconds,DEVELOPMENT,native_200ms,2,Greedy,781.7260663857348,781.7260663857348,781.7260663857348,1,True,,
FIXED_CALL_REPLAY,source_equal_conditional_regret_seconds,DEVELOPMENT,native_200ms,2,Capacity,57.11713841686825,39.86791040523653,74.36636642849997,2,True,,
FIXED_CALL_REPLAY,source_equal_conditional_regret_seconds,DEVELOPMENT,native_200ms,2,CheapSummary,57.68420517218061,51.659211806041725,63.7091985383195,2,True,,
FIXED_CALL_REPLAY,source_equal_conditional_regret_seconds,DEVELOPMENT,native_200ms,2,P1,853.1715319120726,853.1715319120726,853.1715319120726,1,True,,
FIXED_CALL_REPLAY,source_equal_conditional_regret_seconds,DEVELOPMENT,native_200ms,2,Greedy,81.71411871663882,81.71411871663882,81.71411871663882,1,True,,
FIXED_CALL_REPLAY,source_equal_gain_seconds,DEVELOPMENT,native_200ms,4,Capacity,845.7495872055333,841.8850603385818,849.6141140724848,2,True,,
FIXED_CALL_REPLAY,source_equal_gain_seconds,DEVELOPMENT,native_200ms,4,CheapSummary,841.7521772409741,841.6192941433663,841.8850603385818,2,True,,
FIXED_CALL_REPLAY,source_equal_gain_seconds,DEVELOPMENT,native_200ms,4,P1,236.27779833914067,236.27779833914067,236.27779833914067,1,True,,
FIXED_CALL_REPLAY,source_equal_gain_seconds,DEVELOPMENT,native_200ms,4,Greedy,841.8850603385818,841.8850603385818,841.8850603385818,1,True,,
FIXED_CALL_REPLAY,source_equal_conditional_regret_seconds,DEVELOPMENT,native_200ms,4,Capacity,17.69059789684053,13.82607102988892,21.555124763792136,2,True,,
FIXED_CALL_REPLAY,source_equal_conditional_regret_seconds,DEVELOPMENT,native_200ms,4,CheapSummary,21.68800786139974,21.555124763792136,21.820890959007343,2,True,,
FIXED_CALL_REPLAY,source_equal_conditional_regret_seconds,DEVELOPMENT,native_200ms,4,P1,627.162386763233,627.162386763233,627.162386763233,1,True,,
FIXED_CALL_REPLAY,source_equal_conditional_regret_seconds,DEVELOPMENT,native_200ms,4,Greedy,21.555124763792136,21.555124763792136,21.555124763792136,1,True,,
FIXED_CALL_REPLAY,source_equal_gain_seconds,DEVELOPMENT,native_50ms,1,Capacity,660.5137635826854,586.0880904835366,734.9394366818342,2,True,,
FIXED_CALL_REPLAY,source_equal_gain_seconds,DEVELOPMENT,native_50ms,1,CheapSummary,600.2955253211786,573.9635827787101,626.6274678636471,2,True,,
FIXED_CALL_REPLAY,source_equal_gain_seconds,DEVELOPMENT,native_50ms,1,P1,2.6147972675971687e-12,2.6147972675971687e-12,2.6147972675971687e-12,1,True,,
FIXED_CALL_REPLAY,source_equal_gain_seconds,DEVELOPMENT,native_50ms,1,Greedy,582.8614353657866,582.8614353657866,582.8614353657866,1,True,,
FIXED_CALL_REPLAY,source_equal_conditional_regret_seconds,DEVELOPMENT,native_50ms,1,Capacity,200.77200227296606,126.34632917381722,275.1976753721149,2,True,,
FIXED_CALL_REPLAY,source_equal_conditional_regret_seconds,DEVELOPMENT,native_50ms,1,CheapSummary,260.99024053447283,234.65829799200438,287.32218307694126,2,True,,
FIXED_CALL_REPLAY,source_equal_conditional_regret_seconds,DEVELOPMENT,native_50ms,1,P1,861.2857658556488,861.2857658556488,861.2857658556488,1,True,,
FIXED_CALL_REPLAY,source_equal_conditional_regret_seconds,DEVELOPMENT,native_50ms,1,Greedy,278.4243304898648,278.4243304898648,278.4243304898648,1,True,,
FIXED_CALL_REPLAY,source_equal_gain_seconds,DEVELOPMENT,native_50ms,2,Capacity,791.9969896394235,769.8776031372574,814.1163761415896,2,True,,
FIXED_CALL_REPLAY,source_equal_gain_seconds,DEVELOPMENT,native_50ms,2,CheapSummary,785.6285396689344,779.0556991332364,792.2013802046324,2,True,,
FIXED_CALL_REPLAY,source_equal_gain_seconds,DEVELOPMENT,native_50ms,2,P1,7.028680180391664,7.028680180391664,7.028680180391664,1,True,,
FIXED_CALL_REPLAY,source_equal_gain_seconds,DEVELOPMENT,native_50ms,2,Greedy,760.6569445924174,760.6569445924174,760.6569445924174,1,True,,
FIXED_CALL_REPLAY,source_equal_conditional_regret_seconds,DEVELOPMENT,native_50ms,2,Capacity,69.28877621622792,47.16938971406186,91.40816271839398,2,True,,
FIXED_CALL_REPLAY,source_equal_conditional_regret_seconds,DEVELOPMENT,native_50ms,2,CheapSummary,75.657226186717,69.08438565101908,82.2300667224149,2,True,,
FIXED_CALL_REPLAY,source_equal_conditional_regret_seconds,DEVELOPMENT,native_50ms,2,P1,854.2570856752598,854.2570856752598,854.2570856752598,1,True,,
FIXED_CALL_REPLAY,source_equal_conditional_regret_seconds,DEVELOPMENT,native_50ms,2,Greedy,100.62882126323399,100.62882126323399,100.62882126323399,1,True,,
FIXED_CALL_REPLAY,source_equal_gain_seconds,DEVELOPMENT,native_50ms,4,Capacity,843.3914900108252,837.3801057092141,849.4028743124363,2,True,,
FIXED_CALL_REPLAY,source_equal_gain_seconds,DEVELOPMENT,native_50ms,4,CheapSummary,837.2472226116065,837.114339513999,837.3801057092141,2,True,,
FIXED_CALL_REPLAY,source_equal_gain_seconds,DEVELOPMENT,native_50ms,4,P1,223.2058195530583,223.2058195530583,223.2058195530583,1,True,,
FIXED_CALL_REPLAY,source_equal_gain_seconds,DEVELOPMENT,native_50ms,4,Greedy,837.3801057092141,837.3801057092141,837.3801057092141,1,True,,
FIXED_CALL_REPLAY,source_equal_conditional_regret_seconds,DEVELOPMENT,native_50ms,4,Capacity,17.89427584482626,11.8828915432152,23.90566014643732,2,True,,
FIXED_CALL_REPLAY,source_equal_conditional_regret_seconds,DEVELOPMENT,native_50ms,4,CheapSummary,24.038543244044924,23.90566014643732,24.171426341652527,2,True,,
FIXED_CALL_REPLAY,source_equal_conditional_regret_seconds,DEVELOPMENT,native_50ms,4,P1,638.0799463025932,638.0799463025932,638.0799463025932,1,True,,
FIXED_CALL_REPLAY,source_equal_conditional_regret_seconds,DEVELOPMENT,native_50ms,4,Greedy,23.90566014643732,23.90566014643732,23.90566014643732,1,True,,
FIXED_CALL_REPLAY,source_equal_gain_seconds,DEVELOPMENT,pooled_workpoints,1,Capacity,660.5137635826854,586.0880904835366,734.9394366818342,2,True,,
FIXED_CALL_REPLAY,source_equal_gain_seconds,DEVELOPMENT,pooled_workpoints,1,CheapSummary,600.2742024683591,573.9635827787101,626.5848221580081,2,True,,
FIXED_CALL_REPLAY,source_equal_gain_seconds,DEVELOPMENT,pooled_workpoints,1,P1,2.6147972675971687e-12,2.6147972675971687e-12,2.6147972675971687e-12,1,True,,
FIXED_CALL_REPLAY,source_equal_gain_seconds,DEVELOPMENT,pooled_workpoints,1,Greedy,582.8614353657866,582.8614353657866,582.8614353657866,1,True,,
FIXED_CALL_REPLAY,source_equal_conditional_regret_seconds,DEVELOPMENT,pooled_workpoints,1,Capacity,203.42997850579934,129.0043054066505,277.8556516049482,2,True,,
FIXED_CALL_REPLAY,source_equal_conditional_regret_seconds,DEVELOPMENT,pooled_workpoints,1,CheapSummary,263.66953962012553,237.3589199304766,289.98015930977454,2,True,,
FIXED_CALL_REPLAY,source_equal_conditional_regret_seconds,DEVELOPMENT,pooled_workpoints,1,P1,863.9437420884819,863.9437420884819,863.9437420884819,1,True,,
FIXED_CALL_REPLAY,source_equal_conditional_regret_seconds,DEVELOPMENT,pooled_workpoints,1,Greedy,281.08230672269815,281.08230672269815,281.08230672269815,1,True,,
FIXED_CALL_REPLAY,source_equal_gain_seconds,DEVELOPMENT,pooled_workpoints,2,Capacity,661.0411694635777,586.0880904835366,735.9942484436189,2,True,,
FIXED_CALL_REPLAY,source_equal_gain_seconds,DEVELOPMENT,pooled_workpoints,2,CheapSummary,600.2955253211786,573.9635827787101,626.6274678636471,2,True,,
FIXED_CALL_REPLAY,source_equal_gain_seconds,DEVELOPMENT,pooled_workpoints,2,P1,2.6147972675971687e-12,2.6147972675971687e-12,2.6147972675971687e-12,1,True,,
FIXED_CALL_REPLAY,source_equal_gain_seconds,DEVELOPMENT,pooled_workpoints,2,Greedy,582.8614353657866,582.8614353657866,582.8614353657866,1,True,,
FIXED_CALL_REPLAY,source_equal_conditional_regret_seconds,DEVELOPMENT,pooled_workpoints,2,Capacity,202.90257262490707,127.9494936448659,277.8556516049482,2,True,,
FIXED_CALL_REPLAY,source_equal_conditional_regret_seconds,DEVELOPMENT,pooled_workpoints,2,CheapSummary,263.6482167673061,237.31627422483768,289.98015930977454,2,True,,
FIXED_CALL_REPLAY,source_equal_conditional_regret_seconds,DEVELOPMENT,pooled_workpoints,2,P1,863.9437420884819,863.9437420884819,863.9437420884819,1,True,,
FIXED_CALL_REPLAY,source_equal_conditional_regret_seconds,DEVELOPMENT,pooled_workpoints,2,Greedy,281.08230672269815,281.08230672269815,281.08230672269815,1,True,,
FIXED_CALL_REPLAY,source_equal_gain_seconds,DEVELOPMENT,pooled_workpoints,4,Capacity,703.4448014149897,637.5033622206813,769.386240609298,2,True,,
FIXED_CALL_REPLAY,source_equal_gain_seconds,DEVELOPMENT,pooled_workpoints,4,CheapSummary,644.9094911625145,623.8997826216535,665.9191997033756,2,True,,
FIXED_CALL_REPLAY,source_equal_gain_seconds,DEVELOPMENT,pooled_workpoints,4,P1,2.6147972675971687e-12,2.6147972675971687e-12,2.6147972675971687e-12,1,True,,
FIXED_CALL_REPLAY,source_equal_gain_seconds,DEVELOPMENT,pooled_workpoints,4,Greedy,632.4038008462303,632.4038008462303,632.4038008462303,1,True,,
FIXED_CALL_REPLAY,source_equal_conditional_regret_seconds,DEVELOPMENT,pooled_workpoints,4,Capacity,160.49894067349507,94.55750147918663,226.4403798678035,2,True,,
FIXED_CALL_REPLAY,source_equal_conditional_regret_seconds,DEVELOPMENT,pooled_workpoints,4,CheapSummary,219.03425092597018,198.02454238510904,240.0439594668313,2,True,,
FIXED_CALL_REPLAY,source_equal_conditional_regret_seconds,DEVELOPMENT,pooled_workpoints,4,P1,863.9437420884819,863.9437420884819,863.9437420884819,1,True,,
FIXED_CALL_REPLAY,source_equal_conditional_regret_seconds,DEVELOPMENT,pooled_workpoints,4,Greedy,231.5399412422546,231.5399412422546,231.5399412422546,1,True,,
ACTUAL_DEADLINE,strict_delivered_gain_seconds,CALIBRATION,,,Capacity,2222.094959398906,2126.165125509394,2318.0247932884186,2,True,calibration_60s,60.0
ACTUAL_DEADLINE,strict_delivered_gain_seconds,CALIBRATION,,,CheapSummary,2147.4477640470723,2147.4477640470723,2147.4477640470723,2,True,calibration_60s,60.0
ACTUAL_DEADLINE,strict_delivered_gain_seconds,CALIBRATION,,,P1,1360.079312698324,1360.079312698324,1360.079312698324,1,True,calibration_60s,60.0
ACTUAL_DEADLINE,strict_delivered_gain_seconds,CALIBRATION,,,Greedy,2147.4477640470723,2147.4477640470723,2147.4477640470723,1,True,calibration_60s,60.0
ACTUAL_DEADLINE,strict_gain_beyond_paid_prefix_seconds,CALIBRATION,,,Capacity,862.0156467005825,766.0858128110704,957.9454805900945,2,True,calibration_60s,60.0
ACTUAL_DEADLINE,strict_gain_beyond_paid_prefix_seconds,CALIBRATION,,,CheapSummary,787.3684513487485,787.3684513487485,787.3684513487485,2,True,calibration_60s,60.0
ACTUAL_DEADLINE,strict_gain_beyond_paid_prefix_seconds,CALIBRATION,,,P1,0.0,0.0,0.0,1,True,calibration_60s,60.0
ACTUAL_DEADLINE,strict_gain_beyond_paid_prefix_seconds,CALIBRATION,,,Greedy,787.3684513487485,787.3684513487485,787.3684513487485,1,True,calibration_60s,60.0
ACTUAL_DEADLINE,valid_on_time_return_indicator,CALIBRATION,,,Capacity,1.0,1.0,1.0,2,True,calibration_60s,60.0
ACTUAL_DEADLINE,valid_on_time_return_indicator,CALIBRATION,,,CheapSummary,1.0,1.0,1.0,2,True,calibration_60s,60.0
ACTUAL_DEADLINE,valid_on_time_return_indicator,CALIBRATION,,,P1,1.0,1.0,1.0,1,True,calibration_60s,60.0
ACTUAL_DEADLINE,valid_on_time_return_indicator,CALIBRATION,,,Greedy,1.0,1.0,1.0,1,True,calibration_60s,60.0
ACTUAL_DEADLINE,observed_completed_native_calls,CALIBRATION,,,Capacity,3.8333333333333335,3.666666666666667,4.0,2,True,calibration_60s,60.0
ACTUAL_DEADLINE,observed_completed_native_calls,CALIBRATION,,,CheapSummary,4.0,4.0,4.0,2,True,calibration_60s,60.0
ACTUAL_DEADLINE,observed_completed_native_calls,CALIBRATION,,,P1,2.333333333333333,2.333333333333333,2.333333333333333,1,True,calibration_60s,60.0
ACTUAL_DEADLINE,observed_completed_native_calls,CALIBRATION,,,Greedy,4.0,4.0,4.0,1,True,calibration_60s,60.0
ACTUAL_DEADLINE,strict_delivered_gain_seconds,TEST,,,Capacity,791.0357057521032,686.488416207246,895.5829952969603,2,True,half,1.9494619839638467
ACTUAL_DEADLINE,strict_delivered_gain_seconds,TEST,,,CheapSummary,1792.601262332069,1034.2736279510864,2550.9288967130515,2,True,half,1.9494619839638467
ACTUAL_DEADLINE,strict_delivered_gain_seconds,TEST,,,P1,902.2765014409815,902.2765014409815,902.2765014409815,1,True,half,1.9494619839638467
ACTUAL_DEADLINE,strict_delivered_gain_seconds,TEST,,,Greedy,614.6518006254191,614.6518006254191,614.6518006254191,1,True,half,1.9494619839638467
ACTUAL_DEADLINE,strict_gain_beyond_paid_prefix_seconds,TEST,,,Capacity,271.8606566784316,189.9860331486513,353.735280208212,2,True,half,1.9494619839638467
ACTUAL_DEADLINE,strict_gain_beyond_paid_prefix_seconds,TEST,,,CheapSummary,556.5974525472168,295.7737504709221,817.4211546235116,2,True,half,1.9494619839638467
ACTUAL_DEADLINE,strict_gain_beyond_paid_prefix_seconds,TEST,,,P1,0.0,0.0,0.0,1,True,half,1.9494619839638467
ACTUAL_DEADLINE,strict_gain_beyond_paid_prefix_seconds,TEST,,,Greedy,178.27057499887692,178.27057499887692,178.27057499887692,1,True,half,1.9494619839638467
ACTUAL_DEADLINE,valid_on_time_return_indicator,TEST,,,Capacity,0.29166666666666663,0.29166666666666663,0.29166666666666663,2,True,half,1.9494619839638467
ACTUAL_DEADLINE,valid_on_time_return_indicator,TEST,,,CheapSummary,0.7083333333333334,0.4583333333333333,0.9583333333333334,2,True,half,1.9494619839638467
ACTUAL_DEADLINE,valid_on_time_return_indicator,TEST,,,P1,0.5416666666666666,0.5416666666666666,0.5416666666666666,1,True,half,1.9494619839638467
ACTUAL_DEADLINE,valid_on_time_return_indicator,TEST,,,Greedy,0.25,0.25,0.25,1,True,half,1.9494619839638467
ACTUAL_DEADLINE,observed_completed_native_calls,TEST,,,Capacity,2.1666666666666665,2.1666666666666665,2.1666666666666665,2,True,half,1.9494619839638467
ACTUAL_DEADLINE,observed_completed_native_calls,TEST,,,CheapSummary,3.166666666666667,2.416666666666667,3.9166666666666665,2,True,half,1.9494619839638467
ACTUAL_DEADLINE,observed_completed_native_calls,TEST,,,P1,1.5416666666666667,1.5416666666666667,1.5416666666666667,1,True,half,1.9494619839638467
ACTUAL_DEADLINE,observed_completed_native_calls,TEST,,,Greedy,2.291666666666667,2.291666666666667,2.291666666666667,1,True,half,1.9494619839638467
ACTUAL_DEADLINE,strict_delivered_gain_seconds,TEST,,,Capacity,386.39286531904264,199.47056221062667,573.3151684274586,2,True,quarter,0.9747309919819234
ACTUAL_DEADLINE,strict_delivered_gain_seconds,TEST,,,CheapSummary,681.2126505511017,616.5272358497507,745.8980652524526,2,True,quarter,0.9747309919819234
ACTUAL_DEADLINE,strict_delivered_gain_seconds,TEST,,,P1,909.570104746827,909.570104746827,909.570104746827,1,True,quarter,0.9747309919819234
ACTUAL_DEADLINE,strict_delivered_gain_seconds,TEST,,,Greedy,511.7685428901653,511.7685428901653,511.7685428901653,1,True,quarter,0.9747309919819234
ACTUAL_DEADLINE,strict_gain_beyond_paid_prefix_seconds,TEST,,,Capacity,85.10890798620434,30.493999799121717,139.72381617328696,2,True,quarter,0.9747309919819234
ACTUAL_DEADLINE,strict_gain_beyond_paid_prefix_seconds,TEST,,,CheapSummary,200.78547029610007,199.62480559732649,201.94613499487363,2,True,quarter,0.9747309919819234
ACTUAL_DEADLINE,strict_gain_beyond_paid_prefix_seconds,TEST,,,P1,0.0,0.0,0.0,1,True,quarter,0.9747309919819234
ACTUAL_DEADLINE,strict_gain_beyond_paid_prefix_seconds,TEST,,,Greedy,137.74419543387677,137.74419543387677,137.74419543387677,1,True,quarter,0.9747309919819234
ACTUAL_DEADLINE,valid_on_time_return_indicator,TEST,,,Capacity,0.14583333333333331,0.08333333333333333,0.20833333333333331,2,True,quarter,0.9747309919819234
ACTUAL_DEADLINE,valid_on_time_return_indicator,TEST,,,CheapSummary,0.22916666666666666,0.20833333333333331,0.25,2,True,quarter,0.9747309919819234
ACTUAL_DEADLINE,valid_on_time_return_indicator,TEST,,,P1,0.5,0.5,0.5,1,True,quarter,0.9747309919819234
ACTUAL_DEADLINE,valid_on_time_return_indicator,TEST,,,Greedy,0.25,0.25,0.25,1,True,quarter,0.9747309919819234
ACTUAL_DEADLINE,observed_completed_native_calls,TEST,,,Capacity,0.7708333333333333,0.6666666666666666,0.8749999999999999,2,True,quarter,0.9747309919819234
ACTUAL_DEADLINE,observed_completed_native_calls,TEST,,,CheapSummary,1.5416666666666665,1.4166666666666667,1.6666666666666665,2,True,quarter,0.9747309919819234
ACTUAL_DEADLINE,observed_completed_native_calls,TEST,,,P1,1.4166666666666665,1.4166666666666665,1.4166666666666665,1,True,quarter,0.9747309919819234
ACTUAL_DEADLINE,observed_completed_native_calls,TEST,,,Greedy,2.166666666666667,2.166666666666667,2.166666666666667,1,True,quarter,0.9747309919819234
ACTUAL_DEADLINE,strict_delivered_gain_seconds,TEST,,,Capacity,2561.9719923961043,2509.600170804377,2614.3438139878317,2,True,wide,3.8989239679276935
ACTUAL_DEADLINE,strict_delivered_gain_seconds,TEST,,,CheapSummary,2542.3321212996066,2509.600170804377,2575.0640717948363,2,True,wide,3.8989239679276935
ACTUAL_DEADLINE,strict_delivered_gain_seconds,TEST,,,P1,1806.5448458932078,1806.5448458932078,1806.5448458932078,1,True,wide,3.8989239679276935
ACTUAL_DEADLINE,strict_delivered_gain_seconds,TEST,,,Greedy,2509.600170804377,2509.600170804377,2509.600170804377,1,True,wide,3.8989239679276935
ACTUAL_DEADLINE,strict_gain_beyond_paid_prefix_seconds,TEST,,,Capacity,755.4271465028967,703.055324911169,807.7989680946242,2,True,wide,3.8989239679276935
ACTUAL_DEADLINE,strict_gain_beyond_paid_prefix_seconds,TEST,,,CheapSummary,735.7872754063985,703.055324911169,768.5192259016281,2,True,wide,3.8989239679276935
ACTUAL_DEADLINE,strict_gain_beyond_paid_prefix_seconds,TEST,,,P1,0.0,0.0,0.0,1,True,wide,3.8989239679276935
ACTUAL_DEADLINE,strict_gain_beyond_paid_prefix_seconds,TEST,,,Greedy,703.055324911169,703.055324911169,703.055324911169,1,True,wide,3.8989239679276935
ACTUAL_DEADLINE,valid_on_time_return_indicator,TEST,,,Capacity,1.0,1.0,1.0,2,True,wide,3.8989239679276935
ACTUAL_DEADLINE,valid_on_time_return_indicator,TEST,,,CheapSummary,1.0,1.0,1.0,2,True,wide,3.8989239679276935
ACTUAL_DEADLINE,valid_on_time_return_indicator,TEST,,,P1,1.0,1.0,1.0,1,True,wide,3.8989239679276935
ACTUAL_DEADLINE,valid_on_time_return_indicator,TEST,,,Greedy,1.0,1.0,1.0,1,True,wide,3.8989239679276935
ACTUAL_DEADLINE,observed_completed_native_calls,TEST,,,Capacity,4.0,4.0,4.0,2,True,wide,3.8989239679276935
ACTUAL_DEADLINE,observed_completed_native_calls,TEST,,,CheapSummary,4.0,4.0,4.0,2,True,wide,3.8989239679276935
ACTUAL_DEADLINE,observed_completed_native_calls,TEST,,,P1,2.6666666666666665,2.6666666666666665,2.6666666666666665,1,True,wide,3.8989239679276935
ACTUAL_DEADLINE,observed_completed_native_calls,TEST,,,Greedy,4.0,4.0,4.0,1,True,wide,3.8989239679276935
ACTUAL_DEADLINE,strict_delivered_gain_seconds,VALIDATION,,,Capacity,273.4778063369643,166.43951772133974,380.5160949525889,2,True,half,1.9494619839638467
ACTUAL_DEADLINE,strict_delivered_gain_seconds,VALIDATION,,,CheapSummary,1449.0658423899004,907.9606098898414,1990.171074889959,2,True,half,1.9494619839638467
ACTUAL_DEADLINE,strict_delivered_gain_seconds,VALIDATION,,,P1,1263.4466324565194,1263.4466324565194,1263.4466324565194,1,True,half,1.9494619839638467
ACTUAL_DEADLINE,strict_delivered_gain_seconds,VALIDATION,,,Greedy,233.5666823425078,233.5666823425078,233.5666823425078,1,True,half,1.9494619839638467
ACTUAL_DEADLINE,strict_gain_beyond_paid_prefix_seconds,VALIDATION,,,Capacity,28.57378030720671,25.57537898417407,31.572181630239356,2,True,half,1.9494619839638467
ACTUAL_DEADLINE,strict_gain_beyond_paid_prefix_seconds,VALIDATION,,,CheapSummary,336.8164227012555,98.02588408333636,575.6069613191746,2,True,half,1.9494619839638467
ACTUAL_DEADLINE,strict_gain_beyond_paid_prefix_seconds,VALIDATION,,,P1,0.0,0.0,0.0,1,True,half,1.9494619839638467
ACTUAL_DEADLINE,strict_gain_beyond_paid_prefix_seconds,VALIDATION,,,Greedy,9.61646461408236,9.61646461408236,9.61646461408236,1,True,half,1.9494619839638467
ACTUAL_DEADLINE,valid_on_time_return_indicator,VALIDATION,,,Capacity,0.16666666666666666,0.08333333333333333,0.25,2,True,half,1.9494619839638467
ACTUAL_DEADLINE,valid_on_time_return_indicator,VALIDATION,,,CheapSummary,0.7083333333333333,0.5833333333333333,0.8333333333333334,2,True,half,1.9494619839638467
ACTUAL_DEADLINE,valid_on_time_return_indicator,VALIDATION,,,P1,0.75,0.75,0.75,1,True,half,1.9494619839638467
ACTUAL_DEADLINE,valid_on_time_return_indicator,VALIDATION,,,Greedy,0.16666666666666666,0.16666666666666666,0.16666666666666666,1,True,half,1.9494619839638467
ACTUAL_DEADLINE,observed_completed_native_calls,VALIDATION,,,Capacity,1.4166666666666667,1.25,1.5833333333333335,2,True,half,1.9494619839638467
ACTUAL_DEADLINE,observed_completed_native_calls,VALIDATION,,,CheapSummary,3.4583333333333335,3.0833333333333335,3.8333333333333335,2,True,half,1.9494619839638467
ACTUAL_DEADLINE,observed_completed_native_calls,VALIDATION,,,P1,1.8333333333333333,1.8333333333333333,1.8333333333333333,1,True,half,1.9494619839638467
ACTUAL_DEADLINE,observed_completed_native_calls,VALIDATION,,,Greedy,2.25,2.25,2.25,1,True,half,1.9494619839638467
ACTUAL_DEADLINE,strict_delivered_gain_seconds,VALIDATION,,,Capacity,180.978085261464,82.80024457842228,279.1559259445057,2,True,quarter,0.9747309919819234
ACTUAL_DEADLINE,strict_delivered_gain_seconds,VALIDATION,,,CheapSummary,688.9927570918469,449.62701696167153,928.3584972220222,2,True,quarter,0.9747309919819234
ACTUAL_DEADLINE,strict_delivered_gain_seconds,VALIDATION,,,P1,1311.4719603351164,1311.4719603351164,1311.4719603351164,1,True,quarter,0.9747309919819234
ACTUAL_DEADLINE,strict_delivered_gain_seconds,VALIDATION,,,Greedy,1056.7479854024423,1056.7479854024423,1056.7479854024423,1,True,quarter,0.9747309919819234
ACTUAL_DEADLINE,strict_gain_beyond_paid_prefix_seconds,VALIDATION,,,Capacity,71.77917639137497,9.61646461408236,133.9418881686676,2,True,quarter,0.9747309919819234
ACTUAL_DEADLINE,strict_gain_beyond_paid_prefix_seconds,VALIDATION,,,CheapSummary,204.59381490683396,112.22990959566475,296.95772021800315,2,True,quarter,0.9747309919819234
ACTUAL_DEADLINE,strict_gain_beyond_paid_prefix_seconds,VALIDATION,,,P1,1.7339364118330802,1.7339364118330802,1.7339364118330802,1,True,quarter,0.9747309919819234
ACTUAL_DEADLINE,strict_gain_beyond_paid_prefix_seconds,VALIDATION,,,Greedy,430.89960838667076,430.89960838667076,430.89960838667076,1,True,quarter,0.9747309919819234
ACTUAL_DEADLINE,valid_on_time_return_indicator,VALIDATION,,,Capacity,0.08333333333333333,0.08333333333333333,0.08333333333333333,2,True,quarter,0.9747309919819234
ACTUAL_DEADLINE,valid_on_time_return_indicator,VALIDATION,,,CheapSummary,0.25,0.16666666666666666,0.3333333333333333,2,True,quarter,0.9747309919819234
ACTUAL_DEADLINE,valid_on_time_return_indicator,VALIDATION,,,P1,0.75,0.75,0.75,1,True,quarter,0.9747309919819234
ACTUAL_DEADLINE,valid_on_time_return_indicator,VALIDATION,,,Greedy,0.3333333333333333,0.3333333333333333,0.3333333333333333,1,True,quarter,0.9747309919819234
ACTUAL_DEADLINE,observed_completed_native_calls,VALIDATION,,,Capacity,0.875,0.75,1.0,2,True,quarter,0.9747309919819234
ACTUAL_DEADLINE,observed_completed_native_calls,VALIDATION,,,CheapSummary,1.5833333333333335,1.0,2.166666666666667,2,True,quarter,0.9747309919819234
ACTUAL_DEADLINE,observed_completed_native_calls,VALIDATION,,,P1,1.8333333333333335,1.8333333333333335,1.8333333333333335,1,True,quarter,0.9747309919819234
ACTUAL_DEADLINE,observed_completed_native_calls,VALIDATION,,,Greedy,1.8333333333333335,1.8333333333333335,1.8333333333333335,1,True,quarter,0.9747309919819234
ACTUAL_DEADLINE,strict_delivered_gain_seconds,VALIDATION,,,Capacity,2212.1530078750266,2204.9859428903633,2219.3200728596903,2,True,wide,3.8989239679276935
ACTUAL_DEADLINE,strict_delivered_gain_seconds,VALIDATION,,,CheapSummary,2222.3792702303617,2219.3200728596903,2225.4384676010327,2,True,wide,3.8989239679276935
ACTUAL_DEADLINE,strict_delivered_gain_seconds,VALIDATION,,,P1,1638.064711345709,1638.064711345709,1638.064711345709,1,True,wide,3.8989239679276935
ACTUAL_DEADLINE,strict_delivered_gain_seconds,VALIDATION,,,Greedy,2219.3200728596903,2219.3200728596903,2219.3200728596903,1,True,wide,3.8989239679276935
ACTUAL_DEADLINE,strict_gain_beyond_paid_prefix_seconds,VALIDATION,,,Capacity,574.0882965293179,566.9212315446542,581.2553615139816,2,True,wide,3.8989239679276935
ACTUAL_DEADLINE,strict_gain_beyond_paid_prefix_seconds,VALIDATION,,,CheapSummary,584.3145588846528,581.2553615139816,587.373756255324,2,True,wide,3.8989239679276935
ACTUAL_DEADLINE,strict_gain_beyond_paid_prefix_seconds,VALIDATION,,,P1,0.0,0.0,0.0,1,True,wide,3.8989239679276935
ACTUAL_DEADLINE,strict_gain_beyond_paid_prefix_seconds,VALIDATION,,,Greedy,581.2553615139816,581.2553615139816,581.2553615139816,1,True,wide,3.8989239679276935
ACTUAL_DEADLINE,valid_on_time_return_indicator,VALIDATION,,,Capacity,1.0,1.0,1.0,2,True,wide,3.8989239679276935
ACTUAL_DEADLINE,valid_on_time_return_indicator,VALIDATION,,,CheapSummary,1.0,1.0,1.0,2,True,wide,3.8989239679276935
ACTUAL_DEADLINE,valid_on_time_return_indicator,VALIDATION,,,P1,1.0,1.0,1.0,1,True,wide,3.8989239679276935
ACTUAL_DEADLINE,valid_on_time_return_indicator,VALIDATION,,,Greedy,1.0,1.0,1.0,1,True,wide,3.8989239679276935
ACTUAL_DEADLINE,observed_completed_native_calls,VALIDATION,,,Capacity,4.0,4.0,4.0,2,True,wide,3.8989239679276935
ACTUAL_DEADLINE,observed_completed_native_calls,VALIDATION,,,CheapSummary,4.0,4.0,4.0,2,True,wide,3.8989239679276935
ACTUAL_DEADLINE,observed_completed_native_calls,VALIDATION,,,P1,2.666666666666667,2.666666666666667,2.666666666666667,1,True,wide,3.8989239679276935
ACTUAL_DEADLINE,observed_completed_native_calls,VALIDATION,,,Greedy,4.0,4.0,4.0,1,True,wide,3.8989239679276935
