phase,budget_id,target,comparator,actual_comparator,comparable_inputs,delta_strict_gain_seconds,delta_gain_percentage_points,target_exceeds_comparator,result,physical_source_count,source_differences_seconds,positive_source_count,negative_source_count,tied_source_count,comparator_choice_is_descriptive_not_policy_or_seed_selection,target_method_display,comparator_method_display,actual_comparator_method_display
validation,quarter,FullCapacity-seed17,FullGreedy,FullGreedy,True,-624.8944201030245,-0.05673394393139446,False,LOWER,2,"[-597.7211583951721, -652.0676818108768]",0,2,0,False,JointRecovery（本文方法，JR；完整框架 STK 迁移）；seed17,Greedy-rank+CHILS（贪心请求排序内部对照）,Greedy-rank+CHILS（贪心请求排序内部对照）
validation,quarter,FullCapacity-seed17,FullP1,FullP1,True,-478.8201843194354,-0.03408296092163576,False,LOWER,2,"[-937.0854360343462, -20.554932604524424]",0,2,0,False,JointRecovery（本文方法，JR；完整框架 STK 迁移）；seed17,Independent-replacement+CHILS（独立替代估计对照）,Independent-replacement+CHILS（独立替代估计对照）
validation,quarter,FullCapacity-seed17,FullCheapSummary-seed17,FullCheapSummary-seed17,True,-171.67159455625608,-0.01561312017450879,False,LOWER,2,"[-597.7211583951721, 254.37796928265988]",1,1,0,False,JointRecovery（本文方法，JR；完整框架 STK 迁移）；seed17,JR-CheapSummary（简化表示消融）；seed17,JR-CheapSummary（简化表示消融）；seed17
validation,quarter,FullCapacity-seed17,FullCheapSummary-seed29,FullCheapSummary-seed29,True,-65.29389685507829,-0.0010056346052281298,False,LOWER,2,"[-432.12066923832754, 301.532875528171]",1,1,0,False,JointRecovery（本文方法，JR；完整框架 STK 迁移）；seed17,JR-CheapSummary（简化表示消融）；seed29,JR-CheapSummary（简化表示消融）；seed29
validation,quarter,FullCapacity-seed17,FullCheapSummary-mean17/29,FullCheapSummary-mean17/29,True,-118.48274570566718,-0.008309377389868464,False,LOWER,2,"[-514.9209138167498, 277.95542240541545]",1,1,0,False,JointRecovery（本文方法，JR；完整框架 STK 迁移）；seed17,JR-CheapSummary（简化表示消融）；两种子均值,JR-CheapSummary（简化表示消融）；两种子均值
validation,quarter,FullCapacity-seed17,CHILS-p1,CHILS-p1,True,-30212.623693030746,-2.9455591179987124,False,LOWER,2,"[-30665.671701287658, -29759.575684773834]",0,2,0,False,JointRecovery（本文方法，JR；完整框架 STK 迁移）；seed17,CHILS-p1（SEA 2025 公开 MWIS 算法）,CHILS-p1（SEA 2025 公开 MWIS 算法）
validation,quarter,FullCapacity-seed17,HiGHS-MILP,HiGHS-MILP,True,376.42874694109196,0.04665641617851603,True,HIGHER,2,"[165.60048915684456, 587.2570047253394]",2,0,0,False,JointRecovery（本文方法，JR；完整框架 STK 迁移）；seed17,HiGHS-MILP（通用 MILP 软件参照）,HiGHS-MILP（通用 MILP 软件参照）
validation,quarter,FullCapacity-seed17,StrongCheapControl,FullGreedy,True,-624.8944201030245,-0.05673394393139446,False,LOWER,2,"[-597.7211583951721, -652.0676818108768]",0,2,0,True,JointRecovery（本文方法，JR；完整框架 STK 迁移）；seed17,较强内部对照（描述性参照）,Greedy-rank+CHILS（贪心请求排序内部对照）
validation,quarter,FullCapacity-seed29,FullGreedy,FullGreedy,True,-35.38923161794082,-0.0037708151826816583,False,LOWER,2,"[676.4563923534977, -747.2348555893793]",1,1,0,False,JointRecovery（本文方法，JR；完整框架 STK 迁移）；seed29,Greedy-rank+CHILS（贪心请求排序内部对照）,Greedy-rank+CHILS（贪心请求排序内部对照）
validation,quarter,FullCapacity-seed29,FullP1,FullP1,True,110.68500416564825,0.018880167827077035,True,HIGHER,2,"[337.09211471432354, -115.72210638302687]",1,1,0,False,JointRecovery（本文方法，JR；完整框架 STK 迁移）；seed29,Independent-replacement+CHILS（独立替代估计对照）,Independent-replacement+CHILS（独立替代估计对照）
validation,quarter,FullCapacity-seed29,FullCheapSummary-seed17,FullCheapSummary-seed17,True,417.83359392882755,0.03735000857420401,True,HIGHER,2,"[676.4563923534977, 159.21079550415743]",2,0,0,False,JointRecovery（本文方法，JR；完整框架 STK 迁移）；seed29,JR-CheapSummary（简化表示消融）；seed17,JR-CheapSummary（简化表示消融）；seed17
validation,quarter,FullCapacity-seed29,FullCheapSummary-seed29,FullCheapSummary-seed29,True,524.2112916300053,0.05195749414348467,True,HIGHER,2,"[842.0568815103422, 206.36570174966857]",2,0,0,False,JointRecovery（本文方法，JR；完整框架 STK 迁移）；seed29,JR-CheapSummary（简化表示消融）；seed29,JR-CheapSummary（简化表示消融）；seed29
validation,quarter,FullCapacity-seed29,FullCheapSummary-mean17/29,FullCheapSummary-mean17/29,True,471.02244277941645,0.044653751358844335,True,HIGHER,2,"[759.25663693192, 182.788248626913]",2,0,0,False,JointRecovery（本文方法，JR；完整框架 STK 迁移）；seed29,JR-CheapSummary（简化表示消融）；两种子均值,JR-CheapSummary（简化表示消融）；两种子均值
validation,quarter,FullCapacity-seed29,CHILS-p1,CHILS-p1,True,-29623.118504545662,-2.8925959892499997,False,LOWER,2,"[-29391.494150538987, -29854.742858552338]",0,2,0,False,JointRecovery（本文方法，JR；完整框架 STK 迁移）；seed29,CHILS-p1（SEA 2025 公开 MWIS 算法）,CHILS-p1（SEA 2025 公开 MWIS 算法）
validation,quarter,FullCapacity-seed29,HiGHS-MILP,HiGHS-MILP,True,965.9339354261756,0.09961954492722883,True,HIGHER,2,"[1439.7780399055143, 492.0898309468369]",2,0,0,False,JointRecovery（本文方法，JR；完整框架 STK 迁移）；seed29,HiGHS-MILP（通用 MILP 软件参照）,HiGHS-MILP（通用 MILP 软件参照）
validation,quarter,FullCapacity-seed29,StrongCheapControl,FullGreedy,True,-35.38923161794082,-0.0037708151826816583,False,LOWER,2,"[676.4563923534977, -747.2348555893793]",1,1,0,True,JointRecovery（本文方法，JR；完整框架 STK 迁移）；seed29,较强内部对照（描述性参照）,Greedy-rank+CHILS（贪心请求排序内部对照）
validation,quarter,FullCapacity-mean17/29,FullGreedy,FullGreedy,True,-330.14182586048264,-0.03025237955703805,False,LOWER,2,"[39.36761697916279, -699.6512687001281]",1,1,0,False,JointRecovery（本文方法，JR；完整框架 STK 迁移）；两种子均值,Greedy-rank+CHILS（贪心请求排序内部对照）,Greedy-rank+CHILS（贪心请求排序内部对照）
validation,quarter,FullCapacity-mean17/29,FullP1,FullP1,True,-184.06759007689357,-0.007601396547279357,False,LOWER,2,"[-299.99666066001134, -68.13851949377568]",0,2,0,False,JointRecovery（本文方法，JR；完整框架 STK 迁移）；两种子均值,Independent-replacement+CHILS（独立替代估计对照）,Independent-replacement+CHILS（独立替代估计对照）
validation,quarter,FullCapacity-mean17/29,FullCheapSummary-seed17,FullCheapSummary-seed17,True,123.08099968628574,0.010868444199847616,True,HIGHER,2,"[39.36761697916279, 206.79438239340863]",2,0,0,False,JointRecovery（本文方法，JR；完整框架 STK 迁移）；两种子均值,JR-CheapSummary（简化表示消融）；seed17,JR-CheapSummary（简化表示消融）；seed17
validation,quarter,FullCapacity-mean17/29,FullCheapSummary-seed29,FullCheapSummary-seed29,True,229.45869738746353,0.025475929769128276,True,HIGHER,2,"[204.96810613600735, 253.94928863891977]",2,0,0,False,JointRecovery（本文方法，JR；完整框架 STK 迁移）；两种子均值,JR-CheapSummary（简化表示消融）；seed29,JR-CheapSummary（简化表示消融）；seed29
validation,quarter,FullCapacity-mean17/29,FullCheapSummary-mean17/29,FullCheapSummary-mean17/29,True,176.26984853687463,0.018172186984487942,True,HIGHER,2,"[122.16786155758507, 230.3718355161642]",2,0,0,False,JointRecovery（本文方法，JR；完整框架 STK 迁移）；两种子均值,JR-CheapSummary（简化表示消融）；两种子均值,JR-CheapSummary（简化表示消融）；两种子均值
validation,quarter,FullCapacity-mean17/29,CHILS-p1,CHILS-p1,True,-29917.871098788204,-2.9190775536243563,False,LOWER,2,"[-30028.582925913324, -29807.159271663084]",0,2,0,False,JointRecovery（本文方法，JR；完整框架 STK 迁移）；两种子均值,CHILS-p1（SEA 2025 公开 MWIS 算法）,CHILS-p1（SEA 2025 公开 MWIS 算法）
validation,quarter,FullCapacity-mean17/29,HiGHS-MILP,HiGHS-MILP,True,671.1813411836338,0.07313798055287243,True,HIGHER,2,"[802.6892645311794, 539.6734178360881]",2,0,0,False,JointRecovery（本文方法，JR；完整框架 STK 迁移）；两种子均值,HiGHS-MILP（通用 MILP 软件参照）,HiGHS-MILP（通用 MILP 软件参照）
validation,quarter,FullCapacity-mean17/29,StrongCheapControl,FullGreedy,True,-330.14182586048264,-0.03025237955703805,False,LOWER,2,"[39.36761697916279, -699.6512687001281]",1,1,0,True,JointRecovery（本文方法，JR；完整框架 STK 迁移）；两种子均值,较强内部对照（描述性参照）,Greedy-rank+CHILS（贪心请求排序内部对照）
validation,half,FullCapacity-seed17,FullGreedy,FullGreedy,True,-1546.7483658395258,-0.14329512673113964,False,LOWER,2,"[-1865.9615465438496, -1227.5351851352025]",0,2,0,False,JointRecovery（本文方法，JR；完整框架 STK 迁移）；seed17,Greedy-rank+CHILS（贪心请求排序内部对照）,Greedy-rank+CHILS（贪心请求排序内部对照）
validation,half,FullCapacity-seed17,FullP1,FullP1,True,-676.5177743907648,-0.05769224809647115,False,LOWER,2,"[-905.2998647353379, -447.73568404619186]",0,2,0,False,JointRecovery（本文方法，JR；完整框架 STK 迁移）；seed17,Independent-replacement+CHILS（独立替代估计对照）,Independent-replacement+CHILS（独立替代估计对照）
validation,half,FullCapacity-seed17,FullCheapSummary-seed17,FullCheapSummary-seed17,True,-378.10311039984435,-0.029012398305940768,False,LOWER,2,"[-779.3776846912031, 23.171463891514577]",1,1,0,False,JointRecovery（本文方法，JR；完整框架 STK 迁移）；seed17,JR-CheapSummary（简化表示消融）；seed17,JR-CheapSummary（简化表示消融）；seed17
validation,half,FullCapacity-seed17,FullCheapSummary-seed29,FullCheapSummary-seed29,True,-51.719954079928925,0.004111860838436732,False,LOWER,2,"[-1039.1165331707064, 935.6766250108485]",1,1,0,False,JointRecovery（本文方法，JR；完整框架 STK 迁移）；seed17,JR-CheapSummary（简化表示消融）；seed29,JR-CheapSummary（简化表示消融）；seed29
validation,half,FullCapacity-seed17,FullCheapSummary-mean17/29,FullCheapSummary-mean17/29,True,-214.91153223988658,-0.012450268733752004,False,LOWER,2,"[-909.2471089309547, 479.42404445118154]",1,1,0,False,JointRecovery（本文方法，JR；完整框架 STK 迁移）；seed17,JR-CheapSummary（简化表示消融）；两种子均值,JR-CheapSummary（简化表示消融）；两种子均值
validation,half,FullCapacity-seed17,CHILS-p1,CHILS-p1,True,-81668.43074806158,-8.00198208822341,False,LOWER,2,"[-81516.2382001815, -81820.62329594167]",0,2,0,False,JointRecovery（本文方法，JR；完整框架 STK 迁移）；seed17,CHILS-p1（SEA 2025 公开 MWIS 算法）,CHILS-p1（SEA 2025 公开 MWIS 算法）
validation,half,FullCapacity-seed17,HiGHS-MILP,HiGHS-MILP,True,746.99423844993,0.08315799538241418,True,HIGHER,2,"[558.3118518890115, 935.6766250108485]",2,0,0,False,JointRecovery（本文方法，JR；完整框架 STK 迁移）；seed17,HiGHS-MILP（通用 MILP 软件参照）,HiGHS-MILP（通用 MILP 软件参照）
validation,half,FullCapacity-seed17,StrongCheapControl,FullGreedy,True,-1546.7483658395258,-0.14329512673113964,False,LOWER,2,"[-1865.9615465438496, -1227.5351851352025]",0,2,0,True,JointRecovery（本文方法，JR；完整框架 STK 迁移）；seed17,较强内部对照（描述性参照）,Greedy-rank+CHILS（贪心请求排序内部对照）
validation,half,FullCapacity-seed29,FullGreedy,FullGreedy,True,-2293.742604289456,-0.2264531221135538,False,LOWER,2,"[-2424.273398432861, -2163.211810146051]",0,2,0,False,JointRecovery（本文方法，JR；完整框架 STK 迁移）；seed29,Greedy-rank+CHILS（贪心请求排序内部对照）,Greedy-rank+CHILS（贪心请求排序内部对照）
validation,half,FullCapacity-seed29,FullP1,FullP1,True,-1423.5120128406948,-0.14085024347888533,False,LOWER,2,"[-1463.6117166243494, -1383.4123090570404]",0,2,0,False,JointRecovery（本文方法，JR；完整框架 STK 迁移）；seed29,Independent-replacement+CHILS（独立替代估计对照）,Independent-replacement+CHILS（独立替代估计对照）
validation,half,FullCapacity-seed29,FullCheapSummary-seed17,FullCheapSummary-seed17,True,-1125.0973488497743,-0.11217039368835495,False,LOWER,2,"[-1337.6895365802145, -912.5051611193339]",0,2,0,False,JointRecovery（本文方法，JR；完整框架 STK 迁移）；seed29,JR-CheapSummary（简化表示消融）；seed17,JR-CheapSummary（简化表示消融）；seed17
validation,half,FullCapacity-seed29,FullCheapSummary-seed29,FullCheapSummary-seed29,True,-798.7141925298589,-0.07904613454397745,False,LOWER,2,"[-1597.4283850597178, 0.0]",0,1,1,False,JointRecovery（本文方法，JR；完整框架 STK 迁移）；seed29,JR-CheapSummary（简化表示消融）；seed29,JR-CheapSummary（简化表示消融）；seed29
validation,half,FullCapacity-seed29,FullCheapSummary-mean17/29,FullCheapSummary-mean17/29,True,-961.9057706898166,-0.09560826411616619,False,LOWER,2,"[-1467.5589608199662, -456.25258055966697]",0,2,0,False,JointRecovery（本文方法，JR；完整框架 STK 迁移）；seed29,JR-CheapSummary（简化表示消融）；两种子均值,JR-CheapSummary（简化表示消融）；两种子均值
validation,half,FullCapacity-seed29,CHILS-p1,CHILS-p1,True,-82415.42498651151,-8.085140083605825,False,LOWER,2,"[-82074.55005207051, -82756.29992095252]",0,2,0,False,JointRecovery（本文方法，JR；完整框架 STK 迁移）；seed29,CHILS-p1（SEA 2025 公开 MWIS 算法）,CHILS-p1（SEA 2025 公开 MWIS 算法）
validation,half,FullCapacity-seed29,HiGHS-MILP,HiGHS-MILP,True,0.0,0.0,False,TIED,2,"[0.0, 0.0]",0,0,2,False,JointRecovery（本文方法，JR；完整框架 STK 迁移）；seed29,HiGHS-MILP（通用 MILP 软件参照）,HiGHS-MILP（通用 MILP 软件参照）
validation,half,FullCapacity-seed29,StrongCheapControl,FullGreedy,True,-2293.742604289456,-0.2264531221135538,False,LOWER,2,"[-2424.273398432861, -2163.211810146051]",0,2,0,True,JointRecovery（本文方法，JR；完整框架 STK 迁移）；seed29,较强内部对照（描述性参照）,Greedy-rank+CHILS（贪心请求排序内部对照）
validation,half,FullCapacity-mean17/29,FullGreedy,FullGreedy,True,-1920.2454850644908,-0.18487412442234671,False,LOWER,2,"[-2145.1174724883554, -1695.3734976406267]",0,2,0,False,JointRecovery（本文方法，JR；完整框架 STK 迁移）；两种子均值,Greedy-rank+CHILS（贪心请求排序内部对照）,Greedy-rank+CHILS（贪心请求排序内部对照）
validation,half,FullCapacity-mean17/29,FullP1,FullP1,True,-1050.0148936157298,-0.09927124578767824,False,LOWER,2,"[-1184.4557906798436, -915.5739965516161]",0,2,0,False,JointRecovery（本文方法，JR；完整框架 STK 迁移）；两种子均值,Independent-replacement+CHILS（独立替代估计对照）,Independent-replacement+CHILS（独立替代估计对照）
validation,half,FullCapacity-mean17/29,FullCheapSummary-seed17,FullCheapSummary-seed17,True,-751.6002296248093,-0.07059139599714787,False,LOWER,2,"[-1058.5336106357088, -444.6668486139097]",0,2,0,False,JointRecovery（本文方法，JR；完整框架 STK 迁移）；两种子均值,JR-CheapSummary（简化表示消融）；seed17,JR-CheapSummary（简化表示消融）；seed17
validation,half,FullCapacity-mean17/29,FullCheapSummary-seed29,FullCheapSummary-seed29,True,-425.2170733048939,-0.03746713685277036,False,LOWER,2,"[-1318.272459115212, 467.83831250542426]",1,1,0,False,JointRecovery（本文方法，JR；完整框架 STK 迁移）；两种子均值,JR-CheapSummary（简化表示消融）；seed29,JR-CheapSummary（简化表示消融）；seed29
validation,half,FullCapacity-mean17/29,FullCheapSummary-mean17/29,FullCheapSummary-mean17/29,True,-588.4086514648516,-0.054029266424959095,False,LOWER,2,"[-1188.4030348754604, 11.585731945757288]",1,1,0,False,JointRecovery（本文方法，JR；完整框架 STK 迁移）；两种子均值,JR-CheapSummary（简化表示消融）；两种子均值,JR-CheapSummary（简化表示消融）；两种子均值
validation,half,FullCapacity-mean17/29,CHILS-p1,CHILS-p1,True,-82041.92786728655,-8.043561085914618,False,LOWER,2,"[-81795.394126126, -82288.46160844709]",0,2,0,False,JointRecovery（本文方法，JR；完整框架 STK 迁移）；两种子均值,CHILS-p1（SEA 2025 公开 MWIS 算法）,CHILS-p1（SEA 2025 公开 MWIS 算法）
validation,half,FullCapacity-mean17/29,HiGHS-MILP,HiGHS-MILP,True,373.497119224965,0.04157899769120709,True,HIGHER,2,"[279.1559259445057, 467.83831250542426]",2,0,0,False,JointRecovery（本文方法，JR；完整框架 STK 迁移）；两种子均值,HiGHS-MILP（通用 MILP 软件参照）,HiGHS-MILP（通用 MILP 软件参照）
validation,half,FullCapacity-mean17/29,StrongCheapControl,FullGreedy,True,-1920.2454850644908,-0.18487412442234671,False,LOWER,2,"[-2145.1174724883554, -1695.3734976406267]",0,2,0,True,JointRecovery（本文方法，JR；完整框架 STK 迁移）；两种子均值,较强内部对照（描述性参照）,Greedy-rank+CHILS（贪心请求排序内部对照）
validation,wide,FullCapacity-seed17,FullGreedy,FullGreedy,True,-707.9145384152457,-0.06239551615327463,False,LOWER,2,"[-842.9010505123294, -572.9280263181622]",0,2,0,False,JointRecovery（本文方法，JR；完整框架 STK 迁移）；seed17,Greedy-rank+CHILS（贪心请求排序内部对照）,Greedy-rank+CHILS（贪心请求排序内部对照）
validation,wide,FullCapacity-seed17,FullP1,FullP1,True,73.71144987943512,0.014346616190473921,True,HIGHER,2,"[-59.44857501197839, 206.8714747708484]",1,1,0,False,JointRecovery（本文方法，JR；完整框架 STK 迁移）；seed17,Independent-replacement+CHILS（独立替代估计对照）,Independent-replacement+CHILS（独立替代估计对照）
validation,wide,FullCapacity-seed17,FullCheapSummary-seed17,FullCheapSummary-seed17,True,93.42123037041188,0.009297770625501078,True,HIGHER,2,"[-16.056037139186174, 202.8984978800097]",1,1,0,False,JointRecovery（本文方法，JR；完整框架 STK 迁移）；seed17,JR-CheapSummary（简化表示消融）；seed17,JR-CheapSummary（简化表示消融）；seed17
validation,wide,FullCapacity-seed17,FullCheapSummary-seed29,FullCheapSummary-seed29,True,223.29065461016353,0.01925364448111147,True,HIGHER,2,"[243.68281134031713, 202.8984978800097]",2,0,0,False,JointRecovery（本文方法，JR；完整框架 STK 迁移）；seed17,JR-CheapSummary（简化表示消融）；seed29,JR-CheapSummary（简化表示消融）；seed29
validation,wide,FullCapacity-seed17,FullCheapSummary-mean17/29,FullCheapSummary-mean17/29,True,158.35594249028782,0.014275707553306288,True,HIGHER,2,"[113.81338710056548, 202.8984978800097]",2,0,0,False,JointRecovery（本文方法，JR；完整框架 STK 迁移）；seed17,JR-CheapSummary（简化表示消融）；两种子均值,JR-CheapSummary（简化表示消融）；两种子均值
validation,wide,FullCapacity-seed17,CHILS-p1,CHILS-p1,True,-82380.00320973982,-8.076197175286568,False,LOWER,2,"[-82265.01563675082, -82494.99078272883]",0,2,0,False,JointRecovery（本文方法，JR；完整框架 STK 迁移）；seed17,CHILS-p1（SEA 2025 公开 MWIS 算法）,CHILS-p1（SEA 2025 公开 MWIS 算法）
validation,wide,FullCapacity-seed17,HiGHS-MILP,HiGHS-MILP,True,1740.6818516497929,0.1759501667942798,True,HIGHER,2,"[1581.3723479205316, 1899.9913553790539]",2,0,0,False,JointRecovery（本文方法，JR；完整框架 STK 迁移）；seed17,HiGHS-MILP（通用 MILP 软件参照）,HiGHS-MILP（通用 MILP 软件参照）
validation,wide,FullCapacity-seed17,StrongCheapControl,FullGreedy,True,-707.9145384152457,-0.06239551615327463,False,LOWER,2,"[-842.9010505123294, -572.9280263181622]",0,2,0,True,JointRecovery（本文方法，JR；完整框架 STK 迁移）；seed17,较强内部对照（描述性参照）,Greedy-rank+CHILS（贪心请求排序内部对照）
validation,wide,FullCapacity-seed29,FullGreedy,FullGreedy,True,-944.3741994144998,-0.08179972200995145,False,LOWER,2,"[-1315.8203725108372, -572.9280263181622]",0,2,0,False,JointRecovery（本文方法，JR；完整框架 STK 迁移）；seed29,Greedy-rank+CHILS（贪心请求排序内部对照）,Greedy-rank+CHILS（贪心请求排序内部对照）
validation,wide,FullCapacity-seed29,FullP1,FullP1,True,-162.74821111981896,-0.0050575896662029,False,LOWER,2,"[-532.3678970104861, 206.8714747708484]",1,1,0,False,JointRecovery（本文方法，JR；完整框架 STK 迁移）；seed29,Independent-replacement+CHILS（独立替代估计对照）,Independent-replacement+CHILS（独立替代估计对照）
validation,wide,FullCapacity-seed29,FullCheapSummary-seed17,FullCheapSummary-seed17,True,-143.0384306288422,-0.010106435231175742,False,LOWER,2,"[-488.9753591376939, 202.8984978800097]",1,1,0,False,JointRecovery（本文方法，JR；完整框架 STK 迁移）；seed29,JR-CheapSummary（简化表示消融）；seed17,JR-CheapSummary（简化表示消融）；seed17
validation,wide,FullCapacity-seed29,FullCheapSummary-seed29,FullCheapSummary-seed29,True,-13.169006389090555,-0.0001505613755653501,False,LOWER,2,"[-229.23651065819058, 202.8984978800097]",1,1,0,False,JointRecovery（本文方法，JR；完整框架 STK 迁移）；seed29,JR-CheapSummary（简化表示消融）；seed29,JR-CheapSummary（简化表示消融）；seed29
validation,wide,FullCapacity-seed29,FullCheapSummary-mean17/29,FullCheapSummary-mean17/29,True,-78.10371850896627,-0.005128498303370532,False,LOWER,2,"[-359.10593489794223, 202.8984978800097]",1,1,0,False,JointRecovery（本文方法，JR；完整框架 STK 迁移）；seed29,JR-CheapSummary（简化表示消融）；两种子均值,JR-CheapSummary（简化表示消融）；两种子均值
validation,wide,FullCapacity-seed29,CHILS-p1,CHILS-p1,True,-82616.46287073907,-8.095601381143245,False,LOWER,2,"[-82737.93495874933, -82494.99078272883]",0,2,0,False,JointRecovery（本文方法，JR；完整框架 STK 迁移）；seed29,CHILS-p1（SEA 2025 公开 MWIS 算法）,CHILS-p1（SEA 2025 公开 MWIS 算法）
validation,wide,FullCapacity-seed29,HiGHS-MILP,HiGHS-MILP,True,1504.2221906505388,0.15654596093760298,True,HIGHER,2,"[1108.453025922024, 1899.9913553790539]",2,0,0,False,JointRecovery（本文方法，JR；完整框架 STK 迁移）；seed29,HiGHS-MILP（通用 MILP 软件参照）,HiGHS-MILP（通用 MILP 软件参照）
validation,wide,FullCapacity-seed29,StrongCheapControl,FullGreedy,True,-944.3741994144998,-0.08179972200995145,False,LOWER,2,"[-1315.8203725108372, -572.9280263181622]",0,2,0,True,JointRecovery（本文方法，JR；完整框架 STK 迁移）；seed29,较强内部对照（描述性参照）,Greedy-rank+CHILS（贪心请求排序内部对照）
validation,wide,FullCapacity-mean17/29,FullGreedy,FullGreedy,True,-826.1443689148728,-0.07209761908161305,False,LOWER,2,"[-1079.3607115115833, -572.9280263181622]",0,2,0,False,JointRecovery（本文方法，JR；完整框架 STK 迁移）；两种子均值,Greedy-rank+CHILS（贪心请求排序内部对照）,Greedy-rank+CHILS（贪心请求排序内部对照）
validation,wide,FullCapacity-mean17/29,FullP1,FullP1,True,-44.51838062019192,0.004644513262135497,False,LOWER,2,"[-295.90823601123225, 206.8714747708484]",1,1,0,False,JointRecovery（本文方法，JR；完整框架 STK 迁移）；两种子均值,Independent-replacement+CHILS（独立替代估计对照）,Independent-replacement+CHILS（独立替代估计对照）
validation,wide,FullCapacity-mean17/29,FullCheapSummary-seed17,FullCheapSummary-seed17,True,-24.808600129215165,-0.0004043323028373458,False,LOWER,2,"[-252.51569813844003, 202.8984978800097]",1,1,0,False,JointRecovery（本文方法，JR；完整框架 STK 迁移）；两种子均值,JR-CheapSummary（简化表示消融）；seed17,JR-CheapSummary（简化表示消融）；seed17
validation,wide,FullCapacity-mean17/29,FullCheapSummary-seed29,FullCheapSummary-seed29,True,105.06082411053649,0.009551541552773046,True,HIGHER,2,"[7.223150341063274, 202.8984978800097]",2,0,0,False,JointRecovery（本文方法，JR；完整框架 STK 迁移）；两种子均值,JR-CheapSummary（简化表示消融）；seed29,JR-CheapSummary（简化表示消融）；seed29
validation,wide,FullCapacity-mean17/29,FullCheapSummary-mean17/29,FullCheapSummary-mean17/29,True,40.126111990660775,0.004573604624967864,True,HIGHER,2,"[-122.64627389868838, 202.8984978800097]",1,1,0,False,JointRecovery（本文方法，JR；完整框架 STK 迁移）；两种子均值,JR-CheapSummary（简化表示消融）；两种子均值,JR-CheapSummary（简化表示消融）；两种子均值
validation,wide,FullCapacity-mean17/29,CHILS-p1,CHILS-p1,True,-82498.23304023944,-8.085899278214907,False,LOWER,2,"[-82501.47529775008, -82494.99078272883]",0,2,0,False,JointRecovery（本文方法，JR；完整框架 STK 迁移）；两种子均值,CHILS-p1（SEA 2025 公开 MWIS 算法）,CHILS-p1（SEA 2025 公开 MWIS 算法）
validation,wide,FullCapacity-mean17/29,HiGHS-MILP,HiGHS-MILP,True,1622.4520211501658,0.16624806386594138,True,HIGHER,2,"[1344.9126869212778, 1899.9913553790539]",2,0,0,False,JointRecovery（本文方法，JR；完整框架 STK 迁移）；两种子均值,HiGHS-MILP（通用 MILP 软件参照）,HiGHS-MILP（通用 MILP 软件参照）
validation,wide,FullCapacity-mean17/29,StrongCheapControl,FullGreedy,True,-826.1443689148728,-0.07209761908161305,False,LOWER,2,"[-1079.3607115115833, -572.9280263181622]",0,2,0,True,JointRecovery（本文方法，JR；完整框架 STK 迁移）；两种子均值,较强内部对照（描述性参照）,Greedy-rank+CHILS（贪心请求排序内部对照）
test,quarter,FullCapacity-seed17,FullGreedy,FullGreedy,True,-86.29140329512302,-2.8676568732954877e-05,False,LOWER,4,"[845.6955217741779, 196.53323842150473, -77.12941457117753, -1310.2649588049971]",2,2,0,False,JointRecovery（本文方法，JR；完整框架 STK 迁移）；seed17,Greedy-rank+CHILS（贪心请求排序内部对照）,Greedy-rank+CHILS（贪心请求排序内部对照）
test,quarter,FullCapacity-seed17,FullP1,FullP1,True,-234.48080798108026,-0.007871137525128497,False,LOWER,4,"[391.0409919681648, 347.8046462158479, -788.4882707775105, -888.2805993308235]",2,2,0,False,JointRecovery（本文方法，JR；完整框架 STK 迁移）；seed17,Independent-replacement+CHILS（独立替代估计对照）,Independent-replacement+CHILS（独立替代估计对照）
test,quarter,FullCapacity-seed17,FullCheapSummary-seed17,FullCheapSummary-seed17,True,-421.4360751162068,-0.028862704934103228,False,LOWER,4,"[563.724797656488, 478.10334989265544, -1089.538942473475, -1638.0335055404962]",2,2,0,False,JointRecovery（本文方法，JR；完整框架 STK 迁移）；seed17,JR-CheapSummary（简化表示消融）；seed17,JR-CheapSummary（简化表示消融）；seed17
test,quarter,FullCapacity-seed17,FullCheapSummary-seed29,FullCheapSummary-seed29,True,-688.8782285716346,-0.05355306401037234,False,LOWER,4,"[51.94112430681707, -438.2405175852085, -1695.6256941489798, -673.5878268591672]",1,3,0,False,JointRecovery（本文方法，JR；完整框架 STK 迁移）；seed17,JR-CheapSummary（简化表示消融）；seed29,JR-CheapSummary（简化表示消融）；seed29
test,quarter,FullCapacity-seed17,FullCheapSummary-mean17/29,FullCheapSummary-mean17/29,True,-555.1571518439208,-0.04120788447223779,False,LOWER,4,"[307.8329609816525, 19.93141615372349, -1392.5823183112275, -1155.8106661998318]",2,2,0,False,JointRecovery（本文方法，JR；完整框架 STK 迁移）；seed17,JR-CheapSummary（简化表示消融）；两种子均值,JR-CheapSummary（简化表示消融）；两种子均值
test,quarter,FullCapacity-seed17,CHILS-p1,CHILS-p1,True,-30685.437491316454,-3.0012406649041803,False,LOWER,4,"[-30252.910994022986, -29756.26651917986, -31740.262749690817, -30992.309702372157]",0,4,0,False,JointRecovery（本文方法，JR；完整框架 STK 迁移）；seed17,CHILS-p1（SEA 2025 公开 MWIS 算法）,CHILS-p1（SEA 2025 公开 MWIS 算法）
test,quarter,FullCapacity-seed17,HiGHS-MILP,HiGHS-MILP,True,622.1134574693764,0.07056539702026887,True,HIGHER,4,"[1137.843936988851, 955.4059530978169, 219.31250460616624, 175.89143518467122]",4,0,0,False,JointRecovery（本文方法，JR；完整框架 STK 迁移）；seed17,HiGHS-MILP（通用 MILP 软件参照）,HiGHS-MILP（通用 MILP 软件参照）
test,quarter,FullCapacity-seed17,StrongCheapControl,FullCheapSummary-mean17/29,True,-555.1571518439208,-0.04120788447223779,False,LOWER,4,"[307.8329609816525, 19.93141615372349, -1392.5823183112275, -1155.8106661998318]",2,2,0,True,JointRecovery（本文方法，JR；完整框架 STK 迁移）；seed17,较强内部对照（描述性参照）,JR-CheapSummary（简化表示消融）；两种子均值
test,quarter,FullCapacity-seed29,FullGreedy,FullGreedy,True,-149.4849423765845,-0.00906935273305922,False,LOWER,4,"[41.76343320983386, -250.2460370303209, 465.3912658046465, -854.8484314904975]",2,2,0,False,JointRecovery（本文方法，JR；完整框架 STK 迁移）；seed29,Greedy-rank+CHILS（贪心请求排序内部对照）,Greedy-rank+CHILS（贪心请求排序内部对照）
test,quarter,FullCapacity-seed29,FullP1,FullP1,True,-297.67434706254176,-0.016911813689454762,False,LOWER,4,"[-412.89109659617924, -98.97462923597772, -245.9675904016865, -432.8640720163238]",0,4,0,False,JointRecovery（本文方法，JR；完整框架 STK 迁移）；seed29,Independent-replacement+CHILS（独立替代估计对照）,Independent-replacement+CHILS（独立替代估计对照）
test,quarter,FullCapacity-seed29,FullCheapSummary-seed17,FullCheapSummary-seed17,True,-484.6296141976683,-0.037903381098429494,False,LOWER,4,"[-240.20729090785602, 31.324074440829804, -547.0182620976508, -1182.6169782259967]",1,3,0,False,JointRecovery（本文方法，JR；完整框架 STK 迁移）；seed29,JR-CheapSummary（简化表示消融）；seed17,JR-CheapSummary（简化表示消融）；seed17
test,quarter,FullCapacity-seed29,FullCheapSummary-seed29,FullCheapSummary-seed29,True,-752.0717676530961,-0.0625937401746986,False,LOWER,4,"[-751.9909642575269, -885.0197930370341, -1153.1050137731559, -218.17129954466748]",0,4,0,False,JointRecovery（本文方法，JR；完整框架 STK 迁移）；seed29,JR-CheapSummary（简化表示消融）；seed29,JR-CheapSummary（简化表示消融）；seed29
test,quarter,FullCapacity-seed29,FullCheapSummary-mean17/29,FullCheapSummary-mean17/29,True,-618.3506909253823,-0.050248560636564056,False,LOWER,4,"[-496.09912758269155, -426.84785929810215, -850.0616379354034, -700.3941388853322]",0,4,0,False,JointRecovery（本文方法，JR；完整框架 STK 迁移）；seed29,JR-CheapSummary（简化表示消融）；两种子均值,JR-CheapSummary（简化表示消融）；两种子均值
test,quarter,FullCapacity-seed29,CHILS-p1,CHILS-p1,True,-30748.631030397915,-3.0102813410685068,False,LOWER,4,"[-31056.84308258733, -30203.045794631682, -31197.74206931499, -30536.89317505766]",0,4,0,False,JointRecovery（本文方法，JR；完整框架 STK 迁移）；seed29,CHILS-p1（SEA 2025 公开 MWIS 算法）,CHILS-p1（SEA 2025 公开 MWIS 算法）
test,quarter,FullCapacity-seed29,HiGHS-MILP,HiGHS-MILP,True,558.9199183879149,0.061524720855942606,True,HIGHER,4,"[333.911848424507, 508.62667764599126, 761.8331849819903, 631.3079624991709]",4,0,0,False,JointRecovery（本文方法，JR；完整框架 STK 迁移）；seed29,HiGHS-MILP（通用 MILP 软件参照）,HiGHS-MILP（通用 MILP 软件参照）
test,quarter,FullCapacity-seed29,StrongCheapControl,FullCheapSummary-mean17/29,True,-618.3506909253823,-0.050248560636564056,False,LOWER,4,"[-496.09912758269155, -426.84785929810215, -850.0616379354034, -700.3941388853322]",0,4,0,True,JointRecovery（本文方法，JR；完整框架 STK 迁移）；seed29,较强内部对照（描述性参照）,JR-CheapSummary（简化表示消融）；两种子均值
test,quarter,FullCapacity-mean17/29,FullGreedy,FullGreedy,True,-117.88817283585377,-0.004549014650896077,False,LOWER,4,"[443.7294774920059, -26.856399304408114, 194.1309256167345, -1082.5566951477474]",2,2,0,False,JointRecovery（本文方法，JR；完整框架 STK 迁移）；两种子均值,Greedy-rank+CHILS（贪心请求排序内部对照）,Greedy-rank+CHILS（贪心请求排序内部对照）
test,quarter,FullCapacity-mean17/29,FullP1,FullP1,True,-266.077577521811,-0.012391475607291619,False,LOWER,4,"[-10.92505231400719, 124.41500848993508, -517.2279305895985, -660.5723356735737]",1,3,0,False,JointRecovery（本文方法，JR；完整框架 STK 迁移）；两种子均值,Independent-replacement+CHILS（独立替代估计对照）,Independent-replacement+CHILS（独立替代估计对照）
test,quarter,FullCapacity-mean17/29,FullCheapSummary-seed17,FullCheapSummary-seed17,True,-453.0328446569375,-0.03338304301626635,False,LOWER,4,"[161.75875337431603, 254.7137121667426, -818.2786022855628, -1410.3252418832465]",2,2,0,False,JointRecovery（本文方法，JR；完整框架 STK 迁移）；两种子均值,JR-CheapSummary（简化表示消融）；seed17,JR-CheapSummary（简化表示消融）；seed17
test,quarter,FullCapacity-mean17/29,FullCheapSummary-seed29,FullCheapSummary-seed29,True,-720.4749981123654,-0.05807340209253546,False,LOWER,4,"[-350.0249199753549, -661.6301553111214, -1424.3653539610677, -445.87956320191734]",0,4,0,False,JointRecovery（本文方法，JR；完整框架 STK 迁移）；两种子均值,JR-CheapSummary（简化表示消融）；seed29,JR-CheapSummary（简化表示消融）；seed29
test,quarter,FullCapacity-mean17/29,FullCheapSummary-mean17/29,FullCheapSummary-mean17/29,True,-586.7539213846516,-0.04572822255440091,False,LOWER,4,"[-94.1330833005195, -203.45822157218936, -1121.3219781233154, -928.102402542582]",0,4,0,False,JointRecovery（本文方法，JR；完整框架 STK 迁移）；两种子均值,JR-CheapSummary（简化表示消融）；两种子均值,JR-CheapSummary（简化表示消融）；两种子均值
test,quarter,FullCapacity-mean17/29,CHILS-p1,CHILS-p1,True,-30717.034260857185,-3.0057610029863433,False,LOWER,4,"[-30654.87703830516, -29979.65615690577, -31469.002409502904, -30764.601438714908]",0,4,0,False,JointRecovery（本文方法，JR；完整框架 STK 迁移）；两种子均值,CHILS-p1（SEA 2025 公开 MWIS 算法）,CHILS-p1（SEA 2025 公开 MWIS 算法）
test,quarter,FullCapacity-mean17/29,HiGHS-MILP,HiGHS-MILP,True,590.5166879286456,0.06604505893810575,True,HIGHER,4,"[735.8778927066791, 732.016315371904, 490.57284479407826, 403.59969884192105]",4,0,0,False,JointRecovery（本文方法，JR；完整框架 STK 迁移）；两种子均值,HiGHS-MILP（通用 MILP 软件参照）,HiGHS-MILP（通用 MILP 软件参照）
test,quarter,FullCapacity-mean17/29,StrongCheapControl,FullCheapSummary-mean17/29,True,-586.7539213846516,-0.04572822255440091,False,LOWER,4,"[-94.1330833005195, -203.45822157218936, -1121.3219781233154, -928.102402542582]",0,4,0,True,JointRecovery（本文方法，JR；完整框架 STK 迁移）；两种子均值,较强内部对照（描述性参照）,JR-CheapSummary（简化表示消融）；两种子均值
test,half,FullCapacity-seed17,FullGreedy,FullGreedy,True,-1310.6281351442935,-0.12865042106991503,False,LOWER,4,"[-1509.2054603451593, -1530.3517018743441, -607.2017371771703, -1595.7536411805002]",0,4,0,False,JointRecovery（本文方法，JR；完整框架 STK 迁移）；seed17,Greedy-rank+CHILS（贪心请求排序内部对照）,Greedy-rank+CHILS（贪心请求排序内部对照）
test,half,FullCapacity-seed17,FullP1,FullP1,True,-996.403379389439,-0.09600487046849161,False,LOWER,4,"[-977.9776648626431, -1169.5576368457791, -447.07088327483507, -1391.0073325744986]",0,4,0,False,JointRecovery（本文方法，JR；完整框架 STK 迁移）；seed17,Independent-replacement+CHILS（独立替代估计对照）,Independent-replacement+CHILS（独立替代估计对照）
test,half,FullCapacity-seed17,FullCheapSummary-seed17,FullCheapSummary-seed17,True,-488.0494765187324,-0.0473247574949416,False,LOWER,4,"[-357.9784857548075, -428.36044930647284, -852.1655128739853, -313.6934581396636]",0,4,0,False,JointRecovery（本文方法，JR；完整框架 STK 迁移）；seed17,JR-CheapSummary（简化表示消融）；seed17,JR-CheapSummary（简化表示消融）；seed17
test,half,FullCapacity-seed17,FullCheapSummary-seed29,FullCheapSummary-seed29,True,-179.89694509590242,-0.022349750154644757,False,LOWER,4,"[-271.57638244181487, -582.6837599556504, 272.4743849688482, -137.8020229549923]",1,3,0,False,JointRecovery（本文方法，JR；完整框架 STK 迁移）；seed17,JR-CheapSummary（简化表示消融）；seed29,JR-CheapSummary（简化表示消融）；seed29
test,half,FullCapacity-seed17,FullCheapSummary-mean17/29,FullCheapSummary-mean17/29,True,-333.9732108073173,-0.03483725382479318,False,LOWER,4,"[-314.77743409831123, -505.5221046310616, -289.84556395256845, -225.74774054732796]",0,4,0,False,JointRecovery（本文方法，JR；完整框架 STK 迁移）；seed17,JR-CheapSummary（简化表示消融）；两种子均值,JR-CheapSummary（简化表示消融）；两种子均值
test,half,FullCapacity-seed17,CHILS-p1,CHILS-p1,True,-82567.8271565769,-8.11315140573235,False,LOWER,4,"[-82879.24417240047, -83068.64918961196, -82561.74710747547, -81761.6681568197]",0,4,0,False,JointRecovery（本文方法，JR；完整框架 STK 迁移）；seed17,CHILS-p1（SEA 2025 公开 MWIS 算法）,CHILS-p1（SEA 2025 公开 MWIS 算法）
test,half,FullCapacity-seed17,HiGHS-MILP,HiGHS-MILP,True,706.37660654593,0.06801070131629743,True,HIGHER,4,"[574.119139332363, 275.9987200735292, 1581.3258320484892, 394.06273472933873]",4,0,0,False,JointRecovery（本文方法，JR；完整框架 STK 迁移）；seed17,HiGHS-MILP（通用 MILP 软件参照）,HiGHS-MILP（通用 MILP 软件参照）
test,half,FullCapacity-seed17,StrongCheapControl,FullGreedy,True,-1310.6281351442935,-0.12865042106991503,False,LOWER,4,"[-1509.2054603451593, -1530.3517018743441, -607.2017371771703, -1595.7536411805002]",0,4,0,True,JointRecovery（本文方法，JR；完整框架 STK 迁移）；seed17,较强内部对照（描述性参照）,Greedy-rank+CHILS（贪心请求排序内部对照）
test,half,FullCapacity-seed29,FullGreedy,FullGreedy,True,-1731.726930163136,-0.1643171820961481,False,LOWER,4,"[-1749.4127512530151, -1806.3504219478734, -2188.5275692256596, -1182.6169782259967]",0,4,0,False,JointRecovery（本文方法，JR；完整框架 STK 迁移）；seed29,Greedy-rank+CHILS（贪心请求排序内部对照）,Greedy-rank+CHILS（贪心请求排序内部对照）
test,half,FullCapacity-seed29,FullP1,FullP1,True,-1417.5021744082817,-0.13167163149472472,False,LOWER,4,"[-1218.184955770499, -1445.5563569193084, -2028.3967153233243, -977.8706696199952]",0,4,0,False,JointRecovery（本文方法，JR；完整框架 STK 迁移）；seed29,Independent-replacement+CHILS（独立替代估计对照）,Independent-replacement+CHILS（独立替代估计对照）
test,half,FullCapacity-seed29,FullCheapSummary-seed17,FullCheapSummary-seed17,True,-909.148271537575,-0.08299151852117469,False,LOWER,4,"[-598.1857766626636, -704.3591693800021, -2433.4913449224746, 99.44320481483976]",1,3,0,False,JointRecovery（本文方法，JR；完整框架 STK 迁移）；seed29,JR-CheapSummary（简化表示消融）；seed17,JR-CheapSummary（简化表示消融）；seed17
test,half,FullCapacity-seed29,FullCheapSummary-seed29,FullCheapSummary-seed29,True,-600.9957401147451,-0.05801651118087785,False,LOWER,4,"[-511.7836733496709, -858.6824800291797, -1308.851447079641, 275.33463999951107]",1,3,0,False,JointRecovery（本文方法，JR；完整框架 STK 迁移）；seed29,JR-CheapSummary（简化表示消融）；seed29,JR-CheapSummary（简化表示消融）；seed29
test,half,FullCapacity-seed29,FullCheapSummary-mean17/29,FullCheapSummary-mean17/29,True,-755.07200582616,-0.07050401485102627,False,LOWER,4,"[-554.9847250061673, -781.5208247045908, -1871.1713960010577, 187.38892240717541]",1,3,0,False,JointRecovery（本文方法，JR；完整框架 STK 迁移）；seed29,JR-CheapSummary（简化表示消融）；两种子均值,JR-CheapSummary（简化表示消融）；两种子均值
test,half,FullCapacity-seed29,CHILS-p1,CHILS-p1,True,-82988.92595159574,-8.148818166758582,False,LOWER,4,"[-83119.45146330833, -83344.64790968549, -84143.07293952396, -81348.53149386519]",0,4,0,False,JointRecovery（本文方法，JR；完整框架 STK 迁移）；seed29,CHILS-p1（SEA 2025 公开 MWIS 算法）,CHILS-p1（SEA 2025 公开 MWIS 算法）
test,half,FullCapacity-seed29,HiGHS-MILP,HiGHS-MILP,True,285.2778115270873,0.032343940290064335,True,HIGHER,4,"[333.911848424507, 0.0, 0.0, 807.1993976838421]",2,0,2,False,JointRecovery（本文方法，JR；完整框架 STK 迁移）；seed29,HiGHS-MILP（通用 MILP 软件参照）,HiGHS-MILP（通用 MILP 软件参照）
test,half,FullCapacity-seed29,StrongCheapControl,FullGreedy,True,-1731.726930163136,-0.1643171820961481,False,LOWER,4,"[-1749.4127512530151, -1806.3504219478734, -2188.5275692256596, -1182.6169782259967]",0,4,0,True,JointRecovery（本文方法，JR；完整框架 STK 迁移）；seed29,较强内部对照（描述性参照）,Greedy-rank+CHILS（贪心请求排序内部对照）
test,half,FullCapacity-mean17/29,FullGreedy,FullGreedy,True,-1521.1775326537147,-0.14648380158303156,False,LOWER,4,"[-1629.309105799087, -1668.351061911109, -1397.864653201415, -1389.1853097032485]",0,4,0,False,JointRecovery（本文方法，JR；完整框架 STK 迁移）；两种子均值,Greedy-rank+CHILS（贪心请求排序内部对照）,Greedy-rank+CHILS（贪心请求排序内部对照）
test,half,FullCapacity-mean17/29,FullP1,FullP1,True,-1206.9527768988603,-0.11383825098160816,False,LOWER,4,"[-1098.081310316571, -1307.556996882544, -1237.7337992990797, -1184.439001097247]",0,4,0,False,JointRecovery（本文方法，JR；完整框架 STK 迁移）；两种子均值,Independent-replacement+CHILS（独立替代估计对照）,Independent-replacement+CHILS（独立替代估计对照）
test,half,FullCapacity-mean17/29,FullCheapSummary-seed17,FullCheapSummary-seed17,True,-698.5988740281537,-0.06515813800805814,False,LOWER,4,"[-478.08213120873546, -566.3598093432374, -1642.82842889823, -107.12512666241196]",0,4,0,False,JointRecovery（本文方法，JR；完整框架 STK 迁移）；两种子均值,JR-CheapSummary（简化表示消融）；seed17,JR-CheapSummary（简化表示消融）；seed17
test,half,FullCapacity-mean17/29,FullCheapSummary-seed29,FullCheapSummary-seed29,True,-390.44634260532376,-0.04018313066776131,False,LOWER,4,"[-391.68002789574285, -720.6831199924151, -518.1885310553964, 68.76630852225935]",1,3,0,False,JointRecovery（本文方法，JR；完整框架 STK 迁移）；两种子均值,JR-CheapSummary（简化表示消融）；seed29,JR-CheapSummary（简化表示消融）；seed29
test,half,FullCapacity-mean17/29,FullCheapSummary-mean17/29,FullCheapSummary-mean17/29,True,-544.5226083167386,-0.05267063433790973,False,LOWER,4,"[-434.8810795522392, -643.5214646678262, -1080.508479976813, -19.179409070076304]",0,4,0,False,JointRecovery（本文方法，JR；完整框架 STK 迁移）；两种子均值,JR-CheapSummary（简化表示消融）；两种子均值,JR-CheapSummary（简化表示消融）；两种子均值
test,half,FullCapacity-mean17/29,CHILS-p1,CHILS-p1,True,-82778.37655408632,-8.130984786245465,False,LOWER,4,"[-82999.3478178544, -83206.64854964873, -83352.41002349972, -81555.09982534243]",0,4,0,False,JointRecovery（本文方法，JR；完整框架 STK 迁移）；两种子均值,CHILS-p1（SEA 2025 公开 MWIS 算法）,CHILS-p1（SEA 2025 公开 MWIS 算法）
test,half,FullCapacity-mean17/29,HiGHS-MILP,HiGHS-MILP,True,495.8272090365087,0.05017732080318087,True,HIGHER,4,"[454.01549387843505, 137.9993600367646, 790.6629160242446, 600.6310662065904]",4,0,0,False,JointRecovery（本文方法，JR；完整框架 STK 迁移）；两种子均值,HiGHS-MILP（通用 MILP 软件参照）,HiGHS-MILP（通用 MILP 软件参照）
test,half,FullCapacity-mean17/29,StrongCheapControl,FullGreedy,True,-1521.1775326537147,-0.14648380158303156,False,LOWER,4,"[-1629.309105799087, -1668.351061911109, -1397.864653201415, -1389.1853097032485]",0,4,0,True,JointRecovery（本文方法，JR；完整框架 STK 迁移）；两种子均值,较强内部对照（描述性参照）,Greedy-rank+CHILS（贪心请求排序内部对照）
test,wide,FullCapacity-seed17,FullGreedy,FullGreedy,True,-800.3599371025389,-0.072243496410757,False,LOWER,4,"[-649.1996478681685, -381.3798768240183, -1280.386331149319, -890.4738925686495]",0,4,0,False,JointRecovery（本文方法，JR；完整框架 STK 迁移）；seed17,Greedy-rank+CHILS（贪心请求排序内部对照）,Greedy-rank+CHILS（贪心请求排序内部对照）
test,wide,FullCapacity-seed17,FullP1,FullP1,True,32.03532853359252,0.009225002476290739,True,HIGHER,4,"[333.79627496832586, 462.3364434557152, -353.9247105431666, -314.06669374650437]",2,2,0,False,JointRecovery（本文方法，JR；完整框架 STK 迁移）；seed17,Independent-replacement+CHILS（独立替代估计对照）,Independent-replacement+CHILS（独立替代估计对照）
test,wide,FullCapacity-seed17,FullCheapSummary-seed17,FullCheapSummary-seed17,True,390.5646366577955,0.036433123659411926,True,HIGHER,4,"[341.04503549216315, 0.0, 606.0867516755047, 615.1267594635137]",3,0,1,False,JointRecovery（本文方法，JR；完整框架 STK 迁移）；seed17,JR-CheapSummary（简化表示消融）；seed17,JR-CheapSummary（简化表示消融）；seed17
test,wide,FullCapacity-seed17,FullCheapSummary-seed29,FullCheapSummary-seed29,True,266.72505409370456,0.024712138156392227,True,HIGHER,4,"[743.9165425686515, 0.0, 0.0, 322.9836738061663]",2,0,2,False,JointRecovery（本文方法，JR；完整框架 STK 迁移）；seed17,JR-CheapSummary（简化表示消融）；seed29,JR-CheapSummary（简化表示消融）；seed29
test,wide,FullCapacity-seed17,FullCheapSummary-mean17/29,FullCheapSummary-mean17/29,True,328.64484537575004,0.030572630907902076,True,HIGHER,4,"[542.4807890304073, 0.0, 303.04337583775236, 469.05521663484]",3,0,1,False,JointRecovery（本文方法，JR；完整框架 STK 迁移）；seed17,JR-CheapSummary（简化表示消融）；两种子均值,JR-CheapSummary（简化表示消融）；两种子均值
test,wide,FullCapacity-seed17,CHILS-p1,CHILS-p1,True,-83088.89145460766,-8.156199375142483,False,LOWER,4,"[-83435.9273737825, -83185.29783468333, -83930.38640636782, -81803.95420359701]",0,4,0,False,JointRecovery（本文方法，JR；完整框架 STK 迁移）；seed17,CHILS-p1（SEA 2025 公开 MWIS 算法）,CHILS-p1（SEA 2025 公开 MWIS 算法）
test,wide,FullCapacity-seed17,HiGHS-MILP,HiGHS-MILP,True,1855.6135321768816,0.18536432926323976,True,HIGHER,4,"[2178.041494378005, 1907.8928003750236, 1674.4720047801577, 1662.0478291743395]",4,0,0,False,JointRecovery（本文方法，JR；完整框架 STK 迁移）；seed17,HiGHS-MILP（通用 MILP 软件参照）,HiGHS-MILP（通用 MILP 软件参照）
test,wide,FullCapacity-seed17,StrongCheapControl,FullGreedy,True,-800.3599371025389,-0.072243496410757,False,LOWER,4,"[-649.1996478681685, -381.3798768240183, -1280.386331149319, -890.4738925686495]",0,4,0,True,JointRecovery（本文方法，JR；完整框架 STK 迁移）；seed17,较强内部对照（描述性参照）,Greedy-rank+CHILS（贪心请求排序内部对照）
test,wide,FullCapacity-seed29,FullGreedy,FullGreedy,True,-947.7728876754943,-0.08644734963018563,False,LOWER,4,"[-397.6251879568249, -381.3798768240183, -1798.628919546318, -1213.4575663748158]",0,4,0,False,JointRecovery（本文方法，JR；完整框架 STK 迁移）；seed29,Greedy-rank+CHILS（贪心请求排序内部对照）,Greedy-rank+CHILS（贪心请求排序内部对照）
test,wide,FullCapacity-seed29,FullP1,FullP1,True,-115.3776220393629,-0.0049788507431378914,False,LOWER,4,"[585.3707348796695, 462.3364434557152, -872.1672989401657, -637.0503675526707]",2,2,0,False,JointRecovery（本文方法，JR；完整框架 STK 迁移）；seed29,Independent-replacement+CHILS（独立替代估计对照）,Independent-replacement+CHILS（独立替代估计对照）
test,wide,FullCapacity-seed29,FullCheapSummary-seed17,FullCheapSummary-seed17,True,243.1516860848401,0.022229270439983295,True,HIGHER,4,"[592.6194954035068, 0.0, 87.84416327850568, 292.14308565734746]",3,0,1,False,JointRecovery（本文方法，JR；完整框架 STK 迁移）；seed29,JR-CheapSummary（简化表示消融）；seed17,JR-CheapSummary（简化表示消融）；seed17
test,wide,FullCapacity-seed29,FullCheapSummary-seed29,FullCheapSummary-seed29,True,119.31210352074913,0.010508284936963597,True,HIGHER,4,"[995.4910024799951, 0.0, -518.242588396999, 0.0]",1,1,2,False,JointRecovery（本文方法，JR；完整框架 STK 迁移）；seed29,JR-CheapSummary（简化表示消融）；seed29,JR-CheapSummary（简化表示消融）；seed29
test,wide,FullCapacity-seed29,FullCheapSummary-mean17/29,FullCheapSummary-mean17/29,True,181.2318948027946,0.016368777688473446,True,HIGHER,4,"[794.055248941751, 0.0, -215.1992125592467, 146.07154282867373]",2,1,1,False,JointRecovery（本文方法，JR；完整框架 STK 迁移）；seed29,JR-CheapSummary（简化表示消融）；两种子均值,JR-CheapSummary（简化表示消融）；两种子均值
test,wide,FullCapacity-seed29,CHILS-p1,CHILS-p1,True,-83236.3044051806,-8.170403228361913,False,LOWER,4,"[-83184.35291387116, -83185.29783468333, -84448.62899476482, -82126.93787740316]",0,4,0,False,JointRecovery（本文方法，JR；完整框架 STK 迁移）；seed29,CHILS-p1（SEA 2025 公开 MWIS 算法）,CHILS-p1（SEA 2025 公开 MWIS 算法）
test,wide,FullCapacity-seed29,HiGHS-MILP,HiGHS-MILP,True,1708.2005816039261,0.17116047604381113,True,HIGHER,4,"[2429.615954289349, 1907.8928003750236, 1156.2294163831587, 1339.0641553681733]",4,0,0,False,JointRecovery（本文方法，JR；完整框架 STK 迁移）；seed29,HiGHS-MILP（通用 MILP 软件参照）,HiGHS-MILP（通用 MILP 软件参照）
test,wide,FullCapacity-seed29,StrongCheapControl,FullGreedy,True,-947.7728876754943,-0.08644734963018563,False,LOWER,4,"[-397.6251879568249, -381.3798768240183, -1798.628919546318, -1213.4575663748158]",0,4,0,True,JointRecovery（本文方法，JR；完整框架 STK 迁移）；seed29,较强内部对照（描述性参照）,Greedy-rank+CHILS（贪心请求排序内部对照）
test,wide,FullCapacity-mean17/29,FullGreedy,FullGreedy,True,-874.0664123890167,-0.07934542302047132,False,LOWER,4,"[-523.412417912497, -381.3798768240183, -1539.5076253478185, -1051.9657294717326]",0,4,0,False,JointRecovery（本文方法，JR；完整框架 STK 迁移）；两种子均值,Greedy-rank+CHILS（贪心请求排序内部对照）,Greedy-rank+CHILS（贪心请求排序内部对照）
test,wide,FullCapacity-mean17/29,FullP1,FullP1,True,-41.671146752885306,0.0021230758665764238,False,LOWER,4,"[459.58350492399745, 462.3364434557152, -613.0460047416661, -475.5585306495875]",2,2,0,False,JointRecovery（本文方法，JR；完整框架 STK 迁移）；两种子均值,Independent-replacement+CHILS（独立替代估计对照）,Independent-replacement+CHILS（独立替代估计对照）
test,wide,FullCapacity-mean17/29,FullCheapSummary-seed17,FullCheapSummary-seed17,True,316.8581613713177,0.02933119704969761,True,HIGHER,4,"[466.83226544783474, 0.0, 346.9654574770052, 453.6349225604306]",3,0,1,False,JointRecovery（本文方法，JR；完整框架 STK 迁移）；两种子均值,JR-CheapSummary（简化表示消融）；seed17,JR-CheapSummary（简化表示消融）；seed17
test,wide,FullCapacity-mean17/29,FullCheapSummary-seed29,FullCheapSummary-seed29,True,193.01857880722673,0.017610211546677912,True,HIGHER,4,"[869.7037725243231, 0.0, -259.1212941984995, 161.49183690308314]",2,1,1,False,JointRecovery（本文方法，JR；完整框架 STK 迁移）；两种子均值,JR-CheapSummary（简化表示消融）；seed29,JR-CheapSummary（简化表示消融）；seed29
test,wide,FullCapacity-mean17/29,FullCheapSummary-mean17/29,FullCheapSummary-mean17/29,True,254.9383700892722,0.02347070429818776,True,HIGHER,4,"[668.2680189860789, 0.0, 43.92208163925284, 307.56337973175687]",3,0,1,False,JointRecovery（本文方法，JR；完整框架 STK 迁移）；两种子均值,JR-CheapSummary（简化表示消融）；两种子均值,JR-CheapSummary（简化表示消融）；两种子均值
test,wide,FullCapacity-mean17/29,CHILS-p1,CHILS-p1,True,-83162.59792989414,-8.163301301752199,False,LOWER,4,"[-83310.14014382682, -83185.29783468333, -84189.50770056632, -81965.44604050009]",0,4,0,False,JointRecovery（本文方法，JR；完整框架 STK 迁移）；两种子均值,CHILS-p1（SEA 2025 公开 MWIS 算法）,CHILS-p1（SEA 2025 公开 MWIS 算法）
test,wide,FullCapacity-mean17/29,HiGHS-MILP,HiGHS-MILP,True,1781.9070568904037,0.17826240265352544,True,HIGHER,4,"[2303.8287243336767, 1907.8928003750236, 1415.3507105816582, 1500.5559922712564]",4,0,0,False,JointRecovery（本文方法，JR；完整框架 STK 迁移）；两种子均值,HiGHS-MILP（通用 MILP 软件参照）,HiGHS-MILP（通用 MILP 软件参照）
test,wide,FullCapacity-mean17/29,StrongCheapControl,FullGreedy,True,-874.0664123890167,-0.07934542302047132,False,LOWER,4,"[-523.412417912497, -381.3798768240183, -1539.5076253478185, -1051.9657294717326]",0,4,0,True,JointRecovery（本文方法，JR；完整框架 STK 迁移）；两种子均值,较强内部对照（描述性参照）,Greedy-rank+CHILS（贪心请求排序内部对照）
