phase,budget_id,policy_label,deadline_seconds,physical_source_count,seed_count,grid_complete,declared_cells,received_cells,failure_or_unknown_count,execution_failed_stop_count,observed_late_count,unknown_late_status_count,initial_S_seconds,strict_return_objective_seconds,strict_gain_seconds,strict_gain_percent,strict_prefix_seconds,strict_beyond_prefix_seconds,caller_seconds,observed_return_objective_seconds,observed_actual_gain_seconds,usable_rate,on_time_rate,submission_failure_or_unknown_rate,execution_failed_stop_rate,observed_late_rate,unknown_late_status_rate,method_display,method_display_en,method_role
validation,quarter,FullCapacity-seed17,0.9747309919819234,2,1,True,12,12,0,0,9,0,1044740.0993502066,1045116.5280971476,376.42874694109196,0.04665641617851603,364.8143564655911,11.61439047550084,0.9852813833082715,1046834.873903011,2094.774552804612,1.0,0.25,0.0,0.0,0.75,0.0,JointRecovery（本文方法，JR；完整框架 STK 迁移）；seed17,"JointRecovery (JR, ours); seed17",PROPOSED_FULL_FRAMEWORK
validation,quarter,FullCapacity-seed29,0.9747309919819234,2,1,True,12,12,0,0,8,0,1044740.0993502066,1045706.0332856326,965.9339354261756,0.09961954492722883,558.1680182429458,407.7659171832299,0.9820587551221251,1046834.0956662071,2093.996316000625,1.0,0.3333333333333333,0.0,0.0,0.6666666666666667,0.0,JointRecovery（本文方法，JR；完整框架 STK 迁移）；seed29,"JointRecovery (JR, ours); seed29",PROPOSED_FULL_FRAMEWORK
validation,quarter,FullCheapSummary-seed17,0.9747309919819234,2,1,True,12,12,0,0,9,0,1044740.0993502066,1045288.1996917038,548.100341497348,0.06226953635302482,400.67858830342686,147.42175319392118,0.9840206361065309,1046916.2549171732,2176.1555669665977,1.0,0.25,0.0,0.0,0.75,0.0,JR-CheapSummary（简化表示消融）；seed17,JR-CheapSummary; seed17,SIMPLIFIED_REPRESENTATION_ABLATION
validation,quarter,FullCheapSummary-seed29,0.9747309919819234,2,1,True,12,12,0,0,10,0,1044740.0993502066,1045181.8219940027,441.72264379617025,0.04766205078374416,327.494808339087,114.22783545708323,0.9866850820059578,1046878.7818789736,2138.682528767182,1.0,0.16666666666666666,0.0,0.0,0.8333333333333334,0.0,JR-CheapSummary（简化表示消融）；seed29,JR-CheapSummary; seed29,SIMPLIFIED_REPRESENTATION_ABLATION
validation,quarter,FullP1,0.9747309919819234,2,1,True,12,12,0,0,7,0,1044740.0993502066,1045595.3482814671,855.2489312605273,0.08073937710015179,853.5149948486942,1.7339364118330802,0.9097290082524221,1046379.897997964,1639.798647757542,1.0,0.41666666666666663,0.0,0.0,0.5833333333333333,0.0,Independent-replacement+CHILS（独立替代估计对照）,Independent-replacement+CHILS,INTERNAL_INDEPENDENT_REPLACEMENT_CONTROL
validation,quarter,FullGreedy,0.9747309919819234,2,1,True,12,12,0,0,7,0,1044740.0993502066,1045741.4225172505,1001.3231670441164,0.10339036010991048,679.1995476588684,322.123619385248,0.9759840220212936,1047112.3250457032,2372.225695496697,1.0,0.41666666666666663,0.0,0.0,0.5833333333333333,0.0,Greedy-rank+CHILS（贪心请求排序内部对照）,Greedy-rank+CHILS,INTERNAL_GREEDY_REQUEST_RANKING
validation,quarter,CHILS-p1,0.9747309919819234,2,1,True,12,12,0,8,0,0,1044740.0993502066,1075329.1517901784,30589.052439971838,2.9922155341772285,0.0,30589.052439971838,0.8929465838397543,1075329.1517901784,30589.052439971838,1.0,1.0,0.0,0.6666666666666666,0.0,0.0,CHILS-p1（SEA 2025 公开 MWIS 算法）,CHILS-p1 (SEA 2025),PUBLISHED_MWIS_BASELINE
validation,quarter,HiGHS-MILP,0.9747309919819234,2,1,True,12,12,0,0,12,0,1044740.0993502066,1044740.0993502066,0.0,0.0,0.0,0.0,0.9925462252770861,1044740.0993502066,0.0,1.0,0.0,0.0,0.0,1.0,0.0,HiGHS-MILP（通用 MILP 软件参照）,HiGHS (generic MILP),GENERIC_MILP_SOFTWARE_REFERENCE
validation,quarter,FullCapacity-mean17/29,0.9747309919819234,2,2,True,24,24,0,0,17,0,1044740.0993502066,1045411.2806913902,671.1813411836338,0.07313798055287243,461.49118735426845,209.69015382936536,0.9836700692151983,1046834.484784609,2094.3854344026186,1.0,0.29166666666666663,0.0,0.0,0.7083333333333333,0.0,JointRecovery（本文方法，JR；完整框架 STK 迁移）；两种子均值,"JointRecovery (JR, ours); 2-seed mean",PROPOSED_FULL_FRAMEWORK
validation,quarter,FullCheapSummary-mean17/29,0.9747309919819234,2,2,True,24,24,0,0,19,0,1044740.0993502066,1045235.0108428532,494.91149264675914,0.05496579356838449,364.08669832125696,130.8247943255022,0.9853528590562444,1046897.5183980733,2157.4190478668897,1.0,0.20833333333333331,0.0,0.0,0.7916666666666667,0.0,JR-CheapSummary（简化表示消融）；两种子均值,JR-CheapSummary; 2-seed mean,SIMPLIFIED_REPRESENTATION_ABLATION
validation,half,FullCapacity-seed17,1.9494619839638467,2,1,True,12,12,0,0,9,0,1044740.0993502066,1045487.0935886565,746.99423844993,0.08315799538241418,436.84461427708936,310.1496241728406,1.954788877007862,1047131.7196093807,2391.620259174194,1.0,0.25,0.0,0.0,0.75,0.0,JointRecovery（本文方法，JR；完整框架 STK 迁移）；seed17,"JointRecovery (JR, ours); seed17",PROPOSED_FULL_FRAMEWORK
validation,half,FullCapacity-seed29,1.9494619839638467,2,1,True,12,12,0,0,12,0,1044740.0993502066,1044740.0993502066,0.0,0.0,0.0,0.0,1.9679150090863307,1047133.6272394795,2393.527889273042,1.0,0.0,0.0,0.0,1.0,0.0,JointRecovery（本文方法，JR；完整框架 STK 迁移）；seed29,"JointRecovery (JR, ours); seed29",PROPOSED_FULL_FRAMEWORK
validation,half,FullCheapSummary-seed17,1.9494619839638467,2,1,True,12,12,0,0,7,0,1044740.0993502066,1045865.1966990562,1125.0973488497743,0.11217039368835495,690.6909197270288,434.4064291227454,1.9531278163194656,1047150.9549934419,2410.855643235457,1.0,0.41666666666666663,0.0,0.0,0.5833333333333333,0.0,JR-CheapSummary（简化表示消融）；seed17,JR-CheapSummary; seed17,SIMPLIFIED_REPRESENTATION_ABLATION
validation,half,FullCheapSummary-seed29,1.9494619839638467,2,1,True,12,12,0,0,8,0,1044740.0993502066,1045538.8135427365,798.7141925298589,0.07904613454397745,512.3076030943388,286.4065894355202,1.9290998500461378,1047139.7476279503,2399.6482777437873,1.0,0.3333333333333333,0.0,0.0,0.6666666666666666,0.0,JR-CheapSummary（简化表示消融）；seed29,JR-CheapSummary; seed29,SIMPLIFIED_REPRESENTATION_ABLATION
validation,half,FullP1,1.9494619839638467,2,1,True,12,12,0,0,2,0,1044740.0993502066,1046163.6113630472,1423.5120128406948,0.14085024347888533,1414.5641135707847,8.947899269910218,1.3531447891145945,1046407.0697519769,1666.9704017703577,1.0,0.8333333333333334,0.0,0.0,0.16666666666666666,0.0,Independent-replacement+CHILS（独立替代估计对照）,Independent-replacement+CHILS,INTERNAL_INDEPENDENT_REPLACEMENT_CONTROL
validation,half,FullGreedy,1.9494619839638467,2,1,True,12,12,0,0,1,0,1044740.0993502066,1047033.841954496,2293.742604289456,0.2264531221135538,1503.168716724865,790.5738875645911,1.443957798803846,1047188.6957402716,2448.5963900650386,1.0,0.9166666666666667,0.0,0.0,0.08333333333333333,0.0,Greedy-rank+CHILS（贪心请求排序内部对照）,Greedy-rank+CHILS,INTERNAL_GREEDY_REQUEST_RANKING
validation,half,CHILS-p1,1.9494619839638467,2,1,True,12,12,0,0,0,0,1044740.0993502066,1127155.524336718,82415.42498651151,8.085140083605825,0.0,82415.42498651151,1.6603082350144784,1127155.524336718,82415.42498651151,1.0,1.0,0.0,0.0,0.0,0.0,CHILS-p1（SEA 2025 公开 MWIS 算法）,CHILS-p1 (SEA 2025),PUBLISHED_MWIS_BASELINE
validation,half,HiGHS-MILP,1.9494619839638467,2,1,True,12,12,0,0,12,0,1044740.0993502066,1044740.0993502066,0.0,0.0,0.0,0.0,1.9662159730990727,1044740.0993502066,0.0,1.0,0.0,0.0,0.0,1.0,0.0,HiGHS-MILP（通用 MILP 软件参照）,HiGHS (generic MILP),GENERIC_MILP_SOFTWARE_REFERENCE
validation,half,FullCapacity-mean17/29,1.9494619839638467,2,2,True,24,24,0,0,21,0,1044740.0993502066,1045113.5964694314,373.497119224965,0.04157899769120709,218.42230713854468,155.0748120864203,1.9613519430470965,1047132.6734244301,2392.574074223618,1.0,0.125,0.0,0.0,0.875,0.0,JointRecovery（本文方法，JR；完整框架 STK 迁移）；两种子均值,"JointRecovery (JR, ours); 2-seed mean",PROPOSED_FULL_FRAMEWORK
validation,half,FullCheapSummary-mean17/29,1.9494619839638467,2,2,True,24,24,0,0,15,0,1044740.0993502066,1045702.0051208964,961.9057706898166,0.09560826411616619,601.4992614106837,360.40650927913276,1.941113833182802,1047145.3513106961,2405.2519604896224,1.0,0.375,0.0,0.0,0.625,0.0,JR-CheapSummary（简化表示消融）；两种子均值,JR-CheapSummary; 2-seed mean,SIMPLIFIED_REPRESENTATION_ABLATION
validation,wide,FullCapacity-seed17,3.8989239679276935,2,1,True,12,12,0,0,4,0,1044740.0993502066,1046480.7812018562,1740.6818516497929,0.1759501667942798,1082.4591389510315,658.2227126987611,3.218746285264691,1047164.6475516516,2424.548201445122,1.0,0.6666666666666666,0.0,0.0,0.3333333333333333,0.0,JointRecovery（本文方法，JR；完整框架 STK 迁移）；seed17,"JointRecovery (JR, ours); seed17",PROPOSED_FULL_FRAMEWORK
validation,wide,FullCapacity-seed29,3.8989239679276935,2,1,True,12,12,0,0,5,0,1044740.0993502066,1046244.321540857,1504.2221906505388,0.15654596093760298,895.8284693491102,608.3937213014287,3.7832334615911045,1047259.1246770395,2519.0253268329643,1.0,0.5833333333333333,0.0,0.0,0.41666666666666663,0.0,JointRecovery（本文方法，JR；完整框架 STK 迁移）；seed29,"JointRecovery (JR, ours); seed29",PROPOSED_FULL_FRAMEWORK
validation,wide,FullCheapSummary-seed17,3.8989239679276935,2,1,True,12,12,0,0,4,0,1044740.0993502066,1046387.3599714859,1647.260621279381,0.16665239616877872,1082.4591389510315,564.8014823283495,3.61357279929022,1047071.2263212812,2331.1269710747097,1.0,0.6666666666666666,0.0,0.0,0.3333333333333333,0.0,JR-CheapSummary（简化表示消融）；seed17,JR-CheapSummary; seed17,SIMPLIFIED_REPRESENTATION_ABLATION
validation,wide,FullCheapSummary-seed29,3.8989239679276935,2,1,True,12,12,0,0,5,0,1044740.0993502066,1046257.4905472461,1517.3911970396293,0.15669652231316833,975.180023198792,542.2111738408373,3.460729124955833,1047071.2263212812,2331.1269710747097,1.0,0.5833333333333333,0.0,0.0,0.41666666666666663,0.0,JR-CheapSummary（简化表示消融）；seed29,JR-CheapSummary; seed29,SIMPLIFIED_REPRESENTATION_ABLATION
validation,wide,FullP1,3.8989239679276935,2,1,True,12,12,0,0,0,0,1044740.0993502066,1046407.0697519769,1666.9704017703577,0.16160355060380588,1638.064711345709,28.905690424648736,2.0267576857780414,1046407.0697519769,1666.9704017703577,1.0,1.0,0.0,0.0,0.0,0.0,Independent-replacement+CHILS（独立替代估计对照）,Independent-replacement+CHILS,INTERNAL_INDEPENDENT_REPLACEMENT_CONTROL
validation,wide,FullGreedy,3.8989239679276935,2,1,True,12,12,0,0,0,0,1044740.0993502066,1047188.6957402716,2448.5963900650386,0.23834568294755443,1638.064711345709,810.5316787193296,1.7493864819407463,1047188.6957402716,2448.5963900650386,1.0,1.0,0.0,0.0,0.0,0.0,Greedy-rank+CHILS（贪心请求排序内部对照）,Greedy-rank+CHILS,INTERNAL_GREEDY_REQUEST_RANKING
validation,wide,CHILS-p1,3.8989239679276935,2,1,True,12,12,0,0,0,0,1044740.0993502066,1128860.7844115961,84120.68506138961,8.252147342080848,0.0,84120.68506138961,3.0224731670071683,1128860.7844115961,84120.68506138961,1.0,1.0,0.0,0.0,0.0,0.0,CHILS-p1（SEA 2025 公开 MWIS 算法）,CHILS-p1 (SEA 2025),PUBLISHED_MWIS_BASELINE
validation,wide,HiGHS-MILP,3.8989239679276935,2,1,True,12,12,0,0,7,0,1044740.0993502066,1044740.0993502066,0.0,0.0,0.0,0.0,3.923508232459426,1044740.0993502066,0.0,1.0,0.41666666666666663,0.0,0.0,0.5833333333333333,0.0,HiGHS-MILP（通用 MILP 软件参照）,HiGHS (generic MILP),GENERIC_MILP_SOFTWARE_REFERENCE
validation,wide,FullCapacity-mean17/29,3.8989239679276935,2,2,True,24,24,0,0,9,0,1044740.0993502066,1046362.5513713567,1622.4520211501658,0.16624806386594138,989.1438041500708,633.3082170000949,3.5009898734278977,1047211.8861143456,2471.786764139043,1.0,0.625,0.0,0.0,0.375,0.0,JointRecovery（本文方法，JR；完整框架 STK 迁移）；两种子均值,"JointRecovery (JR, ours); 2-seed mean",PROPOSED_FULL_FRAMEWORK
validation,wide,FullCheapSummary-mean17/29,3.8989239679276935,2,2,True,24,24,0,0,9,0,1044740.0993502066,1046322.425259366,1582.325909159505,0.1616744592409735,1028.8195810749116,553.5063280845934,3.537150962123026,1047071.2263212812,2331.1269710747097,1.0,0.625,0.0,0.0,0.375,0.0,JR-CheapSummary（简化表示消融）；两种子均值,JR-CheapSummary; 2-seed mean,SIMPLIFIED_REPRESENTATION_ABLATION
test,quarter,FullCapacity-seed17,0.9747309919819234,4,1,True,24,24,0,0,16,0,1043947.7949179278,1044569.9083753971,622.1134574693764,0.07056539702026887,457.90625527578715,164.20720219358918,0.9841886570987602,1046067.0449602982,2119.2500423704237,1.0,0.3333333333333333,0.0,0.0,0.6666666666666667,0.0,JointRecovery（本文方法，JR；完整框架 STK 迁移）；seed17,"JointRecovery (JR, ours); seed17",PROPOSED_FULL_FRAMEWORK
test,quarter,FullCapacity-seed29,0.9747309919819234,4,1,True,24,24,0,0,19,0,1043947.7949179278,1044506.7148363157,558.9199183879149,0.061524720855942606,354.20282831165724,204.7170900762576,0.9858533575509986,1046325.4278311462,2377.6329132184283,1.0,0.20833333333333331,0.0,0.0,0.7916666666666667,0.0,JointRecovery（本文方法，JR；完整框架 STK 迁移）；seed29,"JointRecovery (JR, ours); seed29",PROPOSED_FULL_FRAMEWORK
test,quarter,FullCheapSummary-seed17,0.9747309919819234,4,1,True,24,24,0,0,17,0,1043947.7949179278,1044991.3444505134,1043.5495325855832,0.0994281019543721,713.7569305643265,329.79260202125687,0.9815887724980712,1046476.6568647715,2528.8619468437637,1.0,0.29166666666666663,0.0,0.0,0.7083333333333334,0.0,JR-CheapSummary（简化表示消融）；seed17,JR-CheapSummary; seed17,SIMPLIFIED_REPRESENTATION_ABLATION
test,quarter,FullCheapSummary-seed29,0.9747309919819234,4,1,True,24,24,0,0,14,0,1043947.7949179278,1045258.7866039688,1310.991686041011,0.12411846103064121,885.8250654257863,425.1666206152246,0.9783202945254743,1046511.228608826,2563.4336908981786,1.0,0.41666666666666663,0.0,0.0,0.5833333333333333,0.0,JR-CheapSummary（简化表示消融）；seed29,JR-CheapSummary; seed29,SIMPLIFIED_REPRESENTATION_ABLATION
test,quarter,FullP1,0.9747309919819234,4,1,True,24,24,0,0,13,0,1043947.7949179278,1044804.3891833782,856.5942654504566,0.07843653454539737,856.5942654504566,0.0,0.8914323742501438,1045754.339763821,1806.5448458932078,1.0,0.4583333333333333,0.0,0.0,0.5416666666666666,0.0,Independent-replacement+CHILS（独立替代估计对照）,Independent-replacement+CHILS,INTERNAL_INDEPENDENT_REPLACEMENT_CONTROL
test,quarter,FullGreedy,0.9747309919819234,4,1,True,24,24,0,0,17,0,1043947.7949179278,1044656.1997786922,708.4048607644994,0.07059407358900183,502.6367801694626,205.76808059503674,0.9795642204893131,1046552.4053173389,2604.6103994111327,1.0,0.29166666666666663,0.0,0.0,0.7083333333333334,0.0,Greedy-rank+CHILS（贪心请求排序内部对照）,Greedy-rank+CHILS,INTERNAL_GREEDY_REQUEST_RANKING
test,quarter,CHILS-p1,0.9747309919819234,4,1,True,24,24,0,16,0,0,1043947.7949179278,1075255.3458667137,31307.55094878583,3.071806061924449,0.0,31307.55094878583,0.8931806955176095,1075255.3458667137,31307.55094878583,1.0,1.0,0.0,0.6666666666666666,0.0,0.0,CHILS-p1（SEA 2025 公开 MWIS 算法）,CHILS-p1 (SEA 2025),PUBLISHED_MWIS_BASELINE
test,quarter,HiGHS-MILP,0.9747309919819234,4,1,True,24,24,0,0,24,0,1043947.7949179278,1043947.7949179278,0.0,0.0,0.0,0.0,0.99269745266065,1043947.7949179278,0.0,1.0,0.0,0.0,0.0,1.0,0.0,HiGHS-MILP（通用 MILP 软件参照）,HiGHS (generic MILP),GENERIC_MILP_SOFTWARE_REFERENCE
test,quarter,FullCapacity-mean17/29,0.9747309919819234,4,2,True,48,48,0,0,35,0,1043947.7949179278,1044538.3116058564,590.5166879286456,0.06604505893810575,406.0545417937222,184.4621461349234,0.9850210073248793,1046196.2363957221,2248.4414777944257,1.0,0.2708333333333333,0.0,0.0,0.7291666666666667,0.0,JointRecovery（本文方法，JR；完整框架 STK 迁移）；两种子均值,"JointRecovery (JR, ours); 2-seed mean",PROPOSED_FULL_FRAMEWORK
test,quarter,FullCheapSummary-mean17/29,0.9747309919819234,4,2,True,48,48,0,0,31,0,1043947.7949179278,1045125.0655272411,1177.2706093132972,0.11177328149250666,799.7909979950564,377.47961131824076,0.9799545335117728,1046493.9427367987,2546.147818870971,1.0,0.3541666666666667,0.0,0.0,0.6458333333333334,0.0,JR-CheapSummary（简化表示消融）；两种子均值,JR-CheapSummary; 2-seed mean,SIMPLIFIED_REPRESENTATION_ABLATION
test,half,FullCapacity-seed17,1.9494619839638467,4,1,True,24,24,0,0,16,0,1043947.7949179278,1044654.1715244737,706.37660654593,0.06801070131629743,510.7786992895417,195.59790725638837,1.9574892388967178,1046572.7429252036,2624.9480072759325,1.0,0.3333333333333333,0.0,0.0,0.6666666666666666,0.0,JointRecovery（本文方法，JR；完整框架 STK 迁移）；seed17,"JointRecovery (JR, ours); seed17",PROPOSED_FULL_FRAMEWORK
test,half,FullCapacity-seed29,1.9494619839638467,4,1,True,24,24,0,0,21,0,1043947.7949179278,1044233.0727294548,285.2778115270873,0.032343940290064335,197.95366675816575,87.32414476892154,1.961847233896454,1046620.7469423396,2672.9520244118416,1.0,0.125,0.0,0.0,0.875,0.0,JointRecovery（本文方法，JR；完整框架 STK 迁移）；seed29,"JointRecovery (JR, ours); seed29",PROPOSED_FULL_FRAMEWORK
test,half,FullCheapSummary-seed17,1.9494619839638467,4,1,True,24,24,0,0,14,0,1043947.7949179278,1045142.2210009923,1194.4260830646624,0.11533545881123902,805.7580244118241,388.6680586528382,1.9489987501874566,1046595.5727392692,2647.7778213414667,1.0,0.41666666666666663,0.0,0.0,0.5833333333333333,0.0,JR-CheapSummary（简化表示消融）；seed17,JR-CheapSummary; seed17,SIMPLIFIED_REPRESENTATION_ABLATION
test,half,FullCheapSummary-seed29,1.9494619839638467,4,1,True,24,24,0,0,17,0,1043947.7949179278,1044834.0684695696,886.2735516418325,0.09036045147094218,561.0465682993623,325.2269833424701,1.9349291236139834,1046581.708091,2633.9131730722147,1.0,0.29166666666666663,0.0,0.0,0.7083333333333333,0.0,JR-CheapSummary（简化表示消融）；seed29,JR-CheapSummary; seed29,SIMPLIFIED_REPRESENTATION_ABLATION
test,half,FullP1,1.9494619839638467,4,1,True,24,24,0,0,2,0,1043947.7949179278,1045650.5749038631,1702.779985935369,0.16401557178478904,1685.746628185288,17.033357750081148,1.3482539753119152,1045771.373121571,1823.578203643289,1.0,0.9166666666666667,0.0,0.0,0.08333333333333333,0.0,Independent-replacement+CHILS（独立替代估计对照）,Independent-replacement+CHILS,INTERNAL_INDEPENDENT_REPLACEMENT_CONTROL
test,half,FullGreedy,1.9494619839638467,4,1,True,24,24,0,0,7,0,1043947.7949179278,1045964.799659618,2017.0047416902235,0.19666112238621244,1365.630684823671,651.3740568665526,1.669015772640705,1046603.7683872072,2655.9734692794204,1.0,0.7083333333333333,0.0,0.0,0.29166666666666663,0.0,Greedy-rank+CHILS（贪心请求排序内部对照）,Greedy-rank+CHILS,INTERNAL_GREEDY_REQUEST_RANKING
test,half,CHILS-p1,1.9494619839638467,4,1,True,24,24,0,0,0,0,1043947.7949179278,1127221.9986810505,83274.20376312283,8.181162107048646,0.0,83274.20376312283,1.656126027305921,1127221.9986810505,83274.20376312283,1.0,1.0,0.0,0.0,0.0,0.0,CHILS-p1（SEA 2025 公开 MWIS 算法）,CHILS-p1 (SEA 2025),PUBLISHED_MWIS_BASELINE
test,half,HiGHS-MILP,1.9494619839638467,4,1,True,24,24,0,0,24,0,1043947.7949179278,1043947.7949179278,0.0,0.0,0.0,0.0,1.9671838784900806,1043947.7949179278,0.0,1.0,0.0,0.0,0.0,1.0,0.0,HiGHS-MILP（通用 MILP 软件参照）,HiGHS (generic MILP),GENERIC_MILP_SOFTWARE_REFERENCE
test,half,FullCapacity-mean17/29,1.9494619839638467,4,2,True,48,48,0,0,37,0,1043947.7949179278,1044443.6221269642,495.8272090365087,0.05017732080318087,354.3661830238537,141.46102601265494,1.9596682363965858,1046596.7449337717,2648.950015843887,1.0,0.22916666666666666,0.0,0.0,0.7708333333333333,0.0,JointRecovery（本文方法，JR；完整框架 STK 迁移）；两种子均值,"JointRecovery (JR, ours); 2-seed mean",PROPOSED_FULL_FRAMEWORK
test,half,FullCheapSummary-mean17/29,1.9494619839638467,4,2,True,48,48,0,0,31,0,1043947.7949179278,1044988.144735281,1040.3498173532473,0.1028479551410906,683.4022963555933,356.9475209976541,1.94196393690072,1046588.6404151346,2640.8454972068407,1.0,0.35416666666666663,0.0,0.0,0.6458333333333333,0.0,JR-CheapSummary（简化表示消融）；两种子均值,JR-CheapSummary; 2-seed mean,SIMPLIFIED_REPRESENTATION_ABLATION
test,wide,FullCapacity-seed17,3.8989239679276935,4,1,True,24,24,0,0,6,0,1043947.7949179278,1045803.4084501046,1855.6135321768816,0.18536432926323976,1293.8168787365867,561.7966534402949,3.380104380659759,1046598.3807940866,2650.5858761588415,1.0,0.75,0.0,0.0,0.25,0.0,JointRecovery（本文方法，JR；完整框架 STK 迁移）；seed17,"JointRecovery (JR, ours); seed17",PROPOSED_FULL_FRAMEWORK
test,wide,FullCapacity-seed29,3.8989239679276935,4,1,True,24,24,0,0,8,0,1043947.7949179278,1045655.9954995316,1708.2005816039261,0.17116047604381113,1158.6805833214603,549.5199982824657,3.669510943659892,1046626.3852179167,2678.5902999890045,1.0,0.6666666666666667,0.0,0.0,0.3333333333333333,0.0,JointRecovery（本文方法，JR；完整框架 STK 迁移）；seed29,"JointRecovery (JR, ours); seed29",PROPOSED_FULL_FRAMEWORK
test,wide,FullCheapSummary-seed17,3.8989239679276935,4,1,True,24,24,0,0,9,0,1043947.7949179278,1045412.8438134468,1465.048895519086,0.14893120560382783,1013.9819427859959,451.06695273309015,3.586986326612532,1046604.4241770972,2656.629259169378,1.0,0.625,0.0,0.0,0.375,0.0,JR-CheapSummary（简化表示消融）；seed17,JR-CheapSummary; seed17,SIMPLIFIED_REPRESENTATION_ABLATION
test,wide,FullCheapSummary-seed29,3.8989239679276935,4,1,True,24,24,0,0,9,0,1043947.7949179278,1045536.6833960109,1588.888478083177,0.16065219110684753,1108.631644241085,480.2568338420921,3.5293217812043927,1046603.7683872072,2655.9734692794204,1.0,0.625,0.0,0.0,0.375,0.0,JR-CheapSummary（简化表示消融）；seed29,JR-CheapSummary; seed29,SIMPLIFIED_REPRESENTATION_ABLATION
test,wide,FullP1,3.8989239679276935,4,1,True,24,24,0,0,0,0,1043947.7949179278,1045771.373121571,1823.578203643289,0.17613932678694902,1806.5448458932078,17.033357750081148,1.8032225101875763,1045771.373121571,1823.578203643289,1.0,1.0,0.0,0.0,0.0,0.0,Independent-replacement+CHILS（独立替代估计对照）,Independent-replacement+CHILS,INTERNAL_INDEPENDENT_REPLACEMENT_CONTROL
test,wide,FullGreedy,3.8989239679276935,4,1,True,24,24,0,0,0,0,1043947.7949179278,1046603.7683872072,2655.9734692794204,0.25760782567399676,1806.5448458932078,849.4286233862124,2.1342881939684353,1046603.7683872072,2655.9734692794204,1.0,1.0,0.0,0.0,0.0,0.0,Greedy-rank+CHILS（贪心请求排序内部对照）,Greedy-rank+CHILS,INTERNAL_GREEDY_REQUEST_RANKING
test,wide,CHILS-p1,3.8989239679276935,4,1,True,24,24,0,0,0,0,1043947.7949179278,1128892.2999047125,84944.50498678454,8.341563704405724,0.0,84944.50498678454,3.03123029631873,1128892.2999047125,84944.50498678454,1.0,1.0,0.0,0.0,0.0,0.0,CHILS-p1（SEA 2025 公开 MWIS 算法）,CHILS-p1 (SEA 2025),PUBLISHED_MWIS_BASELINE
test,wide,HiGHS-MILP,3.8989239679276935,4,1,True,24,24,0,0,15,0,1043947.7949179278,1043947.7949179278,0.0,0.0,0.0,0.0,4.047442459966987,1043947.7949179278,0.0,1.0,0.375,0.0,0.0,0.625,0.0,HiGHS-MILP（通用 MILP 软件参照）,HiGHS (generic MILP),GENERIC_MILP_SOFTWARE_REFERENCE
test,wide,FullCapacity-mean17/29,3.8989239679276935,4,2,True,48,48,0,0,14,0,1043947.7949179278,1045729.7019748181,1781.9070568904037,0.17826240265352544,1226.2487310290235,555.6583258613804,3.5248076621598257,1046612.3830060016,2664.588088073923,1.0,0.7083333333333334,0.0,0.0,0.2916666666666667,0.0,JointRecovery（本文方法，JR；完整框架 STK 迁移）；两种子均值,"JointRecovery (JR, ours); 2-seed mean",PROPOSED_FULL_FRAMEWORK
test,wide,FullCheapSummary-mean17/29,3.8989239679276935,4,2,True,48,48,0,0,18,0,1043947.7949179278,1045474.7636047289,1526.9686868011315,0.15479169835533768,1061.3067935135405,465.6618932875911,3.558154053908462,1046604.0962821522,2656.3013642243995,1.0,0.625,0.0,0.0,0.375,0.0,JR-CheapSummary（简化表示消融）；两种子均值,JR-CheapSummary; 2-seed mean,SIMPLIFIED_REPRESENTATION_ABLATION
