phase,budget_id,policy_label,source,physical_source,graph_count,declared_cells,received_cells,grid_complete,initial_S_seconds,strict_return_objective_seconds,strict_gain_seconds,strict_gain_percent,strict_prefix_seconds,strict_beyond_prefix_seconds,caller_seconds,observed_return_objective_seconds,observed_actual_gain_seconds,usable_rate,on_time_rate,submission_failure_or_unknown_rate,execution_failed_stop_rate,observed_late_rate,unknown_late_status_rate,method_display,method_display_en,method_role
validation,quarter,FullCapacity-seed17,6,r006,6,6,6,True,1044995.2103165075,1045160.8108056644,165.60048915684456,0.022712760412367947,146.36755992867984,19.23292922816472,0.9910889646659294,1047197.3275361648,2202.117219657346,1.0,0.16666666666666666,0.0,0.0,0.8333333333333334,0.0,JointRecovery（本文方法，JR；完整框架 STK 迁移）；seed17,"JointRecovery (JR, ours); seed17",PROPOSED_FULL_FRAMEWORK
validation,quarter,FullCapacity-seed17,7,r007,6,6,6,True,1044484.9883839055,1045072.2453886308,587.2570047253394,0.07060007194466411,583.2611530025024,3.99585172283696,0.9794738019506136,1046472.4202698573,1987.4318859518778,1.0,0.3333333333333333,0.0,0.0,0.6666666666666666,0.0,JointRecovery（本文方法，JR；完整框架 STK 迁移）；seed17,"JointRecovery (JR, ours); seed17",PROPOSED_FULL_FRAMEWORK
validation,quarter,FullCapacity-seed29,6,r006,6,6,6,True,1044995.2103165075,1046434.988356413,1439.7780399055143,0.15310324309901427,810.0569746841987,629.7210652213156,0.977234453583757,1047307.4650488127,2312.254732305184,1.0,0.5,0.0,0.0,0.5,0.0,JointRecovery（本文方法，JR；完整框架 STK 迁移）；seed29,"JointRecovery (JR, ours); seed29",PROPOSED_FULL_FRAMEWORK
validation,quarter,FullCapacity-seed29,7,r007,6,6,6,True,1044484.9883839055,1044977.0782148523,492.0898309468369,0.04613584675544338,306.27906180169276,185.81076914514415,0.9868830566604933,1046360.7262836015,1875.7378996960663,1.0,0.16666666666666666,0.0,0.0,0.8333333333333334,0.0,JointRecovery（本文方法，JR；完整框架 STK 迁移）；seed29,"JointRecovery (JR, ours); seed29",PROPOSED_FULL_FRAMEWORK
validation,quarter,FullCheapSummary-seed17,6,r006,6,6,6,True,1044995.2103165075,1045758.5319640595,763.3216475520167,0.07863823635381252,519.6288991325224,243.69274841949422,0.9776149839162827,1047273.0190759338,2277.8087594263293,1.0,0.3333333333333333,0.0,0.0,0.6666666666666666,0.0,JR-CheapSummary（简化表示消融）；seed17,JR-CheapSummary; seed17,SIMPLIFIED_REPRESENTATION_ABLATION
validation,quarter,FullCheapSummary-seed17,7,r007,6,6,6,True,1044484.9883839055,1044817.8674193481,332.8790354426795,0.04590083635223711,281.7282774743314,51.15075796834814,0.990426288296779,1046559.4907584124,2074.502374506866,1.0,0.16666666666666666,0.0,0.0,0.8333333333333334,0.0,JR-CheapSummary（简化表示消融）；seed17,JR-CheapSummary; seed17,SIMPLIFIED_REPRESENTATION_ABLATION
validation,quarter,FullCheapSummary-seed29,6,r006,6,6,6,True,1044995.2103165075,1045592.9314749027,597.7211583951721,0.05592547594144457,373.2613392038426,224.4598191913295,0.9873597659170628,1047273.0190759338,2277.8087594263293,1.0,0.16666666666666666,0.0,0.0,0.8333333333333334,0.0,JR-CheapSummary（简化表示消融）；seed29,JR-CheapSummary; seed29,SIMPLIFIED_REPRESENTATION_ABLATION
validation,quarter,FullCheapSummary-seed29,7,r007,6,6,6,True,1044484.9883839055,1044770.7125131027,285.72412919716834,0.039398625626043744,281.7282774743314,3.99585172283696,0.9860103980948528,1046484.5446820135,1999.556298108034,1.0,0.16666666666666666,0.0,0.0,0.8333333333333334,0.0,JR-CheapSummary（简化表示消融）；seed29,JR-CheapSummary; seed29,SIMPLIFIED_REPRESENTATION_ABLATION
validation,quarter,FullP1,6,r006,6,6,6,True,1044995.2103165075,1046097.8962416988,1102.6859251911908,0.10156213644134826,1099.2180523675245,3.4678728236661605,0.8801109977066517,1046636.0312394401,1640.82092293251,1.0,0.5,0.0,0.0,0.5,0.0,Independent-replacement+CHILS（独立替代估计对照）,Independent-replacement+CHILS,INTERNAL_INDEPENDENT_REPLACEMENT_CONTROL
validation,quarter,FullP1,7,r007,6,6,6,True,1044484.9883839055,1045092.8003212353,607.8119373298638,0.05991661775895533,607.8119373298638,0.0,0.9393470187981924,1046123.764756488,1638.7763725825741,1.0,0.3333333333333333,0.0,0.0,0.6666666666666666,0.0,Independent-replacement+CHILS（独立替代估计对照）,Independent-replacement+CHILS,INTERNAL_INDEPENDENT_REPLACEMENT_CONTROL
validation,quarter,FullGreedy,6,r006,6,6,6,True,1044995.2103165075,1045758.5319640595,763.3216475520167,0.07863823635381252,519.6288991325224,243.69274841949422,0.9791643371184667,1047359.1505482178,2363.9402317103427,1.0,0.3333333333333333,0.0,0.0,0.6666666666666666,0.0,Greedy-rank+CHILS（贪心请求排序内部对照）,Greedy-rank+CHILS,INTERNAL_GREEDY_REQUEST_RANKING
validation,quarter,FullGreedy,7,r007,6,6,6,True,1044484.9883839055,1045724.3130704416,1239.3246865362162,0.12814248386600846,838.7701961852144,400.55449035100173,0.9728037069241205,1046865.4995431885,2380.511159283051,1.0,0.5,0.0,0.0,0.5,0.0,Greedy-rank+CHILS（贪心请求排序内部对照）,Greedy-rank+CHILS,INTERNAL_GREEDY_REQUEST_RANKING
validation,quarter,CHILS-p1,6,r006,6,6,6,True,1044995.2103165075,1075826.482506952,30831.272190444502,3.017458931400974,0.0,30831.272190444502,0.8950567469000816,1075826.482506952,30831.272190444502,1.0,1.0,0.0,0.6666666666666666,0.0,0.0,CHILS-p1（SEA 2025 公开 MWIS 算法）,CHILS-p1 (SEA 2025),PUBLISHED_MWIS_BASELINE
validation,quarter,CHILS-p1,7,r007,6,6,6,True,1044484.9883839055,1074831.8210734047,30346.832689499173,2.9669721369534834,0.0,30346.832689499173,0.8908364207794269,1074831.8210734047,30346.832689499173,1.0,1.0,0.0,0.6666666666666666,0.0,0.0,CHILS-p1（SEA 2025 公开 MWIS 算法）,CHILS-p1 (SEA 2025),PUBLISHED_MWIS_BASELINE
validation,quarter,HiGHS-MILP,6,r006,6,6,6,True,1044995.2103165075,1044995.2103165075,0.0,0.0,0.0,0.0,0.992401442800959,1044995.2103165075,0.0,1.0,0.0,0.0,0.0,1.0,0.0,HiGHS-MILP（通用 MILP 软件参照）,HiGHS (generic MILP),GENERIC_MILP_SOFTWARE_REFERENCE
validation,quarter,HiGHS-MILP,7,r007,6,6,6,True,1044484.9883839055,1044484.9883839055,0.0,0.0,0.0,0.0,0.9926910077532133,1044484.9883839055,0.0,1.0,0.0,0.0,0.0,1.0,0.0,HiGHS-MILP（通用 MILP 软件参照）,HiGHS (generic MILP),GENERIC_MILP_SOFTWARE_REFERENCE
validation,quarter,FullCapacity-mean17/29,6,r006,6,12,12,True,1044995.2103165075,1045797.8995810387,802.6892645311794,0.08790800175569112,478.2122673064393,324.47699722474016,0.9841617091248432,1047252.3962924887,2257.185975981265,1.0,0.3333333333333333,0.0,0.0,0.6666666666666666,0.0,JointRecovery（本文方法，JR；完整框架 STK 迁移）；两种子均值,"JointRecovery (JR, ours); 2-seed mean",PROPOSED_FULL_FRAMEWORK
validation,quarter,FullCapacity-mean17/29,7,r007,6,12,12,True,1044484.9883839055,1045024.6618017416,539.6734178360881,0.058367959350053754,444.7701074020976,94.90331043399055,0.9831784293055534,1046416.5732767294,1931.584892823972,1.0,0.25,0.0,0.0,0.75,0.0,JointRecovery（本文方法，JR；完整框架 STK 迁移）；两种子均值,"JointRecovery (JR, ours); 2-seed mean",PROPOSED_FULL_FRAMEWORK
validation,quarter,FullCheapSummary-mean17/29,6,r006,6,12,12,True,1044995.2103165075,1045675.7317194812,680.5214029735944,0.06728185614762855,446.44511916818254,234.07628380541186,0.9824873749166727,1047273.0190759338,2277.8087594263293,1.0,0.25,0.0,0.0,0.75,0.0,JR-CheapSummary（简化表示消融）；两种子均值,JR-CheapSummary; 2-seed mean,SIMPLIFIED_REPRESENTATION_ABLATION
validation,quarter,FullCheapSummary-mean17/29,7,r007,6,12,12,True,1044484.9883839055,1044794.2899662253,309.3015823199239,0.04264973098914043,281.7282774743314,27.57330484559255,0.9882183431958159,1046522.0177202128,2037.02933630745,1.0,0.16666666666666666,0.0,0.0,0.8333333333333334,0.0,JR-CheapSummary（简化表示消融）；两种子均值,JR-CheapSummary; 2-seed mean,SIMPLIFIED_REPRESENTATION_ABLATION
validation,half,FullCapacity-seed17,6,r006,6,6,6,True,1044995.2103165075,1045553.5221683965,558.3118518890115,0.05804001008061672,290.4280755516763,267.8837763373352,1.956774054095149,1047371.3873377005,2376.177021193027,1.0,0.16666666666666666,0.0,0.0,0.8333333333333334,0.0,JointRecovery（本文方法，JR；完整框架 STK 迁移）；seed17,"JointRecovery (JR, ours); seed17",PROPOSED_FULL_FRAMEWORK
validation,half,FullCapacity-seed17,7,r007,6,6,6,True,1044484.9883839055,1045420.6650089164,935.6766250108485,0.10827598068421164,583.2611530025024,352.4154720083461,1.952803699920575,1046892.0518810608,2407.0634971553613,1.0,0.3333333333333333,0.0,0.0,0.6666666666666666,0.0,JointRecovery（本文方法，JR；完整框架 STK 迁移）；seed17,"JointRecovery (JR, ours); seed17",PROPOSED_FULL_FRAMEWORK
validation,half,FullCapacity-seed29,6,r006,6,6,6,True,1044995.2103165075,1044995.2103165075,0.0,0.0,0.0,0.0,1.9680593696733315,1047512.2452112363,2517.034894728878,1.0,0.0,0.0,0.0,1.0,0.0,JointRecovery（本文方法，JR；完整框架 STK 迁移）；seed29,"JointRecovery (JR, ours); seed29",PROPOSED_FULL_FRAMEWORK
validation,half,FullCapacity-seed29,7,r007,6,6,6,True,1044484.9883839055,1044484.9883839055,0.0,0.0,0.0,0.0,1.9677706484993298,1046755.0092677227,2270.020883817206,1.0,0.0,0.0,0.0,1.0,0.0,JointRecovery（本文方法，JR；完整框架 STK 迁移）；seed29,"JointRecovery (JR, ours); seed29",PROPOSED_FULL_FRAMEWORK
validation,half,FullCheapSummary-seed17,6,r006,6,6,6,True,1044995.2103165075,1046332.8998530876,1337.6895365802145,0.13818052137673412,810.0569746841987,527.6325618960158,1.9518557557215293,1047387.4433748397,2392.233058332213,1.0,0.5,0.0,0.0,0.5,0.0,JR-CheapSummary（简化表示消融）；seed17,JR-CheapSummary; seed17,SIMPLIFIED_REPRESENTATION_ABLATION
validation,half,FullCheapSummary-seed17,7,r007,6,6,6,True,1044484.9883839055,1045397.4935450248,912.5051611193339,0.08616026599997578,571.3248647698589,341.180296349475,1.954399876917402,1046914.4666120441,2429.4782281387015,1.0,0.3333333333333333,0.0,0.0,0.6666666666666666,0.0,JR-CheapSummary（简化表示消融）；seed17,JR-CheapSummary; seed17,SIMPLIFIED_REPRESENTATION_ABLATION
validation,half,FullCheapSummary-seed29,6,r006,6,6,6,True,1044995.2103165075,1046592.6387015673,1597.4283850597178,0.1580922690879549,1024.6152061886776,572.8131788710403,1.896545359864831,1047387.4433748397,2392.233058332213,1.0,0.6666666666666666,0.0,0.0,0.3333333333333333,0.0,JR-CheapSummary（简化表示消融）；seed29,JR-CheapSummary; seed29,SIMPLIFIED_REPRESENTATION_ABLATION
validation,half,FullCheapSummary-seed29,7,r007,6,6,6,True,1044484.9883839055,1044484.9883839055,0.0,0.0,0.0,0.0,1.961654340227445,1046892.0518810608,2407.0634971553613,1.0,0.0,0.0,0.0,1.0,0.0,JR-CheapSummary（简化表示消融）；seed29,JR-CheapSummary; seed29,SIMPLIFIED_REPRESENTATION_ABLATION
validation,half,FullP1,6,r006,6,6,6,True,1044995.2103165075,1046458.8220331318,1463.6117166243494,0.1380851971954277,1460.1438438006833,3.4678728236661605,1.3185548726469278,1046636.0312394401,1640.82092293251,1.0,0.8333333333333334,0.0,0.0,0.16666666666666666,0.0,Independent-replacement+CHILS（独立替代估计对照）,Independent-replacement+CHILS,INTERNAL_INDEPENDENT_REPLACEMENT_CONTROL
validation,half,FullP1,7,r007,6,6,6,True,1044484.9883839055,1045868.4006929625,1383.4123090570404,0.14361528976234297,1368.984383340886,14.427925716154277,1.387734705582261,1046178.1082645137,1693.1198806082054,1.0,0.8333333333333334,0.0,0.0,0.16666666666666666,0.0,Independent-replacement+CHILS（独立替代估计对照）,Independent-replacement+CHILS,INTERNAL_INDEPENDENT_REPLACEMENT_CONTROL
validation,half,FullGreedy,6,r006,6,6,6,True,1044995.2103165075,1047419.4837149404,2424.273398432861,0.2312510326652891,1637.3530501088437,786.9203483240175,1.464083490272363,1047419.4837149404,2424.273398432861,1.0,1.0,0.0,0.0,0.0,0.0,Greedy-rank+CHILS（贪心请求排序内部对照）,Greedy-rank+CHILS,INTERNAL_GREEDY_REQUEST_RANKING
validation,half,FullGreedy,7,r007,6,6,6,True,1044484.9883839055,1046648.2001940515,2163.211810146051,0.22165521156181853,1368.984383340886,794.2274268051648,1.423832107335329,1046957.9077656027,2472.919381697216,1.0,0.8333333333333334,0.0,0.0,0.16666666666666666,0.0,Greedy-rank+CHILS（贪心请求排序内部对照）,Greedy-rank+CHILS,INTERNAL_GREEDY_REQUEST_RANKING
validation,half,CHILS-p1,6,r006,6,6,6,True,1044995.2103165075,1127069.760368578,82074.55005207051,8.04920357015582,0.0,82074.55005207051,1.654286679501335,1127069.760368578,82074.55005207051,1.0,1.0,0.0,0.0,0.0,0.0,CHILS-p1（SEA 2025 公开 MWIS 算法）,CHILS-p1 (SEA 2025),PUBLISHED_MWIS_BASELINE
validation,half,CHILS-p1,7,r007,6,6,6,True,1044484.9883839055,1127241.288304858,82756.29992095252,8.121076597055833,0.0,82756.29992095252,1.666329790527622,1127241.288304858,82756.29992095252,1.0,1.0,0.0,0.0,0.0,0.0,CHILS-p1（SEA 2025 公开 MWIS 算法）,CHILS-p1 (SEA 2025),PUBLISHED_MWIS_BASELINE
validation,half,HiGHS-MILP,6,r006,6,6,6,True,1044995.2103165075,1044995.2103165075,0.0,0.0,0.0,0.0,1.9664677617450554,1044995.2103165075,0.0,1.0,0.0,0.0,0.0,1.0,0.0,HiGHS-MILP（通用 MILP 软件参照）,HiGHS (generic MILP),GENERIC_MILP_SOFTWARE_REFERENCE
validation,half,HiGHS-MILP,7,r007,6,6,6,True,1044484.9883839055,1044484.9883839055,0.0,0.0,0.0,0.0,1.96596418445309,1044484.9883839055,0.0,1.0,0.0,0.0,0.0,1.0,0.0,HiGHS-MILP（通用 MILP 软件参照）,HiGHS (generic MILP),GENERIC_MILP_SOFTWARE_REFERENCE
validation,half,FullCapacity-mean17/29,6,r006,6,12,12,True,1044995.2103165075,1045274.3662424521,279.1559259445057,0.02902000504030836,145.21403777583814,133.9418881686676,1.9624167118842404,1047441.8162744684,2446.6059579609523,1.0,0.08333333333333333,0.0,0.0,0.9166666666666666,0.0,JointRecovery（本文方法，JR；完整框架 STK 迁移）；两种子均值,"JointRecovery (JR, ours); 2-seed mean",PROPOSED_FULL_FRAMEWORK
validation,half,FullCapacity-mean17/29,7,r007,6,12,12,True,1044484.9883839055,1044952.8266964109,467.83831250542426,0.05413799034210582,291.6305765012512,176.20773600417306,1.9602871742099524,1046823.5305743917,2338.5421904862837,1.0,0.16666666666666666,0.0,0.0,0.8333333333333334,0.0,JointRecovery（本文方法，JR；完整框架 STK 迁移）；两种子均值,"JointRecovery (JR, ours); 2-seed mean",PROPOSED_FULL_FRAMEWORK
validation,half,FullCheapSummary-mean17/29,6,r006,6,12,12,True,1044995.2103165075,1046462.7692773276,1467.5589608199662,0.14813639523234448,917.3360904364381,550.2228703835281,1.9242005577931802,1047387.4433748397,2392.233058332213,1.0,0.5833333333333334,0.0,0.0,0.4166666666666667,0.0,JR-CheapSummary（简化表示消融）；两种子均值,JR-CheapSummary; 2-seed mean,SIMPLIFIED_REPRESENTATION_ABLATION
validation,half,FullCheapSummary-mean17/29,7,r007,6,12,12,True,1044484.9883839055,1044941.2409644652,456.25258055966697,0.04308013299998789,285.66243238492945,170.5901481747375,1.9580271085724235,1046903.2592465525,2418.2708626470317,1.0,0.16666666666666666,0.0,0.0,0.8333333333333334,0.0,JR-CheapSummary（简化表示消融）；两种子均值,JR-CheapSummary; 2-seed mean,SIMPLIFIED_REPRESENTATION_ABLATION
validation,wide,FullCapacity-seed17,6,r006,6,6,6,True,1044995.2103165075,1046576.5826644279,1581.3723479205316,0.15658999414565003,1024.6152061886776,556.7571417318541,3.163608174150189,1047371.3873377005,2376.177021193027,1.0,0.6666666666666666,0.0,0.0,0.3333333333333333,0.0,JointRecovery（本文方法，JR；完整框架 STK 迁移）；seed17,"JointRecovery (JR, ours); seed17",PROPOSED_FULL_FRAMEWORK
validation,wide,FullCapacity-seed17,7,r007,6,6,6,True,1044484.9883839055,1046384.9797392845,1899.9913553790539,0.19531033944290957,1140.3030717133854,759.6882836656683,3.273884396379193,1046957.9077656027,2472.919381697216,1.0,0.6666666666666666,0.0,0.0,0.3333333333333333,0.0,JointRecovery（本文方法，JR；完整框架 STK 迁移）；seed17,"JointRecovery (JR, ours); seed17",PROPOSED_FULL_FRAMEWORK
validation,wide,FullCapacity-seed29,6,r006,6,6,6,True,1044995.2103165075,1046103.6633424294,1108.453025922024,0.11778158243229638,651.3538669848349,457.0991589371891,3.8066335866848626,1047560.3415884762,2565.131271968712,1.0,0.5,0.0,0.0,0.5,0.0,JointRecovery（本文方法，JR；完整框架 STK 迁移）；seed29,"JointRecovery (JR, ours); seed29",PROPOSED_FULL_FRAMEWORK
validation,wide,FullCapacity-seed29,7,r007,6,6,6,True,1044484.9883839055,1046384.9797392845,1899.9913553790539,0.19531033944290957,1140.3030717133854,759.6882836656683,3.7598333364973464,1046957.9077656027,2472.919381697216,1.0,0.6666666666666666,0.0,0.0,0.3333333333333333,0.0,JointRecovery（本文方法，JR；完整框架 STK 迁移）；seed29,"JointRecovery (JR, ours); seed29",PROPOSED_FULL_FRAMEWORK
validation,wide,FullCheapSummary-seed17,6,r006,6,6,6,True,1044995.2103165075,1046592.6387015673,1597.4283850597178,0.1580922690879549,1024.6152061886776,572.8131788710403,3.5559311831990876,1047387.4433748397,2392.233058332213,1.0,0.6666666666666666,0.0,0.0,0.3333333333333333,0.0,JR-CheapSummary（简化表示消融）；seed17,JR-CheapSummary; seed17,SIMPLIFIED_REPRESENTATION_ABLATION
validation,wide,FullCheapSummary-seed17,7,r007,6,6,6,True,1044484.9883839055,1046182.0812414045,1697.0928574990442,0.17521252324960254,1140.3030717133854,556.7897857856588,3.671214415381352,1046755.0092677227,2270.020883817206,1.0,0.6666666666666666,0.0,0.0,0.3333333333333333,0.0,JR-CheapSummary（简化表示消融）；seed17,JR-CheapSummary; seed17,SIMPLIFIED_REPRESENTATION_ABLATION
validation,wide,FullCheapSummary-seed29,6,r006,6,6,6,True,1044995.2103165075,1046332.8998530876,1337.6895365802145,0.13818052137673412,810.0569746841987,527.6325618960158,3.3225549018631377,1047387.4433748397,2392.233058332213,1.0,0.5,0.0,0.0,0.5,0.0,JR-CheapSummary（简化表示消融）；seed29,JR-CheapSummary; seed29,SIMPLIFIED_REPRESENTATION_ABLATION
validation,wide,FullCheapSummary-seed29,7,r007,6,6,6,True,1044484.9883839055,1046182.0812414045,1697.0928574990442,0.17521252324960254,1140.3030717133854,556.7897857856588,3.598903348048528,1046755.0092677227,2270.020883817206,1.0,0.6666666666666666,0.0,0.0,0.3333333333333333,0.0,JR-CheapSummary（简化表示消融）；seed29,JR-CheapSummary; seed29,SIMPLIFIED_REPRESENTATION_ABLATION
validation,wide,FullP1,6,r006,6,6,6,True,1044995.2103165075,1046636.0312394401,1640.82092293251,0.1558066897772675,1637.3530501088437,3.4678728236661605,2.260846403116981,1046636.0312394401,1640.82092293251,1.0,1.0,0.0,0.0,0.0,0.0,Independent-replacement+CHILS（独立替代估计对照）,Independent-replacement+CHILS,INTERNAL_INDEPENDENT_REPLACEMENT_CONTROL
validation,wide,FullP1,7,r007,6,6,6,True,1044484.9883839055,1046178.1082645137,1693.1198806082054,0.16740041143034423,1638.7763725825741,54.34350802563131,1.7926689684391022,1046178.1082645137,1693.1198806082054,1.0,1.0,0.0,0.0,0.0,0.0,Independent-replacement+CHILS（独立替代估计对照）,Independent-replacement+CHILS,INTERNAL_INDEPENDENT_REPLACEMENT_CONTROL
validation,wide,FullGreedy,6,r006,6,6,6,True,1044995.2103165075,1047419.4837149404,2424.273398432861,0.2312510326652891,1637.3530501088437,786.9203483240175,1.680153983955582,1047419.4837149404,2424.273398432861,1.0,1.0,0.0,0.0,0.0,0.0,Greedy-rank+CHILS（贪心请求排序内部对照）,Greedy-rank+CHILS,INTERNAL_GREEDY_REQUEST_RANKING
validation,wide,FullGreedy,7,r007,6,6,6,True,1044484.9883839055,1046957.9077656027,2472.919381697216,0.24544033322981976,1638.7763725825741,834.1430091146418,1.8186189799259107,1046957.9077656027,2472.919381697216,1.0,1.0,0.0,0.0,0.0,0.0,Greedy-rank+CHILS（贪心请求排序内部对照）,Greedy-rank+CHILS,INTERNAL_GREEDY_REQUEST_RANKING
validation,wide,CHILS-p1,6,r006,6,6,6,True,1044995.2103165075,1128841.5983011788,83846.38798467135,8.22764717394143,0.0,83846.38798467135,3.02236709309121,1128841.5983011788,83846.38798467135,1.0,1.0,0.0,0.0,0.0,0.0,CHILS-p1（SEA 2025 公开 MWIS 算法）,CHILS-p1 (SEA 2025),PUBLISHED_MWIS_BASELINE
validation,wide,CHILS-p1,7,r007,6,6,6,True,1044484.9883839055,1128879.9705220133,84394.98213810788,8.276647510220267,0.0,84394.98213810788,3.0225792409231267,1128879.9705220133,84394.98213810788,1.0,1.0,0.0,0.0,0.0,0.0,CHILS-p1（SEA 2025 公开 MWIS 算法）,CHILS-p1 (SEA 2025),PUBLISHED_MWIS_BASELINE
validation,wide,HiGHS-MILP,6,r006,6,6,6,True,1044995.2103165075,1044995.2103165075,0.0,0.0,0.0,0.0,3.916485576579968,1044995.2103165075,0.0,1.0,0.3333333333333333,0.0,0.0,0.6666666666666666,0.0,HiGHS-MILP（通用 MILP 软件参照）,HiGHS (generic MILP),GENERIC_MILP_SOFTWARE_REFERENCE
validation,wide,HiGHS-MILP,7,r007,6,6,6,True,1044484.9883839055,1044484.9883839055,0.0,0.0,0.0,0.0,3.930530888338884,1044484.9883839055,0.0,1.0,0.5,0.0,0.0,0.5,0.0,HiGHS-MILP（通用 MILP 软件参照）,HiGHS (generic MILP),GENERIC_MILP_SOFTWARE_REFERENCE
validation,wide,FullCapacity-mean17/29,6,r006,6,12,12,True,1044995.2103165075,1046340.1230034288,1344.9126869212778,0.1371857882889732,837.9845365867562,506.9281503345216,3.4851208804175258,1047465.8644630885,2470.6541465808696,1.0,0.5833333333333334,0.0,0.0,0.4166666666666667,0.0,JointRecovery（本文方法，JR；完整框架 STK 迁移）；两种子均值,"JointRecovery (JR, ours); 2-seed mean",PROPOSED_FULL_FRAMEWORK
validation,wide,FullCapacity-mean17/29,7,r007,6,12,12,True,1044484.9883839055,1046384.9797392845,1899.9913553790539,0.19531033944290957,1140.3030717133854,759.6882836656683,3.5168588664382696,1046957.9077656027,2472.919381697216,1.0,0.6666666666666666,0.0,0.0,0.3333333333333333,0.0,JointRecovery（本文方法，JR；完整框架 STK 迁移）；两种子均值,"JointRecovery (JR, ours); 2-seed mean",PROPOSED_FULL_FRAMEWORK
validation,wide,FullCheapSummary-mean17/29,6,r006,6,12,12,True,1044995.2103165075,1046462.7692773276,1467.5589608199662,0.14813639523234448,917.3360904364381,550.2228703835281,3.4392430425311127,1047387.4433748397,2392.233058332213,1.0,0.5833333333333334,0.0,0.0,0.4166666666666667,0.0,JR-CheapSummary（简化表示消融）；两种子均值,JR-CheapSummary; 2-seed mean,SIMPLIFIED_REPRESENTATION_ABLATION
validation,wide,FullCheapSummary-mean17/29,7,r007,6,12,12,True,1044484.9883839055,1046182.0812414045,1697.0928574990442,0.17521252324960254,1140.3030717133854,556.7897857856588,3.63505888171494,1046755.0092677227,2270.020883817206,1.0,0.6666666666666666,0.0,0.0,0.3333333333333333,0.0,JR-CheapSummary（简化表示消融）；两种子均值,JR-CheapSummary; 2-seed mean,SIMPLIFIED_REPRESENTATION_ABLATION
test,quarter,FullCapacity-seed17,8,r008,6,6,6,True,1044265.952251702,1045403.7961886908,1137.843936988851,0.12843030664963387,839.8942072386659,297.9497297501851,0.9784201333920161,1046543.876376735,2277.924125033043,1.0,0.5,0.0,0.0,0.5,0.0,JointRecovery（本文方法，JR；完整框架 STK 迁移）；seed17,"JointRecovery (JR, ours); seed17",PROPOSED_FULL_FRAMEWORK
test,quarter,FullCapacity-seed17,9,r009,6,6,6,True,1042707.5249137585,1043662.9308668562,955.4059530978169,0.0997110684404406,607.601306881969,347.80464621584787,0.9791727568954229,1044776.2116401432,2068.68672638468,1.0,0.5,0.0,0.0,0.5,0.0,JointRecovery（本文方法，JR；完整框架 STK 迁移）；seed17,"JointRecovery (JR, ours); seed17",PROPOSED_FULL_FRAMEWORK
test,quarter,FullCapacity-seed17,10,r010,6,6,6,True,1043561.0805865627,1043780.3930911688,219.31250460616624,0.03005432953838463,208.23807179784248,11.074432808323763,0.9900078506519397,1045616.0357131269,2054.955126564135,1.0,0.16666666666666666,0.0,0.0,0.8333333333333334,0.0,JointRecovery（本文方法，JR；完整框架 STK 迁移）；seed17,"JointRecovery (JR, ours); seed17",PROPOSED_FULL_FRAMEWORK
test,quarter,FullCapacity-seed17,11,r011,6,6,6,True,1045256.6219196878,1045432.5133548725,175.89143518467122,0.024065883452616413,175.89143518467122,0.0,0.9891538874556621,1047332.0561111877,2075.4341914998367,1.0,0.16666666666666666,0.0,0.0,0.8333333333333334,0.0,JointRecovery（本文方法，JR；完整框架 STK 迁移）；seed17,"JointRecovery (JR, ours); seed17",PROPOSED_FULL_FRAMEWORK
test,quarter,FullCapacity-seed29,8,r008,6,6,6,True,1044265.952251702,1044599.8641001265,333.911848424507,0.04605307541612208,178.8281380351594,155.0837103893476,0.9898911056419214,1046543.876376735,2277.924125033043,1.0,0.16666666666666666,0.0,0.0,0.8333333333333334,0.0,JointRecovery（本文方法，JR；完整框架 STK 迁移）；seed29,"JointRecovery (JR, ours); seed29",PROPOSED_FULL_FRAMEWORK
test,quarter,FullCapacity-seed29,9,r009,6,6,6,True,1042707.5249137585,1043216.1515914045,508.62667764599126,0.0615411457305709,331.5671678414801,177.05950980451112,0.9815335193028053,1044981.1967099961,2273.671796237681,1.0,0.3333333333333333,0.0,0.0,0.6666666666666666,0.0,JointRecovery（本文方法，JR；完整框架 STK 迁移）；seed29,"JointRecovery (JR, ours); seed29",PROPOSED_FULL_FRAMEWORK
test,quarter,FullCapacity-seed29,10,r010,6,6,6,True,1043561.0805865627,1044322.9137715447,761.8331849819903,0.07924785998555862,469.3209135571572,292.51227142483305,0.9900316453228394,1046211.8155734143,2650.7349868516517,1.0,0.16666666666666666,0.0,0.0,0.8333333333333334,0.0,JointRecovery（本文方法，JR；完整框架 STK 迁移）；seed29,"JointRecovery (JR, ours); seed29",PROPOSED_FULL_FRAMEWORK
test,quarter,FullCapacity-seed29,11,r011,6,6,6,True,1045256.6219196878,1045887.9298821869,631.3079624991709,0.05925680229151883,437.0950938128323,194.21286868633857,0.9819571599364281,1047564.8226644392,2308.2007447513365,1.0,0.16666666666666666,0.0,0.0,0.8333333333333334,0.0,JointRecovery（本文方法，JR；完整框架 STK 迁移）；seed29,"JointRecovery (JR, ours); seed29",PROPOSED_FULL_FRAMEWORK
test,quarter,FullCheapSummary-seed17,8,r008,6,6,6,True,1044265.952251702,1044840.0713910343,574.119139332363,0.05394781403298838,364.48582673216396,209.63331260019913,0.9879962758471569,1046884.6630430417,2618.71079133971,1.0,0.16666666666666666,0.0,0.0,0.8333333333333334,0.0,JR-CheapSummary（简化表示消融）；seed17,JR-CheapSummary; seed17,SIMPLIFIED_REPRESENTATION_ABLATION
test,quarter,FullCheapSummary-seed17,9,r009,6,6,6,True,1042707.5249137585,1043184.8275169637,477.30260320516146,0.04463020853921026,283.4913378809967,193.8112653241648,0.9837927178790172,1044961.0582785457,2253.5333647871935,1.0,0.16666666666666666,0.0,0.0,0.8333333333333334,0.0,JR-CheapSummary（简化表示消融）；seed17,JR-CheapSummary; seed17,SIMPLIFIED_REPRESENTATION_ABLATION
test,quarter,FullCheapSummary-seed17,10,r010,6,6,6,True,1043561.0805865627,1044869.9320336423,1308.851447079641,0.13067270186912502,802.5076357819684,506.3438112976728,0.9760422389954329,1046273.3128685501,2712.2322819874776,1.0,0.3333333333333333,0.0,0.0,0.6666666666666666,0.0,JR-CheapSummary（简化表示消融）；seed17,JR-CheapSummary; seed17,SIMPLIFIED_REPRESENTATION_ABLATION
test,quarter,FullCheapSummary-seed17,11,r011,6,6,6,True,1045256.6219196878,1047070.546860413,1813.9249407251675,0.16846168337616477,1404.5429218621769,409.38201886299066,0.9785238572706779,1047787.5932689485,2530.971349260673,1.0,0.5,0.0,0.0,0.5,0.0,JR-CheapSummary（简化表示消融）；seed17,JR-CheapSummary; seed17,SIMPLIFIED_REPRESENTATION_ABLATION
test,quarter,FullCheapSummary-seed29,8,r008,6,6,6,True,1044265.952251702,1045351.855064384,1085.902812682034,0.10700030878361738,733.4034807209973,352.49933196103666,0.981215006361405,1046970.7831709433,2704.8309192413776,1.0,0.3333333333333333,0.0,0.0,0.6666666666666666,0.0,JR-CheapSummary（简化表示消融）；seed29,JR-CheapSummary; seed29,SIMPLIFIED_REPRESENTATION_ABLATION
test,quarter,FullCheapSummary-seed29,9,r009,6,6,6,True,1042707.5249137585,1044101.1713844415,1393.6464706830254,0.13257862360728742,932.6250478775086,461.0214228055168,0.9783009719103575,1044776.2116401432,2068.68672638468,1.0,0.5,0.0,0.0,0.5,0.0,JR-CheapSummary（简化表示消融）；seed29,JR-CheapSummary; seed29,SIMPLIFIED_REPRESENTATION_ABLATION
test,quarter,FullCheapSummary-seed29,10,r010,6,6,6,True,1043561.0805865627,1045476.0187853179,1914.938198755146,0.18098012549850084,1242.1770648993163,672.7611338558296,0.9736946461101373,1046510.3263552687,2949.2457687059846,1.0,0.5,0.0,0.0,0.5,0.0,JR-CheapSummary（简化表示消融）；seed29,JR-CheapSummary; seed29,SIMPLIFIED_REPRESENTATION_ABLATION
test,quarter,FullCheapSummary-seed29,11,r011,6,6,6,True,1045256.6219196878,1046106.1011817317,849.4792620438384,0.07591478623315921,635.094668205323,214.38459383851537,0.9800705537199974,1047787.5932689485,2530.971349260673,1.0,0.3333333333333333,0.0,0.0,0.6666666666666666,0.0,JR-CheapSummary（简化表示消融）；seed29,JR-CheapSummary; seed29,SIMPLIFIED_REPRESENTATION_ABLATION
test,quarter,FullP1,8,r008,6,6,6,True,1044265.952251702,1045012.7551967227,746.8029450206863,0.06592806607533533,746.8029450206863,0.0,0.9311299100518227,1046110.1974711117,1844.2452194096793,1.0,0.3333333333333333,0.0,0.0,0.6666666666666666,0.0,Independent-replacement+CHILS（独立替代估计对照）,Independent-replacement+CHILS,INTERNAL_INDEPENDENT_REPLACEMENT_CONTROL
test,quarter,FullP1,9,r009,6,6,6,True,1042707.5249137585,1043315.1262206404,607.601306881969,0.061231868987093235,607.601306881969,0.0,0.8525185932715734,1044153.0812706779,1445.5563569193084,1.0,0.5,0.0,0.0,0.5,0.0,Independent-replacement+CHILS（独立替代估计对照）,Independent-replacement+CHILS,INTERNAL_INDEPENDENT_REPLACEMENT_CONTROL
test,quarter,FullP1,10,r010,6,6,6,True,1043561.0805865627,1044568.8813619463,1007.8007753836768,0.08582682415971078,1007.8007753836768,0.0,0.901529290402929,1045527.9800067502,1966.8994201874982,1.0,0.5,0.0,0.0,0.5,0.0,Independent-replacement+CHILS（独立替代估计对照）,Independent-replacement+CHILS,INTERNAL_INDEPENDENT_REPLACEMENT_CONTROL
test,quarter,FullP1,11,r011,6,6,6,True,1045256.6219196878,1046320.7939542034,1064.1720345154947,0.10075937895945013,1064.1720345154947,0.0,0.88055170327425,1047226.1003067442,1969.4783870563454,1.0,0.5,0.0,0.0,0.5,0.0,Independent-replacement+CHILS（独立替代估计对照）,Independent-replacement+CHILS,INTERNAL_INDEPENDENT_REPLACEMENT_CONTROL
test,quarter,FullGreedy,8,r008,6,6,6,True,1044265.952251702,1044558.1006669166,292.14841521467315,0.029324736482882783,292.14841521467315,0.0,0.9898442650834719,1046898.9733337444,2633.0210820425223,1.0,0.16666666666666666,0.0,0.0,0.8333333333333334,0.0,Greedy-rank+CHILS（贪心请求排序内部对照）,Greedy-rank+CHILS,INTERNAL_GREEDY_REQUEST_RANKING
test,quarter,FullGreedy,9,r009,6,6,6,True,1042707.5249137585,1043466.3976284348,758.8727146763122,0.083359139523408,426.2371656816492,332.635548994663,0.9794588591903448,1044991.1779389115,2283.653025153035,1.0,0.3333333333333333,0.0,0.0,0.6666666666666666,0.0,Greedy-rank+CHILS（贪心请求排序内部对照）,Greedy-rank+CHILS,INTERNAL_GREEDY_REQUEST_RANKING
test,quarter,FullGreedy,10,r010,6,6,6,True,1043561.0805865627,1043857.52250574,296.4419191773438,0.02272412745552137,234.94462404151759,61.497295135826185,0.9873063086221615,1046510.3263552687,2949.2457687059846,1.0,0.16666666666666666,0.0,0.0,0.8333333333333334,0.0,Greedy-rank+CHILS（贪心请求排序内部对照）,Greedy-rank+CHILS,INTERNAL_GREEDY_REQUEST_RANKING
test,quarter,FullGreedy,11,r011,6,6,6,True,1045256.6219196878,1046742.7783136774,1486.1563939896685,0.14696829089419514,1057.2169157400106,428.9394782496577,0.9616474490612745,1047809.1436414309,2552.521721742989,1.0,0.5,0.0,0.0,0.5,0.0,Greedy-rank+CHILS（贪心请求排序内部对照）,Greedy-rank+CHILS,INTERNAL_GREEDY_REQUEST_RANKING
test,quarter,CHILS-p1,8,r008,6,6,6,True,1044265.952251702,1075656.7071827138,31390.754931011837,3.075754660665222,0.0,31390.754931011837,0.8915104592839876,1075656.7071827138,31390.754931011837,1.0,1.0,0.0,0.6666666666666666,0.0,0.0,CHILS-p1（SEA 2025 公开 MWIS 算法）,CHILS-p1 (SEA 2025),PUBLISHED_MWIS_BASELINE
test,quarter,CHILS-p1,9,r009,6,6,6,True,1042707.5249137585,1073419.1973860362,30711.672472277674,3.0171930263253253,0.0,30711.672472277674,0.8935912698507309,1073419.1973860362,30711.672472277674,1.0,1.0,0.0,0.6666666666666666,0.0,0.0,CHILS-p1（SEA 2025 公开 MWIS 算法）,CHILS-p1 (SEA 2025),PUBLISHED_MWIS_BASELINE
test,quarter,CHILS-p1,10,r010,6,6,6,True,1043561.0805865627,1075520.6558408597,31959.575254296982,3.1412299916582893,0.0,31959.575254296982,0.8961524919917186,1075520.6558408597,31959.575254296982,1.0,1.0,0.0,0.6666666666666666,0.0,0.0,CHILS-p1（SEA 2025 公开 MWIS 算法）,CHILS-p1 (SEA 2025),PUBLISHED_MWIS_BASELINE
test,quarter,CHILS-p1,11,r011,6,6,6,True,1045256.6219196878,1076424.8230572448,31168.20113755683,3.0530465690489605,0.0,31168.20113755683,0.8914685609440008,1076424.8230572448,31168.20113755683,1.0,1.0,0.0,0.6666666666666666,0.0,0.0,CHILS-p1（SEA 2025 公开 MWIS 算法）,CHILS-p1 (SEA 2025),PUBLISHED_MWIS_BASELINE
test,quarter,HiGHS-MILP,8,r008,6,6,6,True,1044265.952251702,1044265.952251702,0.0,0.0,0.0,0.0,0.9916901160031557,1044265.952251702,0.0,1.0,0.0,0.0,0.0,1.0,0.0,HiGHS-MILP（通用 MILP 软件参照）,HiGHS (generic MILP),GENERIC_MILP_SOFTWARE_REFERENCE
test,quarter,HiGHS-MILP,9,r009,6,6,6,True,1042707.5249137585,1042707.5249137585,0.0,0.0,0.0,0.0,0.9921921001126369,1042707.5249137585,0.0,1.0,0.0,0.0,0.0,1.0,0.0,HiGHS-MILP（通用 MILP 软件参照）,HiGHS (generic MILP),GENERIC_MILP_SOFTWARE_REFERENCE
test,quarter,HiGHS-MILP,10,r010,6,6,6,True,1043561.0805865627,1043561.0805865627,0.0,0.0,0.0,0.0,0.9942902953674396,1043561.0805865627,0.0,1.0,0.0,0.0,0.0,1.0,0.0,HiGHS-MILP（通用 MILP 软件参照）,HiGHS (generic MILP),GENERIC_MILP_SOFTWARE_REFERENCE
test,quarter,HiGHS-MILP,11,r011,6,6,6,True,1045256.6219196878,1045256.6219196878,0.0,0.0,0.0,0.0,0.9926172991593679,1045256.6219196878,0.0,1.0,0.0,0.0,0.0,1.0,0.0,HiGHS-MILP（通用 MILP 软件参照）,HiGHS (generic MILP),GENERIC_MILP_SOFTWARE_REFERENCE
test,quarter,FullCapacity-mean17/29,8,r008,6,12,12,True,1044265.952251702,1045001.8301444086,735.8778927066791,0.08724169103287797,509.36117263691267,226.51672006976636,0.9841556195169687,1046543.876376735,2277.924125033043,1.0,0.3333333333333333,0.0,0.0,0.6666666666666666,0.0,JointRecovery（本文方法，JR；完整框架 STK 迁移）；两种子均值,"JointRecovery (JR, ours); 2-seed mean",PROPOSED_FULL_FRAMEWORK
test,quarter,FullCapacity-mean17/29,9,r009,6,12,12,True,1042707.5249137585,1043439.5412291304,732.016315371904,0.08062610708550576,469.58423736172455,262.4320780101795,0.9803531380991141,1044878.7041750696,2171.1792613111807,1.0,0.4166666666666667,0.0,0.0,0.5833333333333334,0.0,JointRecovery（本文方法，JR；完整框架 STK 迁移）；两种子均值,"JointRecovery (JR, ours); 2-seed mean",PROPOSED_FULL_FRAMEWORK
test,quarter,FullCapacity-mean17/29,10,r010,6,12,12,True,1043561.0805865627,1044051.6534313568,490.57284479407826,0.05465109476197163,338.77949267749983,151.7933521165784,0.9900197479873896,1045913.9256432705,2352.845056707893,1.0,0.16666666666666666,0.0,0.0,0.8333333333333334,0.0,JointRecovery（本文方法，JR；完整框架 STK 迁移）；两种子均值,"JointRecovery (JR, ours); 2-seed mean",PROPOSED_FULL_FRAMEWORK
test,quarter,FullCapacity-mean17/29,11,r011,6,12,12,True,1045256.6219196878,1045660.2216185298,403.59969884192105,0.041661342872067623,306.4932644987518,97.10643434316928,0.985555523696045,1047448.4393878133,2191.8174681255864,1.0,0.16666666666666666,0.0,0.0,0.8333333333333334,0.0,JointRecovery（本文方法，JR；完整框架 STK 迁移）；两种子均值,"JointRecovery (JR, ours); 2-seed mean",PROPOSED_FULL_FRAMEWORK
test,quarter,FullCheapSummary-mean17/29,8,r008,6,12,12,True,1044265.952251702,1045095.9632277092,830.0109760071986,0.08047406140830288,548.9446537265807,281.0663222806179,0.984605641104281,1046927.7231069924,2661.7708552905438,1.0,0.25,0.0,0.0,0.75,0.0,JR-CheapSummary（简化表示消融）；两种子均值,JR-CheapSummary; 2-seed mean,SIMPLIFIED_REPRESENTATION_ABLATION
test,quarter,FullCheapSummary-mean17/29,9,r009,6,12,12,True,1042707.5249137585,1043642.9994507026,935.4745369440934,0.08860441607324886,608.0581928792526,327.4163440648408,0.9810468448946873,1044868.6349593444,2161.1100455859364,1.0,0.3333333333333333,0.0,0.0,0.6666666666666666,0.0,JR-CheapSummary（简化表示消融）；两种子均值,JR-CheapSummary; 2-seed mean,SIMPLIFIED_REPRESENTATION_ABLATION
test,quarter,FullCheapSummary-mean17/29,10,r010,6,12,12,True,1043561.0805865627,1045172.9754094802,1611.8948229173936,0.15582641368381292,1022.3423503406424,589.5524725767513,0.974868442552785,1046391.8196119095,2830.739025346731,1.0,0.4166666666666667,0.0,0.0,0.5833333333333334,0.0,JR-CheapSummary（简化表示消融）；两种子均值,JR-CheapSummary; 2-seed mean,SIMPLIFIED_REPRESENTATION_ABLATION
test,quarter,FullCheapSummary-mean17/29,11,r011,6,12,12,True,1045256.6219196878,1046588.3240210725,1331.702101384503,0.122188234804662,1019.81879503375,311.883306350753,0.9792972054953376,1047787.5932689485,2530.971349260673,1.0,0.4166666666666667,0.0,0.0,0.5833333333333334,0.0,JR-CheapSummary（简化表示消融）；两种子均值,JR-CheapSummary; 2-seed mean,SIMPLIFIED_REPRESENTATION_ABLATION
test,half,FullCapacity-seed17,8,r008,6,6,6,True,1044265.952251702,1044840.0713910343,574.119139332363,0.05394781403298838,364.48582673216396,209.63331260019913,1.9593431285272043,1047001.874137686,2735.921885984038,1.0,0.16666666666666666,0.0,0.0,0.8333333333333334,0.0,JointRecovery（本文方法，JR；完整框架 STK 迁移）；seed17,"JointRecovery (JR, ours); seed17",PROPOSED_FULL_FRAMEWORK
test,half,FullCapacity-seed17,9,r009,6,6,6,True,1042707.5249137585,1042983.523633832,275.9987200735292,0.021172219832460735,246.82888333584802,29.16983673768118,1.9666871124257643,1044991.1779389115,2283.653025153035,1.0,0.16666666666666666,0.0,0.0,0.8333333333333334,0.0,JointRecovery（本文方法，JR；完整框架 STK 迁移）；seed17,"JointRecovery (JR, ours); seed17",PROPOSED_FULL_FRAMEWORK
test,half,FullCapacity-seed17,10,r010,6,6,6,True,1043561.0805865627,1045142.4064186112,1581.3258320484892,0.15619890400548378,1057.9090775129928,523.4167545354964,1.945902646208803,1046510.3263552687,2949.2457687059846,1.0,0.6666666666666666,0.0,0.0,0.3333333333333333,0.0,JointRecovery（本文方法，JR；完整框架 STK 迁移）；seed17,"JointRecovery (JR, ours); seed17",PROPOSED_FULL_FRAMEWORK
test,half,FullCapacity-seed17,11,r011,6,6,6,True,1045256.6219196878,1045650.6846544171,394.06273472933873,0.04072386739425679,373.8910095771619,20.171725152176805,1.9580240684250991,1047787.5932689485,2530.971349260673,1.0,0.3333333333333333,0.0,0.0,0.6666666666666666,0.0,JointRecovery（本文方法，JR；完整框架 STK 迁移）；seed17,"JointRecovery (JR, ours); seed17",PROPOSED_FULL_FRAMEWORK
test,half,FullCapacity-seed29,8,r008,6,6,6,True,1044265.952251702,1044599.8641001265,333.911848424507,0.04605307541612208,178.8281380351594,155.0837103893476,1.957746297121048,1047078.8831032453,2812.930851543361,1.0,0.16666666666666666,0.0,0.0,0.8333333333333334,0.0,JointRecovery（本文方法，JR；完整框架 STK 迁移）；seed29,"JointRecovery (JR, ours); seed29",PROPOSED_FULL_FRAMEWORK
test,half,FullCapacity-seed29,9,r009,6,6,6,True,1042707.5249137585,1042707.5249137585,0.0,0.0,0.0,0.0,1.9641612817843754,1044991.1779389115,2283.653025153035,1.0,0.0,0.0,0.0,1.0,0.0,JointRecovery（本文方法，JR；完整框架 STK 迁移）；seed29,"JointRecovery (JR, ours); seed29",PROPOSED_FULL_FRAMEWORK
test,half,FullCapacity-seed29,10,r010,6,6,6,True,1043561.0805865627,1043561.0805865627,0.0,0.0,0.0,0.0,1.9672741380830605,1046603.7830857706,3042.7024992079823,1.0,0.0,0.0,0.0,1.0,0.0,JointRecovery（本文方法，JR；完整框架 STK 迁移）；seed29,"JointRecovery (JR, ours); seed29",PROPOSED_FULL_FRAMEWORK
test,half,FullCapacity-seed29,11,r011,6,6,6,True,1045256.6219196878,1046063.8213173716,807.1993976838421,0.08332268574413525,612.9865289975036,194.21286868633857,1.9582072185973327,1047809.1436414309,2552.521721742989,1.0,0.3333333333333333,0.0,0.0,0.6666666666666666,0.0,JointRecovery（本文方法，JR；完整框架 STK 迁移）；seed29,"JointRecovery (JR, ours); seed29",PROPOSED_FULL_FRAMEWORK
test,half,FullCheapSummary-seed17,8,r008,6,6,6,True,1044265.952251702,1045198.0498767891,932.0976250871705,0.08155598367014753,622.033893882491,310.0637312046795,1.9591443371027708,1047093.1933939481,2827.2411422461737,1.0,0.3333333333333333,0.0,0.0,0.6666666666666666,0.0,JR-CheapSummary（简化表示消融）；seed17,JR-CheapSummary; seed17,SIMPLIFIED_REPRESENTATION_ABLATION
test,half,FullCheapSummary-seed17,9,r009,6,6,6,True,1042707.5249137585,1043411.8840831384,704.3591693800021,0.06744242328558342,472.31267792182433,232.0464914581777,1.9414864107966423,1044991.1779389115,2283.653025153035,1.0,0.3333333333333333,0.0,0.0,0.6666666666666666,0.0,JR-CheapSummary（简化表示消融）；seed17,JR-CheapSummary; seed17,SIMPLIFIED_REPRESENTATION_ABLATION
test,half,FullCheapSummary-seed17,10,r010,6,6,6,True,1043561.0805865627,1045994.5719314851,2433.4913449224746,0.23297573062651222,1523.716724348138,909.7746205743364,1.9494639486074448,1046510.3263552687,2949.2457687059846,1.0,0.6666666666666666,0.0,0.0,0.3333333333333333,0.0,JR-CheapSummary（简化表示消融）；seed17,JR-CheapSummary; seed17,SIMPLIFIED_REPRESENTATION_ABLATION
test,half,FullCheapSummary-seed17,11,r011,6,6,6,True,1045256.6219196878,1045964.3781125569,707.7561928690023,0.07936769766271289,604.968801494843,102.7873913741593,1.9459003042429686,1047787.5932689485,2530.971349260673,1.0,0.3333333333333333,0.0,0.0,0.6666666666666666,0.0,JR-CheapSummary（简化表示消融）；seed17,JR-CheapSummary; seed17,SIMPLIFIED_REPRESENTATION_ABLATION
test,half,FullCheapSummary-seed29,8,r008,6,6,6,True,1044265.952251702,1045111.6477734762,845.6955217741779,0.09910557016675108,547.7457920239927,297.9497297501851,1.9006088531265657,1047016.1844283888,2750.2321766868504,1.0,0.3333333333333333,0.0,0.0,0.6666666666666666,0.0,JR-CheapSummary（简化表示消融）；seed29,JR-CheapSummary; seed29,SIMPLIFIED_REPRESENTATION_ABLATION
test,half,FullCheapSummary-seed29,9,r009,6,6,6,True,1042707.5249137585,1043566.2073937877,858.6824800291797,0.07636171963779614,464.85547908131656,393.82700094786316,1.9403439089655876,1044991.1779389115,2283.653025153035,1.0,0.3333333333333333,0.0,0.0,0.6666666666666666,0.0,JR-CheapSummary（简化表示消融）；seed29,JR-CheapSummary; seed29,SIMPLIFIED_REPRESENTATION_ABLATION
test,half,FullCheapSummary-seed29,10,r010,6,6,6,True,1043561.0805865627,1044869.9320336423,1308.851447079641,0.13067270186912502,802.5076357819684,506.3438112976728,1.961606053635478,1046510.3263552687,2949.2457687059846,1.0,0.3333333333333333,0.0,0.0,0.6666666666666666,0.0,JR-CheapSummary（简化表示消融）；seed29,JR-CheapSummary; seed29,SIMPLIFIED_REPRESENTATION_ABLATION
test,half,FullCheapSummary-seed29,11,r011,6,6,6,True,1045256.6219196878,1045788.4866773722,531.864757684331,0.05530181421009647,429.0773663101718,102.7873913741593,1.9371576787283022,1047809.1436414309,2552.521721742989,1.0,0.16666666666666666,0.0,0.0,0.8333333333333334,0.0,JR-CheapSummary（简化表示消融）；seed29,JR-CheapSummary; seed29,SIMPLIFIED_REPRESENTATION_ABLATION
test,half,FullP1,8,r008,6,6,6,True,1044265.952251702,1045818.049055897,1552.0968041950061,0.1485168367152397,1552.0968041950061,0.0,1.340417894224326,1046110.1974711117,1844.2452194096793,1.0,0.8333333333333334,0.0,0.0,0.16666666666666666,0.0,Independent-replacement+CHILS（独立替代估计对照）,Independent-replacement+CHILS,INTERNAL_INDEPENDENT_REPLACEMENT_CONTROL
test,half,FullP1,9,r009,6,6,6,True,1042707.5249137585,1044153.0812706779,1445.5563569193084,0.14109015870293945,1445.5563569193084,0.0,1.2219666590293248,1044153.0812706779,1445.5563569193084,1.0,1.0,0.0,0.0,0.0,0.0,Independent-replacement+CHILS（独立替代估计对照）,Independent-replacement+CHILS,INTERNAL_INDEPENDENT_REPLACEMENT_CONTROL
test,half,FullP1,10,r010,6,6,6,True,1043561.0805865627,1045589.477301886,2028.3967153233243,0.19612778933631358,1966.8994201874982,61.497295135826185,1.507800607631604,1045589.477301886,2028.3967153233243,1.0,1.0,0.0,0.0,0.0,0.0,Independent-replacement+CHILS（独立替代估计对照）,Independent-replacement+CHILS,INTERNAL_INDEPENDENT_REPLACEMENT_CONTROL
test,half,FullP1,11,r011,6,6,6,True,1045256.6219196878,1047041.6919869917,1785.0700673038373,0.17032750238466346,1778.433931439339,6.636135864498404,1.3228307403624058,1047232.7364426086,1976.114522920844,1.0,0.8333333333333334,0.0,0.0,0.16666666666666666,0.0,Independent-replacement+CHILS（独立替代估计对照）,Independent-replacement+CHILS,INTERNAL_INDEPENDENT_REPLACEMENT_CONTROL
test,half,FullGreedy,8,r008,6,6,6,True,1044265.952251702,1046349.2768513794,2083.324599677522,0.20819059623406477,1294.548737044679,788.7758626328432,1.7064546613643568,1047093.1933939481,2827.2411422461737,1.0,0.6666666666666666,0.0,0.0,0.3333333333333333,0.0,Greedy-rank+CHILS（贪心请求排序内部对照）,Greedy-rank+CHILS,INTERNAL_GREEDY_REQUEST_RANKING
test,half,FullGreedy,9,r009,6,6,6,True,1042707.5249137585,1044513.8753357064,1806.3504219478734,0.181221071897234,1162.065019038312,644.2854029095615,1.4577790033072233,1044996.7975909575,2289.272677199042,1.0,0.8333333333333334,0.0,0.0,0.16666666666666666,0.0,Greedy-rank+CHILS（贪心请求排序内部对照）,Greedy-rank+CHILS,INTERNAL_GREEDY_REQUEST_RANKING
test,half,FullGreedy,10,r010,6,6,6,True,1043561.0805865627,1045749.6081557884,2188.5275692256596,0.20470525458476982,1425.4746261648445,763.0529430608149,1.8568829695383708,1046515.9389224922,2954.8583359294767,1.0,0.6666666666666666,0.0,0.0,0.3333333333333333,0.0,Greedy-rank+CHILS（贪心请求排序内部对照）,Greedy-rank+CHILS,INTERNAL_GREEDY_REQUEST_RANKING
test,half,FullGreedy,11,r011,6,6,6,True,1045256.6219196878,1047246.4382955977,1989.8163759098388,0.19252756682878117,1580.4343570468482,409.38201886299066,1.6549464563528697,1047809.1436414309,2552.521721742989,1.0,0.6666666666666666,0.0,0.0,0.3333333333333333,0.0,Greedy-rank+CHILS（贪心请求排序内部对照）,Greedy-rank+CHILS,INTERNAL_GREEDY_REQUEST_RANKING
test,half,CHILS-p1,8,r008,6,6,6,True,1044265.952251702,1127719.3155634347,83453.36331173284,8.22024374340398,0.0,83453.36331173284,1.6493019486467044,1127719.3155634347,83453.36331173284,1.0,1.0,0.0,0.0,0.0,0.0,CHILS-p1（SEA 2025 公开 MWIS 算法）,CHILS-p1 (SEA 2025),PUBLISHED_MWIS_BASELINE
test,half,CHILS-p1,9,r009,6,6,6,True,1042707.5249137585,1126052.172823444,83344.64790968549,8.191109124963317,0.0,83344.64790968549,1.6473883595317602,1126052.172823444,83344.64790968549,1.0,1.0,0.0,0.0,0.0,0.0,CHILS-p1（SEA 2025 公开 MWIS 算法）,CHILS-p1 (SEA 2025),PUBLISHED_MWIS_BASELINE
test,half,CHILS-p1,10,r010,6,6,6,True,1043561.0805865627,1127704.1535260866,84143.07293952396,8.25102715166173,0.0,84143.07293952396,1.6606786518047254,1127704.1535260866,84143.07293952396,1.0,1.0,0.0,0.0,0.0,0.0,CHILS-p1（SEA 2025 公开 MWIS 算法）,CHILS-p1 (SEA 2025),PUBLISHED_MWIS_BASELINE
test,half,CHILS-p1,11,r011,6,6,6,True,1045256.6219196878,1127412.3528112369,82155.73089154903,8.062268408165552,0.0,82155.73089154903,1.6671351492404938,1127412.3528112369,82155.73089154903,1.0,1.0,0.0,0.0,0.0,0.0,CHILS-p1（SEA 2025 公开 MWIS 算法）,CHILS-p1 (SEA 2025),PUBLISHED_MWIS_BASELINE
test,half,HiGHS-MILP,8,r008,6,6,6,True,1044265.952251702,1044265.952251702,0.0,0.0,0.0,0.0,1.9698713465283315,1044265.952251702,0.0,1.0,0.0,0.0,0.0,1.0,0.0,HiGHS-MILP（通用 MILP 软件参照）,HiGHS (generic MILP),GENERIC_MILP_SOFTWARE_REFERENCE
test,half,HiGHS-MILP,9,r009,6,6,6,True,1042707.5249137585,1042707.5249137585,0.0,0.0,0.0,0.0,1.966301537429293,1042707.5249137585,0.0,1.0,0.0,0.0,0.0,1.0,0.0,HiGHS-MILP（通用 MILP 软件参照）,HiGHS (generic MILP),GENERIC_MILP_SOFTWARE_REFERENCE
test,half,HiGHS-MILP,10,r010,6,6,6,True,1043561.0805865627,1043561.0805865627,0.0,0.0,0.0,0.0,1.9646891790131729,1043561.0805865627,0.0,1.0,0.0,0.0,0.0,1.0,0.0,HiGHS-MILP（通用 MILP 软件参照）,HiGHS (generic MILP),GENERIC_MILP_SOFTWARE_REFERENCE
test,half,HiGHS-MILP,11,r011,6,6,6,True,1045256.6219196878,1045256.6219196878,0.0,0.0,0.0,0.0,1.9678734509895246,1045256.6219196878,0.0,1.0,0.0,0.0,0.0,1.0,0.0,HiGHS-MILP（通用 MILP 软件参照）,HiGHS (generic MILP),GENERIC_MILP_SOFTWARE_REFERENCE
test,half,FullCapacity-mean17/29,8,r008,6,12,12,True,1044265.952251702,1044719.9677455804,454.01549387843505,0.050000444724555226,271.65698238366167,182.35851149477335,1.958544712824126,1047040.3786204656,2774.4263687636994,1.0,0.16666666666666666,0.0,0.0,0.8333333333333334,0.0,JointRecovery（本文方法，JR；完整框架 STK 迁移）；两种子均值,"JointRecovery (JR, ours); 2-seed mean",PROPOSED_FULL_FRAMEWORK
test,half,FullCapacity-mean17/29,9,r009,6,12,12,True,1042707.5249137585,1042845.5242737952,137.9993600367646,0.010586109916230367,123.41444166792401,14.58491836884059,1.9654241971050699,1044991.1779389115,2283.653025153035,1.0,0.08333333333333333,0.0,0.0,0.9166666666666666,0.0,JointRecovery（本文方法，JR；完整框架 STK 迁移）；两种子均值,"JointRecovery (JR, ours); 2-seed mean",PROPOSED_FULL_FRAMEWORK
test,half,FullCapacity-mean17/29,10,r010,6,12,12,True,1043561.0805865627,1044351.743502587,790.6629160242446,0.07809945200274189,528.9545387564964,261.7083772677482,1.9565883921459317,1046557.0547205197,2995.974133956983,1.0,0.3333333333333333,0.0,0.0,0.6666666666666666,0.0,JointRecovery（本文方法，JR；完整框架 STK 迁移）；两种子均值,"JointRecovery (JR, ours); 2-seed mean",PROPOSED_FULL_FRAMEWORK
test,half,FullCapacity-mean17/29,11,r011,6,12,12,True,1045256.6219196878,1045857.2529858943,600.6310662065904,0.06202327656919601,493.4387692873327,107.19229691925769,1.958115643511216,1047798.3684551896,2541.7465355018307,1.0,0.3333333333333333,0.0,0.0,0.6666666666666666,0.0,JointRecovery（本文方法，JR；完整框架 STK 迁移）；两种子均值,"JointRecovery (JR, ours); 2-seed mean",PROPOSED_FULL_FRAMEWORK
test,half,FullCheapSummary-mean17/29,8,r008,6,12,12,True,1044265.952251702,1045154.8488251326,888.8965734306743,0.0903307769184493,584.8898429532419,304.0067304774323,1.9298765951146681,1047054.6889111685,2788.7366594665123,1.0,0.3333333333333333,0.0,0.0,0.6666666666666666,0.0,JR-CheapSummary（简化表示消融）；两种子均值,JR-CheapSummary; 2-seed mean,SIMPLIFIED_REPRESENTATION_ABLATION
test,half,FullCheapSummary-mean17/29,9,r009,6,12,12,True,1042707.5249137585,1043489.0457384632,781.5208247045908,0.0719020714616898,468.58407850157045,312.93674620302045,1.940915159881115,1044991.1779389115,2283.653025153035,1.0,0.3333333333333333,0.0,0.0,0.6666666666666666,0.0,JR-CheapSummary（简化表示消融）；两种子均值,JR-CheapSummary; 2-seed mean,SIMPLIFIED_REPRESENTATION_ABLATION
test,half,FullCheapSummary-mean17/29,10,r010,6,12,12,True,1043561.0805865627,1045432.2519825638,1871.1713960010577,0.1818242162478186,1163.1121800650533,708.0592159360045,1.9555350011214614,1046510.3263552687,2949.2457687059846,1.0,0.5,0.0,0.0,0.5,0.0,JR-CheapSummary（简化表示消融）；两种子均值,JR-CheapSummary; 2-seed mean,SIMPLIFIED_REPRESENTATION_ABLATION
test,half,FullCheapSummary-mean17/29,11,r011,6,12,12,True,1045256.6219196878,1045876.4323949645,619.8104752766667,0.06733475593640469,517.0230839025074,102.7873913741593,1.9415289914856355,1047798.3684551896,2541.7465355018307,1.0,0.25,0.0,0.0,0.75,0.0,JR-CheapSummary（简化表示消融）；两种子均值,JR-CheapSummary; 2-seed mean,SIMPLIFIED_REPRESENTATION_ABLATION
test,wide,FullCapacity-seed17,8,r008,6,6,6,True,1044265.952251702,1046443.99374608,2178.041494378005,0.22083694657353445,1461.928101121157,716.1133932568482,3.5543457493185997,1047093.1933939481,2827.2411422461737,1.0,0.8333333333333334,0.0,0.0,0.16666666666666666,0.0,JointRecovery（本文方法，JR；完整框架 STK 迁移）；seed17,"JointRecovery (JR, ours); seed17",PROPOSED_FULL_FRAMEWORK
test,wide,FullCapacity-seed17,9,r009,6,6,6,True,1042707.5249137585,1044615.4177141335,1907.8928003750236,0.19464523523946223,1264.1922157189886,643.7005846560351,3.28311246757706,1044996.7975909575,2289.272677199042,1.0,0.8333333333333334,0.0,0.0,0.16666666666666666,0.0,JointRecovery（本文方法，JR；完整框架 STK 迁移）；seed17,"JointRecovery (JR, ours); seed17",PROPOSED_FULL_FRAMEWORK
test,wide,FullCapacity-seed17,10,r010,6,6,6,True,1043561.0805865627,1045235.5525913428,1674.4720047801577,0.15494096089315085,1216.0388471815193,458.4331575986386,3.387954338764151,1046515.9389224922,2954.8583359294767,1.0,0.6666666666666666,0.0,0.0,0.3333333333333333,0.0,JointRecovery（本文方法，JR；完整框架 STK 迁移）；seed17,"JointRecovery (JR, ours); seed17",PROPOSED_FULL_FRAMEWORK
test,wide,FullCapacity-seed17,11,r011,6,6,6,True,1045256.6219196878,1046918.6697488622,1662.0478291743395,0.17103417434681156,1233.1083509246819,428.9394782496577,3.2950049669792256,1047787.5932689485,2530.971349260673,1.0,0.6666666666666666,0.0,0.0,0.3333333333333333,0.0,JointRecovery（本文方法，JR；完整框架 STK 迁移）；seed17,"JointRecovery (JR, ours); seed17",PROPOSED_FULL_FRAMEWORK
test,wide,FullCapacity-seed29,8,r008,6,6,6,True,1044265.952251702,1046695.5682059913,2429.615954289349,0.23470057015837262,1552.0968041950061,877.5191500943425,3.6111206070830426,1047095.8165535079,2829.864301806005,1.0,0.8333333333333334,0.0,0.0,0.16666666666666666,0.0,JointRecovery（本文方法，JR；完整框架 STK 迁移）；seed29,"JointRecovery (JR, ours); seed29",PROPOSED_FULL_FRAMEWORK
test,wide,FullCapacity-seed29,9,r009,6,6,6,True,1042707.5249137585,1044615.4177141335,1907.8928003750236,0.19464523523946223,1264.1922157189886,643.7005846560351,3.5572133952130875,1044996.7975909575,2289.272677199042,1.0,0.8333333333333334,0.0,0.0,0.16666666666666666,0.0,JointRecovery（本文方法，JR；完整框架 STK 迁移）；seed29,"JointRecovery (JR, ours); seed29",PROPOSED_FULL_FRAMEWORK
test,wide,FullCapacity-seed29,10,r010,6,6,6,True,1043561.0805865627,1044717.3100029458,1156.2294163831587,0.11667159882317801,776.3694180641711,379.8599983189876,3.777582752828797,1046603.7830857706,3042.7024992079823,1.0,0.5,0.0,0.0,0.5,0.0,JointRecovery（本文方法，JR；完整框架 STK 迁移）；seed29,"JointRecovery (JR, ours); seed29",PROPOSED_FULL_FRAMEWORK
test,wide,FullCapacity-seed29,11,r011,6,6,6,True,1045256.6219196878,1046595.686075056,1339.0641553681733,0.1386244999542317,1042.0638953076752,297.00026006049785,3.7321270195146403,1047809.1436414309,2552.521721742989,1.0,0.5,0.0,0.0,0.5,0.0,JointRecovery（本文方法，JR；完整框架 STK 迁移）；seed29,"JointRecovery (JR, ours); seed29",PROPOSED_FULL_FRAMEWORK
test,wide,FullCheapSummary-seed17,8,r008,6,6,6,True,1044265.952251702,1046102.9487105878,1836.996458885842,0.1948199495051357,1204.3800339708298,632.6164249150121,3.543705823520819,1047095.8165535079,2829.864301806005,1.0,0.6666666666666666,0.0,0.0,0.3333333333333333,0.0,JR-CheapSummary（简化表示消融）；seed17,JR-CheapSummary; seed17,SIMPLIFIED_REPRESENTATION_ABLATION
test,wide,FullCheapSummary-seed17,9,r009,6,6,6,True,1042707.5249137585,1044615.4177141335,1907.8928003750236,0.19464523523946223,1264.1922157189886,643.7005846560351,3.4192975970606008,1044996.7975909575,2289.272677199042,1.0,0.8333333333333334,0.0,0.0,0.16666666666666666,0.0,JR-CheapSummary（简化表示消融）；seed17,JR-CheapSummary; seed17,SIMPLIFIED_REPRESENTATION_ABLATION
test,wide,FullCheapSummary-seed17,10,r010,6,6,6,True,1043561.0805865627,1044629.4658396674,1068.385253104653,0.10463353726377504,776.3694180641711,292.01583504048176,3.715951761851708,1046515.9389224922,2954.8583359294767,1.0,0.5,0.0,0.0,0.5,0.0,JR-CheapSummary（简化表示消融）；seed17,JR-CheapSummary; seed17,SIMPLIFIED_REPRESENTATION_ABLATION
test,wide,FullCheapSummary-seed17,11,r011,6,6,6,True,1045256.6219196878,1046303.5429893987,1046.9210697108258,0.10162610040693836,810.9861033899942,235.93496632083165,3.668990124017,1047809.1436414309,2552.521721742989,1.0,0.5,0.0,0.0,0.5,0.0,JR-CheapSummary（简化表示消融）；seed17,JR-CheapSummary; seed17,SIMPLIFIED_REPRESENTATION_ABLATION
test,wide,FullCheapSummary-seed29,8,r008,6,6,6,True,1044265.952251702,1045700.0772035113,1434.1249518093537,0.15439806834054534,912.2316187561568,521.8933330531969,3.545760349060098,1047093.1933939481,2827.2411422461737,1.0,0.5,0.0,0.0,0.5,0.0,JR-CheapSummary（简化表示消融）；seed29,JR-CheapSummary; seed29,SIMPLIFIED_REPRESENTATION_ABLATION
test,wide,FullCheapSummary-seed29,9,r009,6,6,6,True,1042707.5249137585,1044615.4177141335,1907.8928003750236,0.19464523523946223,1264.1922157189886,643.7005846560351,3.448239411537846,1044996.7975909575,2289.272677199042,1.0,0.8333333333333334,0.0,0.0,0.16666666666666666,0.0,JR-CheapSummary（简化表示消融）；seed29,JR-CheapSummary; seed29,SIMPLIFIED_REPRESENTATION_ABLATION
test,wide,FullCheapSummary-seed29,10,r010,6,6,6,True,1043561.0805865627,1045235.5525913428,1674.4720047801577,0.15494096089315085,1216.0388471815193,458.4331575986386,3.653898399323225,1046515.9389224922,2954.8583359294767,1.0,0.6666666666666666,0.0,0.0,0.3333333333333333,0.0,JR-CheapSummary（简化表示消融）；seed29,JR-CheapSummary; seed29,SIMPLIFIED_REPRESENTATION_ABLATION
test,wide,FullCheapSummary-seed29,11,r011,6,6,6,True,1045256.6219196878,1046595.686075056,1339.0641553681733,0.1386244999542317,1042.0638953076752,297.00026006049785,3.469388964896401,1047809.1436414309,2552.521721742989,1.0,0.5,0.0,0.0,0.5,0.0,JR-CheapSummary（简化表示消融）；seed29,JR-CheapSummary; seed29,SIMPLIFIED_REPRESENTATION_ABLATION
test,wide,FullP1,8,r008,6,6,6,True,1044265.952251702,1046110.1974711117,1844.2452194096793,0.17784157319812247,1844.2452194096793,0.0,1.642026538029313,1046110.1974711117,1844.2452194096793,1.0,1.0,0.0,0.0,0.0,0.0,Independent-replacement+CHILS（独立替代估计对照）,Independent-replacement+CHILS,INTERNAL_INDEPENDENT_REPLACEMENT_CONTROL
test,wide,FullP1,9,r009,6,6,6,True,1042707.5249137585,1044153.0812706779,1445.5563569193084,0.14109015870293945,1445.5563569193084,0.0,1.6007365037997563,1044153.0812706779,1445.5563569193084,1.0,1.0,0.0,0.0,0.0,0.0,Independent-replacement+CHILS（独立替代估计对照）,Independent-replacement+CHILS,INTERNAL_INDEPENDENT_REPLACEMENT_CONTROL
test,wide,FullP1,10,r010,6,6,6,True,1043561.0805865627,1045589.477301886,2028.3967153233243,0.19612778933631358,1966.8994201874982,61.497295135826185,1.704776007682085,1045589.477301886,2028.3967153233243,1.0,1.0,0.0,0.0,0.0,0.0,Independent-replacement+CHILS（独立替代估计对照）,Independent-replacement+CHILS,INTERNAL_INDEPENDENT_REPLACEMENT_CONTROL
test,wide,FullP1,11,r011,6,6,6,True,1045256.6219196878,1047232.7364426086,1976.114522920844,0.18949778591042055,1969.4783870563454,6.636135864498404,2.2653509912391505,1047232.7364426086,1976.114522920844,1.0,1.0,0.0,0.0,0.0,0.0,Independent-replacement+CHILS（独立替代估计对照）,Independent-replacement+CHILS,INTERNAL_INDEPENDENT_REPLACEMENT_CONTROL
test,wide,FullGreedy,8,r008,6,6,6,True,1044265.952251702,1047093.1933939481,2827.2411422461737,0.27462947446705394,1844.2452194096793,982.9959228364945,2.1338182855397463,1047093.1933939481,2827.2411422461737,1.0,1.0,0.0,0.0,0.0,0.0,Greedy-rank+CHILS（贪心请求排序内部对照）,Greedy-rank+CHILS,INTERNAL_GREEDY_REQUEST_RANKING
test,wide,FullGreedy,9,r009,6,6,6,True,1042707.5249137585,1044996.7975909575,2289.272677199042,0.22637674633804816,1445.5563569193084,843.7163202797334,1.7878860191752513,1044996.7975909575,2289.272677199042,1.0,1.0,0.0,0.0,0.0,0.0,Greedy-rank+CHILS（贪心请求排序内部对照）,Greedy-rank+CHILS,INTERNAL_GREEDY_REQUEST_RANKING
test,wide,FullGreedy,10,r010,6,6,6,True,1043561.0805865627,1046515.9389224922,2954.8583359294767,0.28618442600672084,1966.8994201874982,987.9589157419783,2.340618306150039,1046515.9389224922,2954.8583359294767,1.0,1.0,0.0,0.0,0.0,0.0,Greedy-rank+CHILS（贪心请求排序内部对照）,Greedy-rank+CHILS,INTERNAL_GREEDY_REQUEST_RANKING
test,wide,FullGreedy,11,r011,6,6,6,True,1045256.6219196878,1047809.1436414309,2552.521721742989,0.24324065588416413,1969.4783870563454,583.0433346866436,2.2748301650087037,1047809.1436414309,2552.521721742989,1.0,1.0,0.0,0.0,0.0,0.0,Greedy-rank+CHILS（贪心请求排序内部对照）,Greedy-rank+CHILS,INTERNAL_GREEDY_REQUEST_RANKING
test,wide,CHILS-p1,8,r008,6,6,6,True,1044265.952251702,1129879.9211198625,85613.9688681605,8.428933940359762,0.0,85613.9688681605,3.0226370710879564,1129879.9211198625,85613.9688681605,1.0,1.0,0.0,0.0,0.0,0.0,CHILS-p1（SEA 2025 公开 MWIS 算法）,CHILS-p1 (SEA 2025),PUBLISHED_MWIS_BASELINE
test,wide,CHILS-p1,9,r009,6,6,6,True,1042707.5249137585,1127800.7155488168,85093.19063505834,8.36291233251839,0.0,85093.19063505834,3.020341131836176,1127800.7155488168,85093.19063505834,1.0,1.0,0.0,0.0,0.0,0.0,CHILS-p1（SEA 2025 公开 MWIS 算法）,CHILS-p1 (SEA 2025),PUBLISHED_MWIS_BASELINE
test,wide,CHILS-p1,10,r010,6,6,6,True,1043561.0805865627,1129165.9389977108,85604.85841114797,8.390785804400139,0.0,85604.85841114797,3.027533163626989,1129165.9389977108,85604.85841114797,1.0,1.0,0.0,0.0,0.0,0.0,CHILS-p1（SEA 2025 公开 MWIS 算法）,CHILS-p1 (SEA 2025),PUBLISHED_MWIS_BASELINE
test,wide,CHILS-p1,11,r011,6,6,6,True,1045256.6219196878,1128722.6239524593,83466.00203277134,8.183622740344605,0.0,83466.00203277134,3.054409818723798,1128722.6239524593,83466.00203277134,1.0,1.0,0.0,0.0,0.0,0.0,CHILS-p1（SEA 2025 公开 MWIS 算法）,CHILS-p1 (SEA 2025),PUBLISHED_MWIS_BASELINE
test,wide,HiGHS-MILP,8,r008,6,6,6,True,1044265.952251702,1044265.952251702,0.0,0.0,0.0,0.0,4.092795421679814,1044265.952251702,0.0,1.0,0.3333333333333333,0.0,0.0,0.6666666666666666,0.0,HiGHS-MILP（通用 MILP 软件参照）,HiGHS (generic MILP),GENERIC_MILP_SOFTWARE_REFERENCE
test,wide,HiGHS-MILP,9,r009,6,6,6,True,1042707.5249137585,1042707.5249137585,0.0,0.0,0.0,0.0,3.960629817098379,1042707.5249137585,0.0,1.0,0.5,0.0,0.0,0.5,0.0,HiGHS-MILP（通用 MILP 软件参照）,HiGHS (generic MILP),GENERIC_MILP_SOFTWARE_REFERENCE
test,wide,HiGHS-MILP,10,r010,6,6,6,True,1043561.0805865627,1043561.0805865627,0.0,0.0,0.0,0.0,4.048092236742377,1043561.0805865627,0.0,1.0,0.3333333333333333,0.0,0.0,0.6666666666666666,0.0,HiGHS-MILP（通用 MILP 软件参照）,HiGHS (generic MILP),GENERIC_MILP_SOFTWARE_REFERENCE
test,wide,HiGHS-MILP,11,r011,6,6,6,True,1045256.6219196878,1045256.6219196878,0.0,0.0,0.0,0.0,4.088252364347379,1045256.6219196878,0.0,1.0,0.3333333333333333,0.0,0.0,0.6666666666666666,0.0,HiGHS-MILP（通用 MILP 软件参照）,HiGHS (generic MILP),GENERIC_MILP_SOFTWARE_REFERENCE
test,wide,FullCapacity-mean17/29,8,r008,6,12,12,True,1044265.952251702,1046569.7809760356,2303.8287243336767,0.22776875836595353,1507.0124526580814,796.8162716755954,3.582733178200821,1047094.5049737281,2828.5527220260897,1.0,0.8333333333333334,0.0,0.0,0.16666666666666666,0.0,JointRecovery（本文方法，JR；完整框架 STK 迁移）；两种子均值,"JointRecovery (JR, ours); 2-seed mean",PROPOSED_FULL_FRAMEWORK
test,wide,FullCapacity-mean17/29,9,r009,6,12,12,True,1042707.5249137585,1044615.4177141335,1907.8928003750236,0.19464523523946223,1264.1922157189886,643.7005846560351,3.420162931395074,1044996.7975909575,2289.272677199042,1.0,0.8333333333333334,0.0,0.0,0.16666666666666666,0.0,JointRecovery（本文方法，JR；完整框架 STK 迁移）；两种子均值,"JointRecovery (JR, ours); 2-seed mean",PROPOSED_FULL_FRAMEWORK
test,wide,FullCapacity-mean17/29,10,r010,6,12,12,True,1043561.0805865627,1044976.4312971444,1415.3507105816582,0.13580627985816443,996.2041326228451,419.1465779588131,3.582768545796474,1046559.8610041314,2998.7804175687293,1.0,0.5833333333333334,0.0,0.0,0.4166666666666667,0.0,JointRecovery（本文方法，JR；完整框架 STK 迁移）；两种子均值,"JointRecovery (JR, ours); 2-seed mean",PROPOSED_FULL_FRAMEWORK
test,wide,FullCapacity-mean17/29,11,r011,6,12,12,True,1045256.6219196878,1046757.1779119591,1500.5559922712564,0.15482933715052163,1137.5861231161787,362.9698691550778,3.513565993246933,1047798.3684551896,2541.7465355018307,1.0,0.5833333333333334,0.0,0.0,0.4166666666666667,0.0,JointRecovery（本文方法，JR；完整框架 STK 迁移）；两种子均值,"JointRecovery (JR, ours); 2-seed mean",PROPOSED_FULL_FRAMEWORK
test,wide,FullCheapSummary-mean17/29,8,r008,6,12,12,True,1044265.952251702,1045901.5129570495,1635.5607053475978,0.1746090089228405,1058.3058263634932,577.2548789841045,3.5447330862904587,1047094.5049737281,2828.5527220260897,1.0,0.5833333333333334,0.0,0.0,0.4166666666666667,0.0,JR-CheapSummary（简化表示消融）；两种子均值,JR-CheapSummary; 2-seed mean,SIMPLIFIED_REPRESENTATION_ABLATION
test,wide,FullCheapSummary-mean17/29,9,r009,6,12,12,True,1042707.5249137585,1044615.4177141335,1907.8928003750236,0.19464523523946223,1264.1922157189886,643.7005846560351,3.4337685042992234,1044996.7975909575,2289.272677199042,1.0,0.8333333333333334,0.0,0.0,0.16666666666666666,0.0,JR-CheapSummary（简化表示消融）；两种子均值,JR-CheapSummary; 2-seed mean,SIMPLIFIED_REPRESENTATION_ABLATION
test,wide,FullCheapSummary-mean17/29,10,r010,6,12,12,True,1043561.0805865627,1044932.5092155052,1371.4286289424053,0.12978724907846292,996.2041326228451,375.22449631956016,3.6849250805874667,1046515.9389224922,2954.8583359294767,1.0,0.5833333333333334,0.0,0.0,0.4166666666666667,0.0,JR-CheapSummary（简化表示消融）；两种子均值,JR-CheapSummary; 2-seed mean,SIMPLIFIED_REPRESENTATION_ABLATION
test,wide,FullCheapSummary-mean17/29,11,r011,6,12,12,True,1045256.6219196878,1046449.6145322273,1192.9926125394995,0.12012530018058504,926.5249993488347,266.46761319066474,3.5691895444567003,1047809.1436414309,2552.521721742989,1.0,0.5,0.0,0.0,0.5,0.0,JR-CheapSummary（简化表示消融）；两种子均值,JR-CheapSummary; 2-seed mean,SIMPLIFIED_REPRESENTATION_ABLATION
