scope,phase,budget_id,policy_label,deadline_seconds,physical_source_count,seed_count,grid_complete,declared_cells,received_cells,failure_or_unknown_count,execution_failed_stop_count,observed_late_count,unknown_late_status_count,initial_S_seconds,strict_return_objective_seconds,strict_gain_seconds,strict_gain_percent,strict_prefix_seconds,strict_beyond_prefix_seconds,caller_seconds,observed_return_objective_seconds,observed_actual_gain_seconds,usable_rate,on_time_rate,submission_failure_or_unknown_rate,execution_failed_stop_rate,observed_late_rate,unknown_late_status_rate,method_display,method_display_en,method_role
INTERNAL_STATIC_MAX4_NOT_FULL_CONTROLLER_PRIMARY_RESULT,original_static_max4_validation,quarter,Capacity-seed17,0.9747309919819234,2,1,True,12,12,0,0,11,0,1044740.0993502066,1045019.255276151,279.1559259445057,0.02902000504030836,145.21403777583814,133.9418881686676,0.9904190609231591,1046762.861798668,2022.7624484615324,1.0,0.08333333333333333,0.0,0.0,0.9166666666666667,0.0,JointRecovery（静态 max4 内部诊断）；seed17,JointRecovery (static diagnostic); seed17,INTERNAL_STATIC_MAX4_DIAGNOSTIC
INTERNAL_STATIC_MAX4_NOT_FULL_CONTROLLER_PRIMARY_RESULT,original_static_max4_validation,quarter,Capacity-seed29,0.9747309919819234,2,1,True,12,12,0,0,11,0,1044740.0993502066,1044822.899594785,82.80024457842228,0.011356380206183974,73.18377996433992,9.61646461408236,0.9868207521115739,1046761.4448653664,2021.3455151599483,1.0,0.08333333333333333,0.0,0.0,0.9166666666666667,0.0,JointRecovery（静态 max4 内部诊断）；seed29,JointRecovery (static diagnostic); seed29,INTERNAL_STATIC_MAX4_DIAGNOSTIC
INTERNAL_STATIC_MAX4_NOT_FULL_CONTROLLER_PRIMARY_RESULT,original_static_max4_validation,quarter,CheapSummary-seed17,0.9747309919819234,2,1,True,12,12,0,0,10,0,1044740.0993502066,1045189.7263671681,449.62701696167153,0.04356346113003247,337.3971073660068,112.22990959566475,0.9859758863846462,1046981.0872523605,2240.9879021541956,1.0,0.16666666666666666,0.0,0.0,0.8333333333333334,0.0,JR-CheapSummary（静态简化表示诊断）；seed17,JR-CheapSummary (static); seed17,INTERNAL_STATIC_SUMMARY_DIAGNOSTIC
INTERNAL_STATIC_MAX4_NOT_FULL_CONTROLLER_PRIMARY_RESULT,original_static_max4_validation,quarter,CheapSummary-seed29,0.9747309919819234,2,1,True,12,12,0,0,8,0,1044740.0993502066,1045668.4578474285,928.3584972220222,0.0947506580509586,631.4007770040189,296.95772021800315,0.9811846511438489,1046829.0214610936,2088.922110887118,1.0,0.3333333333333333,0.0,0.0,0.6666666666666667,0.0,JR-CheapSummary（静态简化表示诊断）；seed29,JR-CheapSummary (static); seed29,INTERNAL_STATIC_SUMMARY_DIAGNOSTIC
INTERNAL_STATIC_MAX4_NOT_FULL_CONTROLLER_PRIMARY_RESULT,original_static_max4_validation,quarter,P1,0.9747309919819234,2,1,True,12,12,0,0,3,0,1044740.0993502066,1046051.5713105416,1311.4719603351164,0.12878455494326174,1309.7380239232832,1.7339364118330802,0.8380497793356578,1046291.2933948099,1551.1940446034619,1.0,0.75,0.0,0.0,0.25,0.0,Independent-replacement+CHILS（静态独立替代对照）,Independent-replacement+CHILS (static),INTERNAL_STATIC_INDEPENDENT_CONTROL
INTERNAL_STATIC_MAX4_NOT_FULL_CONTROLLER_PRIMARY_RESULT,original_static_max4_validation,quarter,Greedy,0.9747309919819234,2,1,True,12,12,0,0,8,0,1044740.0993502066,1045796.8473356089,1056.7479854024423,0.10816993993195678,625.8483770157716,430.89960838667076,0.9790236332143347,1046810.9870374254,2070.8876872188803,1.0,0.3333333333333333,0.0,0.0,0.6666666666666666,0.0,Greedy-rank+CHILS（静态贪心排序对照）,Greedy-rank+CHILS (static),INTERNAL_STATIC_GREEDY_CONTROL
INTERNAL_STATIC_MAX4_NOT_FULL_CONTROLLER_PRIMARY_RESULT,original_static_max4_validation,half,Capacity-seed17,1.9494619839638467,2,1,True,12,12,0,0,9,0,1044740.0993502066,1045120.6154451591,380.5160949525889,0.04294825385320646,348.94391332234954,31.572181630239356,1.9437053153912225,1046818.2635720394,2078.1642218329457,1.0,0.25,0.0,0.0,0.75,0.0,JointRecovery（静态 max4 内部诊断）；seed17,JointRecovery (static diagnostic); seed17,INTERNAL_STATIC_MAX4_DIAGNOSTIC
INTERNAL_STATIC_MAX4_NOT_FULL_CONTROLLER_PRIMARY_RESULT,original_static_max4_validation,half,Capacity-seed29,1.9494619839638467,2,1,True,12,12,0,0,11,0,1044740.0993502066,1044906.5388679279,166.43951772133974,0.022950418176118554,140.8641387371657,25.57537898417407,1.9623647949968777,1046800.7461141527,2060.646763946124,1.0,0.08333333333333333,0.0,0.0,0.9166666666666667,0.0,JointRecovery（静态 max4 内部诊断）；seed29,JointRecovery (static diagnostic); seed29,INTERNAL_STATIC_MAX4_DIAGNOSTIC
INTERNAL_STATIC_MAX4_NOT_FULL_CONTROLLER_PRIMARY_RESULT,original_static_max4_validation,half,CheapSummary-seed17,1.9494619839638467,2,1,True,12,12,0,0,2,0,1044740.0993502066,1046730.2704250965,1990.171074889959,0.19589340378194173,1414.5641135707847,575.6069613191746,1.4107789294794202,1047000.322636422,2260.2232862154583,1.0,0.8333333333333334,0.0,0.0,0.16666666666666666,0.0,JR-CheapSummary（静态简化表示诊断）；seed17,JR-CheapSummary (static); seed17,INTERNAL_STATIC_SUMMARY_DIAGNOSTIC
INTERNAL_STATIC_MAX4_NOT_FULL_CONTROLLER_PRIMARY_RESULT,original_static_max4_validation,half,CheapSummary-seed29,1.9494619839638467,2,1,True,12,12,0,0,5,0,1044740.0993502066,1045648.0599600964,907.9606098898414,0.093197501290894,809.9347258065051,98.02588408333636,1.6824584308390818,1046976.7451832992,2236.6458330927026,1.0,0.5833333333333333,0.0,0.0,0.41666666666666663,0.0,JR-CheapSummary（静态简化表示诊断）；seed29,JR-CheapSummary (static); seed29,INTERNAL_STATIC_SUMMARY_DIAGNOSTIC
INTERNAL_STATIC_MAX4_NOT_FULL_CONTROLLER_PRIMARY_RESULT,original_static_max4_validation,half,P1,1.9494619839638467,2,1,True,12,12,0,0,3,0,1044740.0993502066,1046003.5459826629,1263.4466324565194,0.1271232368290972,1263.4466324565194,0.0,1.4875255012884736,1046378.1640615521,1638.064711345709,1.0,0.75,0.0,0.0,0.25,0.0,Independent-replacement+CHILS（静态独立替代对照）,Independent-replacement+CHILS (static),INTERNAL_STATIC_INDEPENDENT_CONTROL
INTERNAL_STATIC_MAX4_NOT_FULL_CONTROLLER_PRIMARY_RESULT,original_static_max4_validation,half,Greedy,1.9494619839638467,2,1,True,12,12,0,0,10,0,1044740.0993502066,1044973.666032549,233.5666823425078,0.02695710336549416,223.95021772842543,9.61646461408236,1.9595522178957858,1046952.205460208,2212.1061100016136,1.0,0.16666666666666666,0.0,0.0,0.8333333333333334,0.0,Greedy-rank+CHILS（静态贪心排序对照）,Greedy-rank+CHILS (static),INTERNAL_STATIC_GREEDY_CONTROL
INTERNAL_STATIC_MAX4_NOT_FULL_CONTROLLER_PRIMARY_RESULT,original_static_max4_validation,wide,Capacity-seed17,3.8989239679276935,2,1,True,12,12,0,0,0,0,1044740.0993502066,1046959.4194230661,2219.3200728596903,0.21446432506872032,1638.064711345709,581.2553615139816,2.4226633943617344,1046959.4194230661,2219.3200728596903,1.0,1.0,0.0,0.0,0.0,0.0,JointRecovery（静态 max4 内部诊断）；seed17,JointRecovery (static diagnostic); seed17,INTERNAL_STATIC_MAX4_DIAGNOSTIC
INTERNAL_STATIC_MAX4_NOT_FULL_CONTROLLER_PRIMARY_RESULT,original_static_max4_validation,wide,Capacity-seed29,3.8989239679276935,2,1,True,12,12,0,0,0,0,1044740.0993502066,1046945.0852930967,2204.9859428903633,0.21436429952733305,1638.064711345709,566.9212315446542,2.487553003244102,1046945.0852930967,2204.9859428903633,1.0,1.0,0.0,0.0,0.0,0.0,JointRecovery（静态 max4 内部诊断）；seed29,JointRecovery (static diagnostic); seed29,INTERNAL_STATIC_MAX4_DIAGNOSTIC
INTERNAL_STATIC_MAX4_NOT_FULL_CONTROLLER_PRIMARY_RESULT,original_static_max4_validation,wide,CheapSummary-seed17,3.8989239679276935,2,1,True,12,12,0,0,0,0,1044740.0993502066,1046965.5378178075,2225.4384676010327,0.21493336515725714,1638.064711345709,587.373756255324,2.3840574308608966,1046965.5378178075,2225.4384676010327,1.0,1.0,0.0,0.0,0.0,0.0,JR-CheapSummary（静态简化表示诊断）；seed17,JR-CheapSummary (static); seed17,INTERNAL_STATIC_SUMMARY_DIAGNOSTIC
INTERNAL_STATIC_MAX4_NOT_FULL_CONTROLLER_PRIMARY_RESULT,original_static_max4_validation,wide,CheapSummary-seed29,3.8989239679276935,2,1,True,12,12,0,0,0,0,1044740.0993502066,1046959.4194230661,2219.3200728596903,0.21446432506872032,1638.064711345709,581.2553615139816,2.312335100335379,1046959.4194230661,2219.3200728596903,1.0,1.0,0.0,0.0,0.0,0.0,JR-CheapSummary（静态简化表示诊断）；seed29,JR-CheapSummary (static); seed29,INTERNAL_STATIC_SUMMARY_DIAGNOSTIC
INTERNAL_STATIC_MAX4_NOT_FULL_CONTROLLER_PRIMARY_RESULT,original_static_max4_validation,wide,P1,3.8989239679276935,2,1,True,12,12,0,0,0,0,1044740.0993502066,1046378.1640615521,1638.064711345709,0.15931112475097564,1638.064711345709,0.0,1.679944615190228,1046378.1640615521,1638.064711345709,1.0,1.0,0.0,0.0,0.0,0.0,Independent-replacement+CHILS（静态独立替代对照）,Independent-replacement+CHILS (static),INTERNAL_STATIC_INDEPENDENT_CONTROL
INTERNAL_STATIC_MAX4_NOT_FULL_CONTROLLER_PRIMARY_RESULT,original_static_max4_validation,wide,Greedy,3.8989239679276935,2,1,True,12,12,0,0,0,0,1044740.0993502066,1046959.4194230661,2219.3200728596903,0.21446432506872032,1638.064711345709,581.2553615139816,2.124856364292403,1046959.4194230661,2219.3200728596903,1.0,1.0,0.0,0.0,0.0,0.0,Greedy-rank+CHILS（静态贪心排序对照）,Greedy-rank+CHILS (static),INTERNAL_STATIC_GREEDY_CONTROL
INTERNAL_STATIC_MAX4_NOT_FULL_CONTROLLER_PRIMARY_RESULT,original_static_max4_test,quarter,Capacity-seed17,0.9747309919819234,4,1,True,24,24,0,0,19,0,1043947.7949179278,1044521.1100863552,573.3151684274586,0.05531269840962581,433.5913522541717,139.72381617328696,0.9851632555946708,1046121.7718783778,2173.9769604499984,1.0,0.20833333333333331,0.0,0.0,0.7916666666666667,0.0,JointRecovery（静态 max4 内部诊断）；seed17,JointRecovery (static diagnostic); seed17,INTERNAL_STATIC_MAX4_DIAGNOSTIC
INTERNAL_STATIC_MAX4_NOT_FULL_CONTROLLER_PRIMARY_RESULT,original_static_max4_test,quarter,Capacity-seed29,0.9747309919819234,4,1,True,24,24,0,0,22,0,1043947.7949179278,1044147.2654801384,199.47056221062667,0.018927090256292252,168.97656241150494,30.493999799121717,0.9871773379854858,1046189.8675065241,2242.072588596299,1.0,0.08333333333333333,0.0,0.0,0.9166666666666667,0.0,JointRecovery（静态 max4 内部诊断）；seed29,JointRecovery (static diagnostic); seed29,INTERNAL_STATIC_MAX4_DIAGNOSTIC
INTERNAL_STATIC_MAX4_NOT_FULL_CONTROLLER_PRIMARY_RESULT,original_static_max4_test,quarter,CheapSummary-seed17,0.9747309919819234,4,1,True,24,24,0,0,19,0,1043947.7949179278,1044564.3221537775,616.5272358497508,0.059767844588751264,416.9024302524243,199.62480559732649,0.9855429991148412,1046302.9639483901,2355.169030462285,1.0,0.20833333333333331,0.0,0.0,0.7916666666666667,0.0,JR-CheapSummary（静态简化表示诊断）；seed17,JR-CheapSummary (static); seed17,INTERNAL_STATIC_SUMMARY_DIAGNOSTIC
INTERNAL_STATIC_MAX4_NOT_FULL_CONTROLLER_PRIMARY_RESULT,original_static_max4_test,quarter,CheapSummary-seed29,0.9747309919819234,4,1,True,24,24,0,0,18,0,1043947.7949179278,1044693.6929831803,745.8980652524527,0.06900110476185212,543.9519302575791,201.9461349948736,0.984008877693365,1046316.3265031069,2368.53158517908,1.0,0.25,0.0,0.0,0.75,0.0,JR-CheapSummary（静态简化表示诊断）；seed29,JR-CheapSummary (static); seed29,INTERNAL_STATIC_SUMMARY_DIAGNOSTIC
INTERNAL_STATIC_MAX4_NOT_FULL_CONTROLLER_PRIMARY_RESULT,original_static_max4_test,quarter,P1,0.9747309919819234,4,1,True,24,24,0,0,12,0,1043947.7949179278,1044857.3650226746,909.570104746827,0.0865767532658501,909.570104746827,0.0,0.882720923361679,1045754.339763821,1806.5448458932078,1.0,0.5,0.0,0.0,0.5,0.0,Independent-replacement+CHILS（静态独立替代对照）,Independent-replacement+CHILS (static),INTERNAL_STATIC_INDEPENDENT_CONTROL
INTERNAL_STATIC_MAX4_NOT_FULL_CONTROLLER_PRIMARY_RESULT,original_static_max4_test,quarter,Greedy,0.9747309919819234,4,1,True,24,24,0,0,18,0,1043947.7949179278,1044459.5634608179,511.7685428901653,0.05733395447577115,374.0243474562885,137.74419543387677,0.9707637362492582,1046308.6311186991,2360.8362007714168,1.0,0.25,0.0,0.0,0.75,0.0,Greedy-rank+CHILS（静态贪心排序对照）,Greedy-rank+CHILS (static),INTERNAL_STATIC_GREEDY_CONTROL
INTERNAL_STATIC_MAX4_NOT_FULL_CONTROLLER_PRIMARY_RESULT,original_static_max4_test,half,Capacity-seed17,1.9494619839638467,4,1,True,24,24,0,0,17,0,1043947.7949179278,1044843.3779132247,895.5829952969603,0.08384423213575692,541.8477150887484,353.735280208212,1.9307937718306978,1046395.4565868292,2447.661668901419,1.0,0.29166666666666663,0.0,0.0,0.7083333333333334,0.0,JointRecovery（静态 max4 内部诊断）；seed17,JointRecovery (static diagnostic); seed17,INTERNAL_STATIC_MAX4_DIAGNOSTIC
INTERNAL_STATIC_MAX4_NOT_FULL_CONTROLLER_PRIMARY_RESULT,original_static_max4_test,half,Capacity-seed29,1.9494619839638467,4,1,True,24,24,0,0,17,0,1043947.7949179278,1044634.283334135,686.488416207246,0.06618558777762294,496.50238305859483,189.98603314865127,1.881160815091183,1046545.3288451378,2597.5339272101214,1.0,0.29166666666666663,0.0,0.0,0.7083333333333334,0.0,JointRecovery（静态 max4 内部诊断）；seed29,JointRecovery (static diagnostic); seed29,INTERNAL_STATIC_MAX4_DIAGNOSTIC
INTERNAL_STATIC_MAX4_NOT_FULL_CONTROLLER_PRIMARY_RESULT,original_static_max4_test,half,CheapSummary-seed17,1.9494619839638467,4,1,True,24,24,0,0,1,0,1043947.7949179278,1046498.7238146408,2550.9288967130515,0.24709643997923536,1733.5077420895395,817.4211546235116,1.3229154924241204,1046598.7859015199,2650.9909835922153,1.0,0.9583333333333334,0.0,0.0,0.041666666666666664,0.0,JR-CheapSummary（静态简化表示诊断）；seed17,JR-CheapSummary (static); seed17,INTERNAL_STATIC_SUMMARY_DIAGNOSTIC
INTERNAL_STATIC_MAX4_NOT_FULL_CONTROLLER_PRIMARY_RESULT,original_static_max4_test,half,CheapSummary-seed29,1.9494619839638467,4,1,True,24,24,0,0,13,0,1043947.7949179278,1044982.0685458789,1034.2736279510864,0.10476785059131116,738.4998774801643,295.7737504709221,1.8664483890558283,1046477.6974399553,2529.902522027497,1.0,0.4583333333333333,0.0,0.0,0.5416666666666666,0.0,JR-CheapSummary（静态简化表示诊断）；seed29,JR-CheapSummary (static); seed29,INTERNAL_STATIC_SUMMARY_DIAGNOSTIC
INTERNAL_STATIC_MAX4_NOT_FULL_CONTROLLER_PRIMARY_RESULT,original_static_max4_test,half,P1,1.9494619839638467,4,1,True,24,24,0,0,11,0,1043947.7949179278,1044850.0714193687,902.2765014409815,0.09031678591718632,902.2765014409815,0.0,1.512264202659329,1045754.339763821,1806.5448458932078,1.0,0.5416666666666666,0.0,0.0,0.4583333333333333,0.0,Independent-replacement+CHILS（静态独立替代对照）,Independent-replacement+CHILS (static),INTERNAL_STATIC_INDEPENDENT_CONTROL
INTERNAL_STATIC_MAX4_NOT_FULL_CONTROLLER_PRIMARY_RESULT,original_static_max4_test,half,Greedy,1.9494619839638467,4,1,True,24,24,0,0,18,0,1043947.7949179278,1044562.4467185532,614.6518006254191,0.06412742549616744,436.3812256265422,178.27057499887692,1.951285053199778,1046457.3950887321,2509.600170804377,1.0,0.25,0.0,0.0,0.75,0.0,Greedy-rank+CHILS（静态贪心排序对照）,Greedy-rank+CHILS (static),INTERNAL_STATIC_GREEDY_CONTROL
INTERNAL_STATIC_MAX4_NOT_FULL_CONTROLLER_PRIMARY_RESULT,original_static_max4_test,wide,Capacity-seed17,3.8989239679276935,4,1,True,24,24,0,0,0,0,1043947.7949179278,1046457.3950887321,2509.600170804377,0.24344201994154174,1806.5448458932078,703.055324911169,2.362870819090555,1046457.3950887321,2509.600170804377,1.0,1.0,0.0,0.0,0.0,0.0,JointRecovery（静态 max4 内部诊断）；seed17,JointRecovery (static diagnostic); seed17,INTERNAL_STATIC_MAX4_DIAGNOSTIC
INTERNAL_STATIC_MAX4_NOT_FULL_CONTROLLER_PRIMARY_RESULT,original_static_max4_test,wide,Capacity-seed29,3.8989239679276935,4,1,True,24,24,0,0,0,0,1043947.7949179278,1046562.1387319155,2614.3438139878317,0.2537383633024384,1806.5448458932078,807.7989680946242,2.417900176718831,1046562.1387319155,2614.3438139878317,1.0,1.0,0.0,0.0,0.0,0.0,JointRecovery（静态 max4 内部诊断）；seed29,JointRecovery (static diagnostic); seed29,INTERNAL_STATIC_MAX4_DIAGNOSTIC
INTERNAL_STATIC_MAX4_NOT_FULL_CONTROLLER_PRIMARY_RESULT,original_static_max4_test,wide,CheapSummary-seed17,3.8989239679276935,4,1,True,24,24,0,0,0,0,1043947.7949179278,1046522.8589897226,2575.0640717948363,0.2492193815762867,1806.5448458932078,768.5192259016281,2.351664728950709,1046522.8589897226,2575.0640717948363,1.0,1.0,0.0,0.0,0.0,0.0,JR-CheapSummary（静态简化表示诊断）；seed17,JR-CheapSummary (static); seed17,INTERNAL_STATIC_SUMMARY_DIAGNOSTIC
INTERNAL_STATIC_MAX4_NOT_FULL_CONTROLLER_PRIMARY_RESULT,original_static_max4_test,wide,CheapSummary-seed29,3.8989239679276935,4,1,True,24,24,0,0,0,0,1043947.7949179278,1046457.3950887321,2509.600170804377,0.24344201994154174,1806.5448458932078,703.055324911169,2.37210850433136,1046457.3950887321,2509.600170804377,1.0,1.0,0.0,0.0,0.0,0.0,JR-CheapSummary（静态简化表示诊断）；seed29,JR-CheapSummary (static); seed29,INTERNAL_STATIC_SUMMARY_DIAGNOSTIC
INTERNAL_STATIC_MAX4_NOT_FULL_CONTROLLER_PRIMARY_RESULT,original_static_max4_test,wide,P1,3.8989239679276935,4,1,True,24,24,0,0,0,0,1043947.7949179278,1045754.339763821,1806.5448458932078,0.1747337957338045,1806.5448458932078,0.0,1.5918298705170553,1045754.339763821,1806.5448458932078,1.0,1.0,0.0,0.0,0.0,0.0,Independent-replacement+CHILS（静态独立替代对照）,Independent-replacement+CHILS (static),INTERNAL_STATIC_INDEPENDENT_CONTROL
INTERNAL_STATIC_MAX4_NOT_FULL_CONTROLLER_PRIMARY_RESULT,original_static_max4_test,wide,Greedy,3.8989239679276935,4,1,True,24,24,0,0,0,0,1043947.7949179278,1046457.3950887321,2509.600170804377,0.24344201994154174,1806.5448458932078,703.055324911169,2.111408970784396,1046457.3950887321,2509.600170804377,1.0,1.0,0.0,0.0,0.0,0.0,Greedy-rank+CHILS（静态贪心排序对照）,Greedy-rank+CHILS (static),INTERNAL_STATIC_GREEDY_CONTROL
