scope,policy,request_menu,fixed_call_limit,source_values,mean_gain_seconds,method_display,method_display_en,method_role
INTERNAL_DEVELOPMENT_COLD_CLONE_LABEL_REPLAY_NOT_COMPLETE_ONLINE,Greedy,native_1000ms,1,"[{""source"": ""r004"", ""mean_gain_seconds"": 487.42227853953267}, {""source"": ""r005"", ""mean_gain_seconds"": 678.3005921920407}]",582.8614353657866,Greedy-rank+CHILS（静态贪心排序对照）,Greedy-rank+CHILS (static),INTERNAL_STATIC_GREEDY_CONTROL
INTERNAL_DEVELOPMENT_COLD_CLONE_LABEL_REPLAY_NOT_COMPLETE_ONLINE,Greedy,native_1000ms,2,"[{""source"": ""r004"", ""mean_gain_seconds"": 774.8453638704623}, {""source"": ""r005"", ""mean_gain_seconds"": 746.4685253143726}]",760.6569445924174,Greedy-rank+CHILS（静态贪心排序对照）,Greedy-rank+CHILS (static),INTERNAL_STATIC_GREEDY_CONTROL
INTERNAL_DEVELOPMENT_COLD_CLONE_LABEL_REPLAY_NOT_COMPLETE_ONLINE,Greedy,native_1000ms,4,"[{""source"": ""r004"", ""mean_gain_seconds"": 924.6614035681529}, {""source"": ""r005"", ""mean_gain_seconds"": 750.0988078502754}]",837.3801057092141,Greedy-rank+CHILS（静态贪心排序对照）,Greedy-rank+CHILS (static),INTERNAL_STATIC_GREEDY_CONTROL
INTERNAL_DEVELOPMENT_COLD_CLONE_LABEL_REPLAY_NOT_COMPLETE_ONLINE,Greedy,native_10ms,1,"[{""source"": ""r004"", ""mean_gain_seconds"": 487.40634275214376}, {""source"": ""r005"", ""mean_gain_seconds"": 678.2312365681518}]",582.8187896601478,Greedy-rank+CHILS（静态贪心排序对照）,Greedy-rank+CHILS (static),INTERNAL_STATIC_GREEDY_CONTROL
INTERNAL_DEVELOPMENT_COLD_CLONE_LABEL_REPLAY_NOT_COMPLETE_ONLINE,Greedy,native_10ms,2,"[{""source"": ""r004"", ""mean_gain_seconds"": 774.8294280830734}, {""source"": ""r005"", ""mean_gain_seconds"": 746.3991696904836}]",760.6142988867784,Greedy-rank+CHILS（静态贪心排序对照）,Greedy-rank+CHILS (static),INTERNAL_STATIC_GREEDY_CONTROL
INTERNAL_DEVELOPMENT_COLD_CLONE_LABEL_REPLAY_NOT_COMPLETE_ONLINE,Greedy,native_10ms,4,"[{""source"": ""r004"", ""mean_gain_seconds"": 924.6454677807639}, {""source"": ""r005"", ""mean_gain_seconds"": 750.0294522263863}]",837.3374600035751,Greedy-rank+CHILS（静态贪心排序对照）,Greedy-rank+CHILS (static),INTERNAL_STATIC_GREEDY_CONTROL
INTERNAL_DEVELOPMENT_COLD_CLONE_LABEL_REPLAY_NOT_COMPLETE_ONLINE,Greedy,native_200ms,1,"[{""source"": ""r004"", ""mean_gain_seconds"": 520.5304650563237}, {""source"": ""r005"", ""mean_gain_seconds"": 744.2771366361357}]",632.4038008462296,Greedy-rank+CHILS（静态贪心排序对照）,Greedy-rank+CHILS (static),INTERNAL_STATIC_GREEDY_CONTROL
INTERNAL_DEVELOPMENT_COLD_CLONE_LABEL_REPLAY_NOT_COMPLETE_ONLINE,Greedy,native_200ms,2,"[{""source"": ""r004"", ""mean_gain_seconds"": 814.7922187788619}, {""source"": ""r005"", ""mean_gain_seconds"": 748.6599139926078}]",781.7260663857348,Greedy-rank+CHILS（静态贪心排序对照）,Greedy-rank+CHILS (static),INTERNAL_STATIC_GREEDY_CONTROL
INTERNAL_DEVELOPMENT_COLD_CLONE_LABEL_REPLAY_NOT_COMPLETE_ONLINE,Greedy,native_200ms,4,"[{""source"": ""r004"", ""mean_gain_seconds"": 933.6713128268889}, {""source"": ""r005"", ""mean_gain_seconds"": 750.0988078502745}]",841.8850603385818,Greedy-rank+CHILS（静态贪心排序对照）,Greedy-rank+CHILS (static),INTERNAL_STATIC_GREEDY_CONTROL
INTERNAL_DEVELOPMENT_COLD_CLONE_LABEL_REPLAY_NOT_COMPLETE_ONLINE,Greedy,native_50ms,1,"[{""source"": ""r004"", ""mean_gain_seconds"": 487.42227853953267}, {""source"": ""r005"", ""mean_gain_seconds"": 678.3005921920407}]",582.8614353657866,Greedy-rank+CHILS（静态贪心排序对照）,Greedy-rank+CHILS (static),INTERNAL_STATIC_GREEDY_CONTROL
INTERNAL_DEVELOPMENT_COLD_CLONE_LABEL_REPLAY_NOT_COMPLETE_ONLINE,Greedy,native_50ms,2,"[{""source"": ""r004"", ""mean_gain_seconds"": 774.8453638704623}, {""source"": ""r005"", ""mean_gain_seconds"": 746.4685253143726}]",760.6569445924174,Greedy-rank+CHILS（静态贪心排序对照）,Greedy-rank+CHILS (static),INTERNAL_STATIC_GREEDY_CONTROL
INTERNAL_DEVELOPMENT_COLD_CLONE_LABEL_REPLAY_NOT_COMPLETE_ONLINE,Greedy,native_50ms,4,"[{""source"": ""r004"", ""mean_gain_seconds"": 924.6614035681529}, {""source"": ""r005"", ""mean_gain_seconds"": 750.0988078502754}]",837.3801057092141,Greedy-rank+CHILS（静态贪心排序对照）,Greedy-rank+CHILS (static),INTERNAL_STATIC_GREEDY_CONTROL
INTERNAL_DEVELOPMENT_COLD_CLONE_LABEL_REPLAY_NOT_COMPLETE_ONLINE,Greedy,pooled_workpoints,1,"[{""source"": ""r004"", ""mean_gain_seconds"": 487.42227853953267}, {""source"": ""r005"", ""mean_gain_seconds"": 678.3005921920407}]",582.8614353657866,Greedy-rank+CHILS（静态贪心排序对照）,Greedy-rank+CHILS (static),INTERNAL_STATIC_GREEDY_CONTROL
INTERNAL_DEVELOPMENT_COLD_CLONE_LABEL_REPLAY_NOT_COMPLETE_ONLINE,Greedy,pooled_workpoints,2,"[{""source"": ""r004"", ""mean_gain_seconds"": 487.42227853953267}, {""source"": ""r005"", ""mean_gain_seconds"": 678.3005921920407}]",582.8614353657866,Greedy-rank+CHILS（静态贪心排序对照）,Greedy-rank+CHILS (static),INTERNAL_STATIC_GREEDY_CONTROL
INTERNAL_DEVELOPMENT_COLD_CLONE_LABEL_REPLAY_NOT_COMPLETE_ONLINE,Greedy,pooled_workpoints,4,"[{""source"": ""r004"", ""mean_gain_seconds"": 520.5304650563238}, {""source"": ""r005"", ""mean_gain_seconds"": 744.2771366361367}]",632.4038008462303,Greedy-rank+CHILS（静态贪心排序对照）,Greedy-rank+CHILS (static),INTERNAL_STATIC_GREEDY_CONTROL
INTERNAL_DEVELOPMENT_COLD_CLONE_LABEL_REPLAY_NOT_COMPLETE_ONLINE,P1,native_1000ms,1,"[{""source"": ""r004"", ""mean_gain_seconds"": 4.26957234998958e-12}, {""source"": ""r005"", ""mean_gain_seconds"": 9.600221852047576e-13}]",2.6147972675971687e-12,Independent-replacement+CHILS（静态独立替代对照）,Independent-replacement+CHILS (static),INTERNAL_STATIC_INDEPENDENT_CONTROL
INTERNAL_DEVELOPMENT_COLD_CLONE_LABEL_REPLAY_NOT_COMPLETE_ONLINE,P1,native_1000ms,2,"[{""source"": ""r004"", ""mean_gain_seconds"": 14.057360360782369}, {""source"": ""r005"", ""mean_gain_seconds"": 9.600221852047576e-13}]",7.028680180391664,Independent-replacement+CHILS（静态独立替代对照）,Independent-replacement+CHILS (static),INTERNAL_STATIC_INDEPENDENT_CONTROL
INTERNAL_DEVELOPMENT_COLD_CLONE_LABEL_REPLAY_NOT_COMPLETE_ONLINE,P1,native_1000ms,4,"[{""source"": ""r004"", ""mean_gain_seconds"": 302.71922124143464}, {""source"": ""r005"", ""mean_gain_seconds"": 143.69241786468197}]",223.2058195530583,Independent-replacement+CHILS（静态独立替代对照）,Independent-replacement+CHILS (static),INTERNAL_STATIC_INDEPENDENT_CONTROL
INTERNAL_DEVELOPMENT_COLD_CLONE_LABEL_REPLAY_NOT_COMPLETE_ONLINE,P1,native_10ms,1,"[{""source"": ""r004"", ""mean_gain_seconds"": 4.26957234998958e-12}, {""source"": ""r005"", ""mean_gain_seconds"": 9.600221852047576e-13}]",2.6147972675971687e-12,Independent-replacement+CHILS（静态独立替代对照）,Independent-replacement+CHILS (static),INTERNAL_STATIC_INDEPENDENT_CONTROL
INTERNAL_DEVELOPMENT_COLD_CLONE_LABEL_REPLAY_NOT_COMPLETE_ONLINE,P1,native_10ms,2,"[{""source"": ""r004"", ""mean_gain_seconds"": 14.057360360782369}, {""source"": ""r005"", ""mean_gain_seconds"": 9.600221852047576e-13}]",7.028680180391664,Independent-replacement+CHILS（静态独立替代对照）,Independent-replacement+CHILS (static),INTERNAL_STATIC_INDEPENDENT_CONTROL
INTERNAL_DEVELOPMENT_COLD_CLONE_LABEL_REPLAY_NOT_COMPLETE_ONLINE,P1,native_10ms,4,"[{""source"": ""r004"", ""mean_gain_seconds"": 302.71922124143464}, {""source"": ""r005"", ""mean_gain_seconds"": 143.69241786468197}]",223.2058195530583,Independent-replacement+CHILS（静态独立替代对照）,Independent-replacement+CHILS (static),INTERNAL_STATIC_INDEPENDENT_CONTROL
INTERNAL_DEVELOPMENT_COLD_CLONE_LABEL_REPLAY_NOT_COMPLETE_ONLINE,P1,native_200ms,1,"[{""source"": ""r004"", ""mean_gain_seconds"": 4.26957234998958e-12}, {""source"": ""r005"", ""mean_gain_seconds"": 9.600221852047576e-13}]",2.6147972675971687e-12,Independent-replacement+CHILS（静态独立替代对照）,Independent-replacement+CHILS (static),INTERNAL_STATIC_INDEPENDENT_CONTROL
INTERNAL_DEVELOPMENT_COLD_CLONE_LABEL_REPLAY_NOT_COMPLETE_ONLINE,P1,native_200ms,2,"[{""source"": ""r004"", ""mean_gain_seconds"": 20.53730638060117}, {""source"": ""r005"", ""mean_gain_seconds"": 9.600221852047576e-13}]",10.268653190301064,Independent-replacement+CHILS（静态独立替代对照）,Independent-replacement+CHILS (static),INTERNAL_STATIC_INDEPENDENT_CONTROL
INTERNAL_DEVELOPMENT_COLD_CLONE_LABEL_REPLAY_NOT_COMPLETE_ONLINE,P1,native_200ms,4,"[{""source"": ""r004"", ""mean_gain_seconds"": 325.824768216266}, {""source"": ""r005"", ""mean_gain_seconds"": 146.73082846201532}]",236.27779833914067,Independent-replacement+CHILS（静态独立替代对照）,Independent-replacement+CHILS (static),INTERNAL_STATIC_INDEPENDENT_CONTROL
INTERNAL_DEVELOPMENT_COLD_CLONE_LABEL_REPLAY_NOT_COMPLETE_ONLINE,P1,native_50ms,1,"[{""source"": ""r004"", ""mean_gain_seconds"": 4.26957234998958e-12}, {""source"": ""r005"", ""mean_gain_seconds"": 9.600221852047576e-13}]",2.6147972675971687e-12,Independent-replacement+CHILS（静态独立替代对照）,Independent-replacement+CHILS (static),INTERNAL_STATIC_INDEPENDENT_CONTROL
INTERNAL_DEVELOPMENT_COLD_CLONE_LABEL_REPLAY_NOT_COMPLETE_ONLINE,P1,native_50ms,2,"[{""source"": ""r004"", ""mean_gain_seconds"": 14.057360360782369}, {""source"": ""r005"", ""mean_gain_seconds"": 9.600221852047576e-13}]",7.028680180391664,Independent-replacement+CHILS（静态独立替代对照）,Independent-replacement+CHILS (static),INTERNAL_STATIC_INDEPENDENT_CONTROL
INTERNAL_DEVELOPMENT_COLD_CLONE_LABEL_REPLAY_NOT_COMPLETE_ONLINE,P1,native_50ms,4,"[{""source"": ""r004"", ""mean_gain_seconds"": 302.71922124143464}, {""source"": ""r005"", ""mean_gain_seconds"": 143.69241786468197}]",223.2058195530583,Independent-replacement+CHILS（静态独立替代对照）,Independent-replacement+CHILS (static),INTERNAL_STATIC_INDEPENDENT_CONTROL
INTERNAL_DEVELOPMENT_COLD_CLONE_LABEL_REPLAY_NOT_COMPLETE_ONLINE,P1,pooled_workpoints,1,"[{""source"": ""r004"", ""mean_gain_seconds"": 4.26957234998958e-12}, {""source"": ""r005"", ""mean_gain_seconds"": 9.600221852047576e-13}]",2.6147972675971687e-12,Independent-replacement+CHILS（静态独立替代对照）,Independent-replacement+CHILS (static),INTERNAL_STATIC_INDEPENDENT_CONTROL
INTERNAL_DEVELOPMENT_COLD_CLONE_LABEL_REPLAY_NOT_COMPLETE_ONLINE,P1,pooled_workpoints,2,"[{""source"": ""r004"", ""mean_gain_seconds"": 4.26957234998958e-12}, {""source"": ""r005"", ""mean_gain_seconds"": 9.600221852047576e-13}]",2.6147972675971687e-12,Independent-replacement+CHILS（静态独立替代对照）,Independent-replacement+CHILS (static),INTERNAL_STATIC_INDEPENDENT_CONTROL
INTERNAL_DEVELOPMENT_COLD_CLONE_LABEL_REPLAY_NOT_COMPLETE_ONLINE,P1,pooled_workpoints,4,"[{""source"": ""r004"", ""mean_gain_seconds"": 4.26957234998958e-12}, {""source"": ""r005"", ""mean_gain_seconds"": 9.600221852047576e-13}]",2.6147972675971687e-12,Independent-replacement+CHILS（静态独立替代对照）,Independent-replacement+CHILS (static),INTERNAL_STATIC_INDEPENDENT_CONTROL
INTERNAL_DEVELOPMENT_COLD_CLONE_LABEL_REPLAY_NOT_COMPLETE_ONLINE,ResidualCapacity-seed17,native_1000ms,1,"[{""source"": ""r004"", ""mean_gain_seconds"": 493.87558877503255}, {""source"": ""r005"", ""mean_gain_seconds"": 678.3005921920407}]",586.0880904835366,ResidualCapacity-seed17,ResidualCapacity-seed17,UNMAPPED
INTERNAL_DEVELOPMENT_COLD_CLONE_LABEL_REPLAY_NOT_COMPLETE_ONLINE,ResidualCapacity-seed17,native_1000ms,2,"[{""source"": ""r004"", ""mean_gain_seconds"": 793.2866809601422}, {""source"": ""r005"", ""mean_gain_seconds"": 746.4685253143726}]",769.8776031372574,ResidualCapacity-seed17,ResidualCapacity-seed17,UNMAPPED
INTERNAL_DEVELOPMENT_COLD_CLONE_LABEL_REPLAY_NOT_COMPLETE_ONLINE,ResidualCapacity-seed17,native_1000ms,4,"[{""source"": ""r004"", ""mean_gain_seconds"": 924.6614035681529}, {""source"": ""r005"", ""mean_gain_seconds"": 750.0988078502754}]",837.3801057092141,ResidualCapacity-seed17,ResidualCapacity-seed17,UNMAPPED
INTERNAL_DEVELOPMENT_COLD_CLONE_LABEL_REPLAY_NOT_COMPLETE_ONLINE,ResidualCapacity-seed17,native_10ms,1,"[{""source"": ""r004"", ""mean_gain_seconds"": 493.8596529876436}, {""source"": ""r005"", ""mean_gain_seconds"": 678.2312365681518}]",586.0454447778977,ResidualCapacity-seed17,ResidualCapacity-seed17,UNMAPPED
INTERNAL_DEVELOPMENT_COLD_CLONE_LABEL_REPLAY_NOT_COMPLETE_ONLINE,ResidualCapacity-seed17,native_10ms,2,"[{""source"": ""r004"", ""mean_gain_seconds"": 793.2707451727533}, {""source"": ""r005"", ""mean_gain_seconds"": 746.3991696904836}]",769.8349574316185,ResidualCapacity-seed17,ResidualCapacity-seed17,UNMAPPED
INTERNAL_DEVELOPMENT_COLD_CLONE_LABEL_REPLAY_NOT_COMPLETE_ONLINE,ResidualCapacity-seed17,native_10ms,4,"[{""source"": ""r004"", ""mean_gain_seconds"": 924.6454677807639}, {""source"": ""r005"", ""mean_gain_seconds"": 750.0294522263863}]",837.3374600035751,ResidualCapacity-seed17,ResidualCapacity-seed17,UNMAPPED
INTERNAL_DEVELOPMENT_COLD_CLONE_LABEL_REPLAY_NOT_COMPLETE_ONLINE,ResidualCapacity-seed17,native_200ms,1,"[{""source"": ""r004"", ""mean_gain_seconds"": 530.7295878052258}, {""source"": ""r005"", ""mean_gain_seconds"": 744.2771366361357}]",637.5033622206807,ResidualCapacity-seed17,ResidualCapacity-seed17,UNMAPPED
INTERNAL_DEVELOPMENT_COLD_CLONE_LABEL_REPLAY_NOT_COMPLETE_ONLINE,ResidualCapacity-seed17,native_200ms,2,"[{""source"": ""r004"", ""mean_gain_seconds"": 829.4877233551396}, {""source"": ""r005"", ""mean_gain_seconds"": 748.6599139926078}]",789.0738186738737,ResidualCapacity-seed17,ResidualCapacity-seed17,UNMAPPED
INTERNAL_DEVELOPMENT_COLD_CLONE_LABEL_REPLAY_NOT_COMPLETE_ONLINE,ResidualCapacity-seed17,native_200ms,4,"[{""source"": ""r004"", ""mean_gain_seconds"": 933.6713128268889}, {""source"": ""r005"", ""mean_gain_seconds"": 750.0988078502745}]",841.8850603385818,ResidualCapacity-seed17,ResidualCapacity-seed17,UNMAPPED
INTERNAL_DEVELOPMENT_COLD_CLONE_LABEL_REPLAY_NOT_COMPLETE_ONLINE,ResidualCapacity-seed17,native_50ms,1,"[{""source"": ""r004"", ""mean_gain_seconds"": 493.87558877503255}, {""source"": ""r005"", ""mean_gain_seconds"": 678.3005921920407}]",586.0880904835366,ResidualCapacity-seed17,ResidualCapacity-seed17,UNMAPPED
INTERNAL_DEVELOPMENT_COLD_CLONE_LABEL_REPLAY_NOT_COMPLETE_ONLINE,ResidualCapacity-seed17,native_50ms,2,"[{""source"": ""r004"", ""mean_gain_seconds"": 793.2866809601422}, {""source"": ""r005"", ""mean_gain_seconds"": 746.4685253143726}]",769.8776031372574,ResidualCapacity-seed17,ResidualCapacity-seed17,UNMAPPED
INTERNAL_DEVELOPMENT_COLD_CLONE_LABEL_REPLAY_NOT_COMPLETE_ONLINE,ResidualCapacity-seed17,native_50ms,4,"[{""source"": ""r004"", ""mean_gain_seconds"": 924.6614035681529}, {""source"": ""r005"", ""mean_gain_seconds"": 750.0988078502754}]",837.3801057092141,ResidualCapacity-seed17,ResidualCapacity-seed17,UNMAPPED
INTERNAL_DEVELOPMENT_COLD_CLONE_LABEL_REPLAY_NOT_COMPLETE_ONLINE,ResidualCapacity-seed17,pooled_workpoints,1,"[{""source"": ""r004"", ""mean_gain_seconds"": 493.87558877503255}, {""source"": ""r005"", ""mean_gain_seconds"": 678.3005921920407}]",586.0880904835366,ResidualCapacity-seed17,ResidualCapacity-seed17,UNMAPPED
INTERNAL_DEVELOPMENT_COLD_CLONE_LABEL_REPLAY_NOT_COMPLETE_ONLINE,ResidualCapacity-seed17,pooled_workpoints,2,"[{""source"": ""r004"", ""mean_gain_seconds"": 493.87558877503255}, {""source"": ""r005"", ""mean_gain_seconds"": 678.3005921920407}]",586.0880904835366,ResidualCapacity-seed17,ResidualCapacity-seed17,UNMAPPED
INTERNAL_DEVELOPMENT_COLD_CLONE_LABEL_REPLAY_NOT_COMPLETE_ONLINE,ResidualCapacity-seed17,pooled_workpoints,4,"[{""source"": ""r004"", ""mean_gain_seconds"": 530.729587805226}, {""source"": ""r005"", ""mean_gain_seconds"": 744.2771366361367}]",637.5033622206813,ResidualCapacity-seed17,ResidualCapacity-seed17,UNMAPPED
INTERNAL_DEVELOPMENT_COLD_CLONE_LABEL_REPLAY_NOT_COMPLETE_ONLINE,ResidualCapacity-seed29,native_1000ms,1,"[{""source"": ""r004"", ""mean_gain_seconds"": 770.4366137604208}, {""source"": ""r005"", ""mean_gain_seconds"": 699.4422596032477}]",734.9394366818342,ResidualCapacity-seed29,ResidualCapacity-seed29,UNMAPPED
INTERNAL_DEVELOPMENT_COLD_CLONE_LABEL_REPLAY_NOT_COMPLETE_ONLINE,ResidualCapacity-seed29,native_1000ms,2,"[{""source"": ""r004"", ""mean_gain_seconds"": 880.0289222565706}, {""source"": ""r005"", ""mean_gain_seconds"": 748.2038300266087}]",814.1163761415896,ResidualCapacity-seed29,ResidualCapacity-seed29,UNMAPPED
INTERNAL_DEVELOPMENT_COLD_CLONE_LABEL_REPLAY_NOT_COMPLETE_ONLINE,ResidualCapacity-seed29,native_1000ms,4,"[{""source"": ""r004"", ""mean_gain_seconds"": 946.6273416477917}, {""source"": ""r005"", ""mean_gain_seconds"": 754.3356098158171}]",850.4814757318044,ResidualCapacity-seed29,ResidualCapacity-seed29,UNMAPPED
INTERNAL_DEVELOPMENT_COLD_CLONE_LABEL_REPLAY_NOT_COMPLETE_ONLINE,ResidualCapacity-seed29,native_10ms,1,"[{""source"": ""r004"", ""mean_gain_seconds"": 770.420677973032}, {""source"": ""r005"", ""mean_gain_seconds"": 699.3729039793589}]",734.8967909761955,ResidualCapacity-seed29,ResidualCapacity-seed29,UNMAPPED
INTERNAL_DEVELOPMENT_COLD_CLONE_LABEL_REPLAY_NOT_COMPLETE_ONLINE,ResidualCapacity-seed29,native_10ms,2,"[{""source"": ""r004"", ""mean_gain_seconds"": 880.0129864691817}, {""source"": ""r005"", ""mean_gain_seconds"": 748.1344744027197}]",814.0737304359507,ResidualCapacity-seed29,ResidualCapacity-seed29,UNMAPPED
INTERNAL_DEVELOPMENT_COLD_CLONE_LABEL_REPLAY_NOT_COMPLETE_ONLINE,ResidualCapacity-seed29,native_10ms,4,"[{""source"": ""r004"", ""mean_gain_seconds"": 945.8623857233193}, {""source"": ""r005"", ""mean_gain_seconds"": 752.8580714902752}]",849.3602286067972,ResidualCapacity-seed29,ResidualCapacity-seed29,UNMAPPED
INTERNAL_DEVELOPMENT_COLD_CLONE_LABEL_REPLAY_NOT_COMPLETE_ONLINE,ResidualCapacity-seed29,native_200ms,1,"[{""source"": ""r004"", ""mean_gain_seconds"": 811.1048154287655}, {""source"": ""r005"", ""mean_gain_seconds"": 727.6676657898296}]",769.3862406092976,ResidualCapacity-seed29,ResidualCapacity-seed29,UNMAPPED
INTERNAL_DEVELOPMENT_COLD_CLONE_LABEL_REPLAY_NOT_COMPLETE_ONLINE,ResidualCapacity-seed29,native_200ms,2,"[{""source"": ""r004"", ""mean_gain_seconds"": 897.2325089699999}, {""source"": ""r005"", ""mean_gain_seconds"": 749.9120404242744}]",823.5722746971371,ResidualCapacity-seed29,ResidualCapacity-seed29,UNMAPPED
INTERNAL_DEVELOPMENT_COLD_CLONE_LABEL_REPLAY_NOT_COMPLETE_ONLINE,ResidualCapacity-seed29,native_200ms,4,"[{""source"": ""r004"", ""mean_gain_seconds"": 946.2528315792498}, {""source"": ""r005"", ""mean_gain_seconds"": 752.9753965657197}]",849.6141140724848,ResidualCapacity-seed29,ResidualCapacity-seed29,UNMAPPED
INTERNAL_DEVELOPMENT_COLD_CLONE_LABEL_REPLAY_NOT_COMPLETE_ONLINE,ResidualCapacity-seed29,native_50ms,1,"[{""source"": ""r004"", ""mean_gain_seconds"": 770.4366137604208}, {""source"": ""r005"", ""mean_gain_seconds"": 699.4422596032477}]",734.9394366818342,ResidualCapacity-seed29,ResidualCapacity-seed29,UNMAPPED
INTERNAL_DEVELOPMENT_COLD_CLONE_LABEL_REPLAY_NOT_COMPLETE_ONLINE,ResidualCapacity-seed29,native_50ms,2,"[{""source"": ""r004"", ""mean_gain_seconds"": 880.0289222565706}, {""source"": ""r005"", ""mean_gain_seconds"": 748.2038300266087}]",814.1163761415896,ResidualCapacity-seed29,ResidualCapacity-seed29,UNMAPPED
INTERNAL_DEVELOPMENT_COLD_CLONE_LABEL_REPLAY_NOT_COMPLETE_ONLINE,ResidualCapacity-seed29,native_50ms,4,"[{""source"": ""r004"", ""mean_gain_seconds"": 945.8783215107084}, {""source"": ""r005"", ""mean_gain_seconds"": 752.9274271141643}]",849.4028743124363,ResidualCapacity-seed29,ResidualCapacity-seed29,UNMAPPED
INTERNAL_DEVELOPMENT_COLD_CLONE_LABEL_REPLAY_NOT_COMPLETE_ONLINE,ResidualCapacity-seed29,pooled_workpoints,1,"[{""source"": ""r004"", ""mean_gain_seconds"": 770.4366137604208}, {""source"": ""r005"", ""mean_gain_seconds"": 699.4422596032477}]",734.9394366818342,ResidualCapacity-seed29,ResidualCapacity-seed29,UNMAPPED
INTERNAL_DEVELOPMENT_COLD_CLONE_LABEL_REPLAY_NOT_COMPLETE_ONLINE,ResidualCapacity-seed29,pooled_workpoints,2,"[{""source"": ""r004"", ""mean_gain_seconds"": 770.4366137604208}, {""source"": ""r005"", ""mean_gain_seconds"": 701.551883126817}]",735.9942484436189,ResidualCapacity-seed29,ResidualCapacity-seed29,UNMAPPED
INTERNAL_DEVELOPMENT_COLD_CLONE_LABEL_REPLAY_NOT_COMPLETE_ONLINE,ResidualCapacity-seed29,pooled_workpoints,4,"[{""source"": ""r004"", ""mean_gain_seconds"": 811.1048154287656}, {""source"": ""r005"", ""mean_gain_seconds"": 727.6676657898305}]",769.386240609298,ResidualCapacity-seed29,ResidualCapacity-seed29,UNMAPPED
INTERNAL_DEVELOPMENT_COLD_CLONE_LABEL_REPLAY_NOT_COMPLETE_ONLINE,ResidualCheapSummary-seed17,native_1000ms,1,"[{""source"": ""r004"", ""mean_gain_seconds"": 547.8437363146853}, {""source"": ""r005"", ""mean_gain_seconds"": 705.4111994126089}]",626.6274678636471,ResidualCheapSummary-seed17,ResidualCheapSummary-seed17,UNMAPPED
INTERNAL_DEVELOPMENT_COLD_CLONE_LABEL_REPLAY_NOT_COMPLETE_ONLINE,ResidualCheapSummary-seed17,native_1000ms,2,"[{""source"": ""r004"", ""mean_gain_seconds"": 834.3039525589893}, {""source"": ""r005"", ""mean_gain_seconds"": 750.0988078502754}]",792.2013802046324,ResidualCheapSummary-seed17,ResidualCheapSummary-seed17,UNMAPPED
INTERNAL_DEVELOPMENT_COLD_CLONE_LABEL_REPLAY_NOT_COMPLETE_ONLINE,ResidualCheapSummary-seed17,native_1000ms,4,"[{""source"": ""r004"", ""mean_gain_seconds"": 923.022356034653}, {""source"": ""r005"", ""mean_gain_seconds"": 751.206322993345}]",837.114339513999,ResidualCheapSummary-seed17,ResidualCheapSummary-seed17,UNMAPPED
INTERNAL_DEVELOPMENT_COLD_CLONE_LABEL_REPLAY_NOT_COMPLETE_ONLINE,ResidualCheapSummary-seed17,native_10ms,1,"[{""source"": ""r004"", ""mean_gain_seconds"": 547.8278005272963}, {""source"": ""r005"", ""mean_gain_seconds"": 705.34184378872}]",626.5848221580081,ResidualCheapSummary-seed17,ResidualCheapSummary-seed17,UNMAPPED
INTERNAL_DEVELOPMENT_COLD_CLONE_LABEL_REPLAY_NOT_COMPLETE_ONLINE,ResidualCheapSummary-seed17,native_10ms,2,"[{""source"": ""r004"", ""mean_gain_seconds"": 834.2880167716004}, {""source"": ""r005"", ""mean_gain_seconds"": 750.0294522263863}]",792.1587344989933,ResidualCheapSummary-seed17,ResidualCheapSummary-seed17,UNMAPPED
INTERNAL_DEVELOPMENT_COLD_CLONE_LABEL_REPLAY_NOT_COMPLETE_ONLINE,ResidualCheapSummary-seed17,native_10ms,4,"[{""source"": ""r004"", ""mean_gain_seconds"": 923.0064202472639}, {""source"": ""r005"", ""mean_gain_seconds"": 751.1369673694559}]",837.0716938083599,ResidualCheapSummary-seed17,ResidualCheapSummary-seed17,UNMAPPED
INTERNAL_DEVELOPMENT_COLD_CLONE_LABEL_REPLAY_NOT_COMPLETE_ONLINE,ResidualCheapSummary-seed17,native_200ms,1,"[{""source"": ""r004"", ""mean_gain_seconds"": 581.7395915564758}, {""source"": ""r005"", ""mean_gain_seconds"": 750.0988078502745}]",665.9191997033752,ResidualCheapSummary-seed17,ResidualCheapSummary-seed17,UNMAPPED
INTERNAL_DEVELOPMENT_COLD_CLONE_LABEL_REPLAY_NOT_COMPLETE_ONLINE,ResidualCheapSummary-seed17,native_200ms,2,"[{""source"": ""r004"", ""mean_gain_seconds"": 873.4631387423896}, {""source"": ""r005"", ""mean_gain_seconds"": 750.0988078502745}]",811.780973296332,ResidualCheapSummary-seed17,ResidualCheapSummary-seed17,UNMAPPED
INTERNAL_DEVELOPMENT_COLD_CLONE_LABEL_REPLAY_NOT_COMPLETE_ONLINE,ResidualCheapSummary-seed17,native_200ms,4,"[{""source"": ""r004"", ""mean_gain_seconds"": 932.0322652933888}, {""source"": ""r005"", ""mean_gain_seconds"": 751.2063229933439}]",841.6192941433663,ResidualCheapSummary-seed17,ResidualCheapSummary-seed17,UNMAPPED
INTERNAL_DEVELOPMENT_COLD_CLONE_LABEL_REPLAY_NOT_COMPLETE_ONLINE,ResidualCheapSummary-seed17,native_50ms,1,"[{""source"": ""r004"", ""mean_gain_seconds"": 547.8437363146853}, {""source"": ""r005"", ""mean_gain_seconds"": 705.4111994126089}]",626.6274678636471,ResidualCheapSummary-seed17,ResidualCheapSummary-seed17,UNMAPPED
INTERNAL_DEVELOPMENT_COLD_CLONE_LABEL_REPLAY_NOT_COMPLETE_ONLINE,ResidualCheapSummary-seed17,native_50ms,2,"[{""source"": ""r004"", ""mean_gain_seconds"": 834.3039525589893}, {""source"": ""r005"", ""mean_gain_seconds"": 750.0988078502754}]",792.2013802046324,ResidualCheapSummary-seed17,ResidualCheapSummary-seed17,UNMAPPED
INTERNAL_DEVELOPMENT_COLD_CLONE_LABEL_REPLAY_NOT_COMPLETE_ONLINE,ResidualCheapSummary-seed17,native_50ms,4,"[{""source"": ""r004"", ""mean_gain_seconds"": 923.022356034653}, {""source"": ""r005"", ""mean_gain_seconds"": 751.206322993345}]",837.114339513999,ResidualCheapSummary-seed17,ResidualCheapSummary-seed17,UNMAPPED
INTERNAL_DEVELOPMENT_COLD_CLONE_LABEL_REPLAY_NOT_COMPLETE_ONLINE,ResidualCheapSummary-seed17,pooled_workpoints,1,"[{""source"": ""r004"", ""mean_gain_seconds"": 547.8278005272963}, {""source"": ""r005"", ""mean_gain_seconds"": 705.34184378872}]",626.5848221580081,ResidualCheapSummary-seed17,ResidualCheapSummary-seed17,UNMAPPED
INTERNAL_DEVELOPMENT_COLD_CLONE_LABEL_REPLAY_NOT_COMPLETE_ONLINE,ResidualCheapSummary-seed17,pooled_workpoints,2,"[{""source"": ""r004"", ""mean_gain_seconds"": 547.8437363146853}, {""source"": ""r005"", ""mean_gain_seconds"": 705.4111994126089}]",626.6274678636471,ResidualCheapSummary-seed17,ResidualCheapSummary-seed17,UNMAPPED
INTERNAL_DEVELOPMENT_COLD_CLONE_LABEL_REPLAY_NOT_COMPLETE_ONLINE,ResidualCheapSummary-seed17,pooled_workpoints,4,"[{""source"": ""r004"", ""mean_gain_seconds"": 581.739591556476}, {""source"": ""r005"", ""mean_gain_seconds"": 750.0988078502754}]",665.9191997033756,ResidualCheapSummary-seed17,ResidualCheapSummary-seed17,UNMAPPED
INTERNAL_DEVELOPMENT_COLD_CLONE_LABEL_REPLAY_NOT_COMPLETE_ONLINE,ResidualCheapSummary-seed29,native_1000ms,1,"[{""source"": ""r004"", ""mean_gain_seconds"": 509.1486440780743}, {""source"": ""r005"", ""mean_gain_seconds"": 638.7785214793461}]",573.9635827787101,ResidualCheapSummary-seed29,ResidualCheapSummary-seed29,UNMAPPED
INTERNAL_DEVELOPMENT_COLD_CLONE_LABEL_REPLAY_NOT_COMPLETE_ONLINE,ResidualCheapSummary-seed29,native_1000ms,2,"[{""source"": ""r004"", ""mean_gain_seconds"": 811.6428729521003}, {""source"": ""r005"", ""mean_gain_seconds"": 746.4685253143726}]",779.0556991332364,ResidualCheapSummary-seed29,ResidualCheapSummary-seed29,UNMAPPED
INTERNAL_DEVELOPMENT_COLD_CLONE_LABEL_REPLAY_NOT_COMPLETE_ONLINE,ResidualCheapSummary-seed29,native_1000ms,4,"[{""source"": ""r004"", ""mean_gain_seconds"": 924.6614035681529}, {""source"": ""r005"", ""mean_gain_seconds"": 750.0988078502754}]",837.3801057092141,ResidualCheapSummary-seed29,ResidualCheapSummary-seed29,UNMAPPED
INTERNAL_DEVELOPMENT_COLD_CLONE_LABEL_REPLAY_NOT_COMPLETE_ONLINE,ResidualCheapSummary-seed29,native_10ms,1,"[{""source"": ""r004"", ""mean_gain_seconds"": 509.13270829068546}, {""source"": ""r005"", ""mean_gain_seconds"": 638.7091658554572}]",573.9209370730713,ResidualCheapSummary-seed29,ResidualCheapSummary-seed29,UNMAPPED
INTERNAL_DEVELOPMENT_COLD_CLONE_LABEL_REPLAY_NOT_COMPLETE_ONLINE,ResidualCheapSummary-seed29,native_10ms,2,"[{""source"": ""r004"", ""mean_gain_seconds"": 811.6269371647114}, {""source"": ""r005"", ""mean_gain_seconds"": 746.3991696904836}]",779.0130534275975,ResidualCheapSummary-seed29,ResidualCheapSummary-seed29,UNMAPPED
INTERNAL_DEVELOPMENT_COLD_CLONE_LABEL_REPLAY_NOT_COMPLETE_ONLINE,ResidualCheapSummary-seed29,native_10ms,4,"[{""source"": ""r004"", ""mean_gain_seconds"": 924.6454677807639}, {""source"": ""r005"", ""mean_gain_seconds"": 750.0294522263863}]",837.3374600035751,ResidualCheapSummary-seed29,ResidualCheapSummary-seed29,UNMAPPED
INTERNAL_DEVELOPMENT_COLD_CLONE_LABEL_REPLAY_NOT_COMPLETE_ONLINE,ResidualCheapSummary-seed29,native_200ms,1,"[{""source"": ""r004"", ""mean_gain_seconds"": 543.0444993198649}, {""source"": ""r005"", ""mean_gain_seconds"": 704.7550659234411}]",623.899782621653,ResidualCheapSummary-seed29,ResidualCheapSummary-seed29,UNMAPPED
INTERNAL_DEVELOPMENT_COLD_CLONE_LABEL_REPLAY_NOT_COMPLETE_ONLINE,ResidualCheapSummary-seed29,native_200ms,2,"[{""source"": ""r004"", ""mean_gain_seconds"": 850.8020591355006}, {""source"": ""r005"", ""mean_gain_seconds"": 748.6599139926078}]",799.7309865640542,ResidualCheapSummary-seed29,ResidualCheapSummary-seed29,UNMAPPED
INTERNAL_DEVELOPMENT_COLD_CLONE_LABEL_REPLAY_NOT_COMPLETE_ONLINE,ResidualCheapSummary-seed29,native_200ms,4,"[{""source"": ""r004"", ""mean_gain_seconds"": 933.6713128268889}, {""source"": ""r005"", ""mean_gain_seconds"": 750.0988078502745}]",841.8850603385818,ResidualCheapSummary-seed29,ResidualCheapSummary-seed29,UNMAPPED
INTERNAL_DEVELOPMENT_COLD_CLONE_LABEL_REPLAY_NOT_COMPLETE_ONLINE,ResidualCheapSummary-seed29,native_50ms,1,"[{""source"": ""r004"", ""mean_gain_seconds"": 509.1486440780743}, {""source"": ""r005"", ""mean_gain_seconds"": 638.7785214793461}]",573.9635827787101,ResidualCheapSummary-seed29,ResidualCheapSummary-seed29,UNMAPPED
INTERNAL_DEVELOPMENT_COLD_CLONE_LABEL_REPLAY_NOT_COMPLETE_ONLINE,ResidualCheapSummary-seed29,native_50ms,2,"[{""source"": ""r004"", ""mean_gain_seconds"": 811.6428729521003}, {""source"": ""r005"", ""mean_gain_seconds"": 746.4685253143726}]",779.0556991332364,ResidualCheapSummary-seed29,ResidualCheapSummary-seed29,UNMAPPED
INTERNAL_DEVELOPMENT_COLD_CLONE_LABEL_REPLAY_NOT_COMPLETE_ONLINE,ResidualCheapSummary-seed29,native_50ms,4,"[{""source"": ""r004"", ""mean_gain_seconds"": 924.6614035681529}, {""source"": ""r005"", ""mean_gain_seconds"": 750.0988078502754}]",837.3801057092141,ResidualCheapSummary-seed29,ResidualCheapSummary-seed29,UNMAPPED
INTERNAL_DEVELOPMENT_COLD_CLONE_LABEL_REPLAY_NOT_COMPLETE_ONLINE,ResidualCheapSummary-seed29,pooled_workpoints,1,"[{""source"": ""r004"", ""mean_gain_seconds"": 509.1486440780743}, {""source"": ""r005"", ""mean_gain_seconds"": 638.7785214793461}]",573.9635827787101,ResidualCheapSummary-seed29,ResidualCheapSummary-seed29,UNMAPPED
INTERNAL_DEVELOPMENT_COLD_CLONE_LABEL_REPLAY_NOT_COMPLETE_ONLINE,ResidualCheapSummary-seed29,pooled_workpoints,2,"[{""source"": ""r004"", ""mean_gain_seconds"": 509.1486440780743}, {""source"": ""r005"", ""mean_gain_seconds"": 638.7785214793461}]",573.9635827787101,ResidualCheapSummary-seed29,ResidualCheapSummary-seed29,UNMAPPED
INTERNAL_DEVELOPMENT_COLD_CLONE_LABEL_REPLAY_NOT_COMPLETE_ONLINE,ResidualCheapSummary-seed29,pooled_workpoints,4,"[{""source"": ""r004"", ""mean_gain_seconds"": 543.0444993198649}, {""source"": ""r005"", ""mean_gain_seconds"": 704.7550659234421}]",623.8997826216535,ResidualCheapSummary-seed29,ResidualCheapSummary-seed29,UNMAPPED
